timestamp,open,high,low,close,volume
2026-09-21T04:05:00Z,4360.88808,4360.88808,4356.39464,4356.79989,
2026-09-21T04:10:00Z,4357.64765,4361.66965,4357.64765,4361.54126,
2026-09-21T04:15:00Z,4361.27262,4363.76903,4359.2826,4363.52401,
2026-09-21T04:20:00Z,4362.81667,4365.66838,4362.30839,4364.18982,
2026-09-21T04:25:00Z,4364.22737,4365.69516,4362.85041,4363.38366,
2026-09-21T04:30:00Z,4364.25661,4364.25661,4359.00789,4361.05296,
2026-09-21T04:35:00Z,4360.04585,4362.8114,4360.04585,4361.54392,
2026-09-21T04:40:00Z,4361.67097,4363.19211,4361.55858,4363.08695,
2026-09-21T04:45:00Z,4362.92447,4363.63624,4361.25422,4361.86324,
2026-09-21T04:50:00Z,4361.68357,4361.68357,4358.60088,4358.81499,
2026-09-21T04:55:00Z,4359.1202,4359.95814,4355.78012,4356.18209,
2026-09-21T05:00:00Z,4356.82874,4357.29847,4355.21101,4357.18568,
2026-09-21T05:05:00Z,4357.11415,4357.9299,4355.02134,4355.55237,
2026-09-21T05:10:00Z,4355.30799,4355.96437,4353.64346,4355.83624,
2026-09-21T05:15:00Z,4355.41532,4357.23478,4354.26282,4355.49699,
2026-09-21T05:20:00Z,4355.16669,4361.099,4355.16669,4360.81186,
2026-09-21T05:25:00Z,4360.18525,4360.5285,4357.48834,4357.77055,
2026-09-21T05:30:00Z,4358.28354,4364.60998,4354.45243,4355.16911,
2026-09-21T05:35:00Z,4356.52488,4357.29847,4352.74658,4357.18141,
2026-09-21T05:40:00Z,4356.82331,4358.54969,4354.45243,4354.70971,
2026-09-21T05:45:00Z,4354.87896,4356.40713,4351.9563,4352.07764,
2026-09-21T05:50:00Z,4352.22209,4356.34938,4351.2314,4355.96647,
2026-09-21T05:55:00Z,4355.18819,4355.42985,4352.99103,4354.05446,
2026-09-21T06:00:00Z,4354.04991,4354.04991,4350.9227,4351.47035,
2026-09-21T06:05:00Z,4352.26347,4354.75799,4350.0957,4352.97492,
2026-09-21T06:10:00Z,4353.04612,4355.50424,4351.98886,4352.23556,
2026-09-21T06:15:00Z,4352.90419,4354.15605,4350.28494,4350.59681,
2026-09-21T06:20:00Z,4351.00399,4351.6101,4348.70954,4348.89836,
2026-09-21T06:25:00Z,4349.22138,4349.22138,4346.50324,4348.66069,
2026-09-21T06:30:00Z,4348.39668,4349.88521,4347.63706,4349.50969,
2026-09-21T06:35:00Z,4348.54526,4351.63583,4348.54526,4351.61935,
2026-09-21T06:40:00Z,4351.54315,4354.45243,4350.61918,4351.6588,
2026-09-21T06:45:00Z,4352.06875,4355.02134,4351.6101,4354.87899,
2026-09-21T06:50:00Z,4354.57821,4354.57821,4350.66348,4352.39906,
2026-09-21T06:55:00Z,4352.5011,4354.26282,4351.83315,4353.5305,
2026-09-21T07:00:00Z,4353.56486,4354.64205,4345.74769,4354.11844,
2026-09-21T07:05:00Z,4352.90649,4356.01693,4352.28649,4353.07163,
2026-09-21T07:10:00Z,4354.12118,4354.12118,4343.84948,4345.22044,
2026-09-21T07:15:00Z,4347.13218,4355.5904,4347.13218,4353.29753,
2026-09-21T07:20:00Z,4353.79588,4355.33753,4351.42074,4352.14647,
2026-09-21T07:25:00Z,4352.06176,4352.06176,4347.3809,4351.29114,
2026-09-21T07:30:00Z,4350.7144,4352.55054,4349.90648,4352.12302,
2026-09-21T07:35:00Z,4351.43301,4355.4007,4351.11358,4355.13833,
2026-09-21T07:40:00Z,4354.85695,4354.85695,4344.61485,4344.97726,
2026-09-21T07:45:00Z,4345.60037,4348.9606,4344.9924,4348.3346,
2026-09-21T07:50:00Z,4348.19297,4349.28708,4347.22049,4348.10627,
2026-09-21T07:55:00Z,4348.50749,4348.9606,4344.85009,4345.20862,
2026-09-21T08:00:00Z,4345.89579,4347.64352,4344.4261,4346.07655,
2026-09-21T08:05:00Z,4345.97314,4351.80975,4345.97314,4348.21371,
2026-09-21T08:10:00Z,4349.26628,4352.93606,4347.07007,4351.31166,
2026-09-21T08:15:00Z,4351.51981,4354.26282,4350.85277,4353.3555,
2026-09-21T08:20:00Z,4353.41593,4354.88263,4353.09422,4354.72417,
2026-09-21T08:25:00Z,4354.29713,4355.21714,4354.29713,4354.40479,
2026-09-21T08:30:00Z,4354.56313,4356.15961,4350.12174,4356.05965,
2026-09-21T08:35:00Z,4355.79457,4356.39708,4354.31451,4354.61141,
2026-09-21T08:40:00Z,4355.35126,4357.56999,4353.82273,4356.75394,
2026-09-21T08:45:00Z,4356.49477,4356.96629,4355.02134,4355.11048,
2026-09-21T08:50:00Z,4355.02194,4356.53917,4353.32568,4353.51099,
2026-09-21T08:55:00Z,4353.77704,4354.57677,4350.0957,4353.36606,
2026-09-21T09:00:00Z,4352.98733,4353.88366,4351.6101,4351.65564,
2026-09-21T09:05:00Z,4351.71407,4353.69411,4349.83729,4353.59898,
2026-09-21T09:10:00Z,4353.42977,4353.81055,4352.93606,4352.96603,
2026-09-21T09:15:00Z,4353.17038,4354.8076,4352.39581,4352.92975,
2026-09-21T09:20:00Z,4354.10067,4354.10067,4351.79947,4352.52032,
2026-09-21T09:25:00Z,4353.24953,4353.24953,4348.291,4348.95991,
2026-09-21T09:30:00Z,4350.28636,4350.28636,4341.97386,4342.11906,
2026-09-21T09:35:00Z,4342.42479,4344.04865,4339.78562,4343.15938,
2026-09-21T09:40:00Z,4343.31122,4346.64137,4342.04559,4344.50628,
2026-09-21T09:45:00Z,4345.30815,4348.77147,4345.27151,4345.66633,
2026-09-21T09:50:00Z,4346.33264,4346.33264,4344.04865,4344.29527,
2026-09-21T09:55:00Z,4344.63257,4348.67061,4343.85995,4345.71863,
2026-09-21T10:00:00Z,4344.67759,4349.52808,4344.37822,4349.37369,
2026-09-21T10:05:00Z,4349.00738,4352.36769,4348.93575,4351.07223,
2026-09-21T10:10:00Z,4351.27297,4352.41148,4350.66348,4352.28701,
2026-09-21T10:15:00Z,4352.21087,4356.9944,4350.4514,4354.33996,
2026-09-21T10:20:00Z,4354.97209,4354.97209,4351.6101,4351.6381,
2026-09-21T10:25:00Z,4351.70471,4352.36769,4351.04207,4351.64875,
2026-09-21T10:30:00Z,4351.61935,4351.79947,4350.4742,4351.02538,
2026-09-21T10:35:00Z,4351.26137,4351.26137,4348.39327,4348.50113,
2026-09-21T10:40:00Z,4348.77178,4349.68384,4348.20419,4349.57386,
2026-09-21T10:45:00Z,4349.36217,4350.4742,4348.20419,4349.13393,
2026-09-21T10:50:00Z,4349.55042,4349.63356,4347.82609,4347.85809,
2026-09-21T10:55:00Z,4347.90035,4348.33614,4344.53516,4345.10687,
2026-09-21T11:00:00Z,4345.9746,4345.9746,4341.97386,4342.97522,
2026-09-21T11:05:00Z,4343.34221,4346.31433,4343.34221,4344.29701,
2026-09-21T11:10:00Z,4344.38969,4347.99438,4344.38969,4347.72849,
2026-09-21T11:15:00Z,4347.37396,4354.09955,4347.37396,4353.81159,
2026-09-21T11:20:00Z,4353.10619,4355.02134,4353.10619,4353.47763,
2026-09-21T11:25:00Z,4354.10121,4354.23731,4352.74658,4354.08056,
2026-09-21T11:30:00Z,4353.83306,4358.05805,4351.59276,4355.80347,
2026-09-21T11:35:00Z,4355.96957,4360.85932,4355.96957,4360.74096,
2026-09-21T11:40:00Z,4360.45816,4365.60736,4360.45816,4364.88467,
2026-09-21T11:45:00Z,4363.67011,4367.73755,4363.67011,4365.45157,
2026-09-21T11:50:00Z,4365.87008,4370.18556,4365.87008,4369.76936,
2026-09-21T11:55:00Z,4368.70673,4371.75282,4366.43088,4368.38378,
2026-09-21T12:00:00Z,4368.00304,4369.0336,4364.90615,4368.40819,
2026-09-21T12:05:00Z,4367.2184,4373.68789,4367.2184,4368.76377,
2026-09-21T12:10:00Z,4369.15845,4369.62267,4366.62154,4369.38144,
2026-09-21T12:15:00Z,4368.83121,4369.86541,4368.50738,4369.42725,
2026-09-21T12:20:00Z,4369.19524,4371.03297,4357.83658,4359.89545,
2026-09-21T12:25:00Z,4359.42871,4359.92691,4351.98886,4352.27667,
2026-09-21T12:30:00Z,4352.94007,4358.42851,4352.94007,4358.21728,
2026-09-21T12:35:00Z,4357.82345,4357.82345,4351.42074,4354.72609,
2026-09-21T12:40:00Z,4353.6048,4360.71865,4353.6048,4360.5498,
2026-09-21T12:45:00Z,4360.16838,4363.95374,4355.4007,4358.18119,
2026-09-21T12:50:00Z,4357.62969,4360.36868,4357.00492,4359.80102,
2026-09-21T12:55:00Z,4358.81499,4362.05016,4354.64205,4361.45334,
2026-09-21T13:00:00Z,4360.23263,4360.5285,4357.22695,4357.64552,
2026-09-21T13:05:00Z,4358.33456,4363.3086,4356.34938,4362.51959,
2026-09-21T13:10:00Z,4360.51991,4364.14419,4360.51991,4363.86517,
2026-09-21T13:15:00Z,4363.65209,4364.07497,4361.2892,4363.09651,
2026-09-21T13:20:00Z,4362.80372,4365.55738,4361.66965,4364.97907,
2026-09-21T13:25:00Z,4364.14769,4366.24023,4363.57289,4364.85682,
2026-09-21T13:30:00Z,4364.74393,4364.74393,4353.31505,4353.84655,
2026-09-21T13:35:00Z,4354.88084,4356.34938,4352.74658,4353.7034,
2026-09-21T13:40:00Z,4354.88576,4355.02134,4349.71727,4349.91936,
2026-09-21T13:45:00Z,4350.74583,4355.39063,4350.21956,4351.67288,
2026-09-21T13:50:00Z,4352.45906,4355.5904,4349.52257,4349.90604,
2026-09-21T13:55:00Z,4350.41034,4350.51901,4347.82609,4348.33077,
2026-09-21T14:00:00Z,4349.04204,4349.04204,4328.58632,4331.00403,
2026-09-21T14:05:00Z,4335.17465,4335.17465,4321.23191,4334.13922,
2026-09-21T14:10:00Z,4332.87679,4339.99084,4332.87679,4339.76237,
2026-09-21T14:15:00Z,4339.09177,4341.15309,4336.88958,4336.99243,
2026-09-21T14:20:00Z,4337.23101,4338.77126,4332.76056,4336.52111,
2026-09-21T14:25:00Z,4336.71753,4342.28709,4336.71753,4341.70747,
2026-09-21T14:30:00Z,4340.87305,4343.20784,4338.55397,4341.93391,
2026-09-21T14:35:00Z,4341.39853,4341.39853,4335.57338,4336.90106,
2026-09-21T14:40:00Z,4336.77846,4338.30768,4334.2999,4335.04679,
2026-09-21T14:45:00Z,4336.12637,4341.86659,4331.98995,4340.9585,
2026-09-21T14:50:00Z,4339.06232,4341.92965,4335.00954,4341.69574,
2026-09-21T14:55:00Z,4341.30638,4342.39281,4337.26579,4337.33383,
2026-09-21T15:00:00Z,4337.58826,4345.74769,4337.58826,4345.47458,
2026-09-21T15:05:00Z,4344.93409,4348.86482,4344.39374,4348.56523,
2026-09-21T15:10:00Z,4348.11509,4350.5379,4348.11509,4349.33376,
2026-09-21T15:15:00Z,4349.08982,4351.2314,4349.08982,4351.0995,
2026-09-21T15:20:00Z,4350.87178,4351.29539,4349.14974,4350.87446,
2026-09-21T15:25:00Z,4350.49831,4352.60928,4350.4742,4350.72398,
2026-09-21T15:30:00Z,4350.59601,4353.97845,4350.38746,4353.62194,
2026-09-21T15:35:00Z,4352.85675,4354.45243,4350.4742,4350.83746,
2026-09-21T15:40:00Z,4351.39003,4351.39003,4348.9606,4349.46148,
2026-09-21T15:45:00Z,4349.38335,4351.04207,4348.07984,4348.91645,
2026-09-21T15:50:00Z,4349.41255,4350.28494,4346.88111,4347.04578,
2026-09-21T15:55:00Z,4347.38268,4350.614,4347.38268,4347.73345,
2026-09-21T16:00:00Z,4347.84419,4350.85277,4345.55884,4350.44109,
2026-09-21T16:05:00Z,4349.4715,4353.31505,4348.26144,4352.68458,
2026-09-21T16:10:00Z,4352.52632,4356.0151,4350.60407,4351.93345,
2026-09-21T16:15:00Z,4353.45599,4355.49349,4350.0957,4355.10861,
2026-09-21T16:20:00Z,4354.21012,4356.72897,4351.15592,4351.61083,
2026-09-21T16:25:00Z,4352.49877,4352.49877,4349.12372,4351.06908,
2026-09-21T16:30:00Z,4350.7235,4352.55713,4350.0957,4352.35917,
2026-09-21T16:35:00Z,4351.95732,4351.95732,4349.14974,4350.58233,
2026-09-21T16:40:00Z,4350.4008,4350.4008,4345.2198,4345.72714,
2026-09-21T16:45:00Z,4346.67101,4346.67101,4343.4826,4345.66431,
2026-09-21T16:50:00Z,4345.39393,4346.69217,4343.85995,4343.94807,
2026-09-21T16:55:00Z,4344.10629,4344.84369,4343.8351,4343.93111,
2026-09-21T17:00:00Z,4344.07681,4344.13692,4342.53952,4344.03692,
2026-09-21T17:05:00Z,4343.82452,4345.16803,4342.58404,4345.10304,
2026-09-21T17:10:00Z,4344.82156,4347.12287,4344.63696,4346.95883,
2026-09-21T17:15:00Z,4346.6558,4346.6558,4343.35738,4343.60158,
2026-09-21T17:20:00Z,4344.05465,4344.05465,4341.59684,4343.22421,
2026-09-21T17:25:00Z,4343.06011,4345.46919,4341.5578,4344.72881,
2026-09-21T17:30:00Z,4342.84716,4347.85365,4339.32291,4339.66811,
2026-09-21T17:35:00Z,4340.30488,4340.30488,4338.12973,4338.24152,
2026-09-21T17:40:00Z,4338.59234,4342.63445,4338.59234,4340.79158,
2026-09-21T17:45:00Z,4341.00058,4343.21007,4339.12021,4343.01682,
2026-09-21T17:50:00Z,4342.72733,4344.9924,4342.72733,4344.90399,
2026-09-21T17:55:00Z,4344.74659,4345.55884,4344.04865,4345.10327,
2026-09-21T18:00:00Z,4344.98527,4345.74769,4344.40896,4345.69134,
2026-09-21T18:05:00Z,4345.54955,4350.66348,4344.92289,4350.49212,
2026-09-21T18:10:00Z,4350.14556,4350.4742,4349.14974,4350.38413,
2026-09-21T18:15:00Z,4350.23096,4352.36769,4349.62757,4351.6207,
2026-09-21T18:20:00Z,4351.68934,4351.8622,4350.45841,4351.36088,
2026-09-21T18:25:00Z,4351.11112,4351.11112,4348.9606,4350.52468,
2026-09-21T18:30:00Z,4349.7847,4351.86409,4349.7847,4350.0398,
2026-09-21T18:35:00Z,4350.23156,4350.76073,4346.69217,4347.29106,
2026-09-21T18:40:00Z,4347.31596,4347.71484,4346.31433,4346.92136,
2026-09-21T18:45:00Z,4346.80383,4347.83919,4346.73943,4347.79167,
2026-09-21T18:50:00Z,4347.71064,4348.77147,4347.55307,4348.57681,
2026-09-21T18:55:00Z,4348.51335,4348.51335,4346.50324,4346.61043,
2026-09-21T19:00:00Z,4346.76607,4347.18858,4342.59797,4342.99363,
2026-09-21T19:05:00Z,4343.69164,4345.11587,4342.1624,4344.71678,
2026-09-21T19:10:00Z,4343.75659,4346.40674,4343.75659,4346.23149,
2026-09-21T19:15:00Z,4345.80255,4346.50324,4344.9924,4345.26112,
2026-09-21T19:20:00Z,4345.46903,4346.88111,4344.51074,4346.74816,
2026-09-21T19:25:00Z,4346.52723,4351.04207,4345.74769,4350.66914,
2026-09-21T19:30:00Z,4349.94943,4352.66758,4348.32163,4352.45955,
2026-09-21T19:35:00Z,4351.98501,4352.98075,4351.23854,4351.49672,
2026-09-21T19:40:00Z,4352.13343,4353.12554,4348.28196,4348.47045,
2026-09-21T19:45:00Z,4348.72719,4348.83693,4346.39702,4346.64015,
2026-09-21T19:50:00Z,4347.10295,4347.10295,4345.18119,4345.26008,
2026-09-21T19:55:00Z,4345.41214,4346.12543,4345.37001,4346.07335,
2026-09-21T20:00:00Z,4345.89122,4346.39938,4341.40835,4342.913,
2026-09-21T20:05:00Z,4342.63218,4343.96395,4342.63218,4343.38537,
2026-09-21T20:10:00Z,4343.51869,4343.78802,4342.11415,4342.32296,
2026-09-21T20:15:00Z,4342.70444,4342.70444,4340.27778,4340.758,
2026-09-21T20:20:00Z,4340.64976,4341.84403,4340.63408,4341.10646,
2026-09-21T20:25:00Z,4341.34054,4341.73037,4340.46617,4341.62294,
2026-09-21T20:30:00Z,4341.48056,4341.48056,4339.59818,4340.32415,
2026-09-21T20:35:00Z,4340.16203,4342.1624,4340.05277,4342.08118,
2026-09-21T20:40:00Z,4341.85351,4342.9167,4341.85351,4341.98535,
2026-09-21T20:45:00Z,4342.01264,4342.29021,4340.84299,4341.57041,
2026-09-21T20:50:00Z,4341.31256,4343.85995,4341.31256,4343.79451,
2026-09-21T20:55:00Z,4343.68285,4343.89563,4343.53045,4343.80964,
2026-09-21T21:00:00Z,4343.72131,4343.72131,4343.29395,4343.34696,
2026-09-21T21:05:00Z,4343.40313,4343.49206,4343.26536,4343.47193,
2026-09-21T21:10:00Z,4343.44387,4343.68817,4343.10532,4343.31667,
2026-09-21T21:15:00Z,4343.32923,4343.37784,4343.08721,4343.31222,
2026-09-21T21:20:00Z,4343.22525,4343.51687,4343.09988,4343.29949,
2026-09-21T21:25:00Z,4343.28828,4343.7067,4343.28828,4343.41148,
2026-09-21T21:30:00Z,4343.44855,4343.63577,4343.42572,4343.5805,
2026-09-21T21:35:00Z,4343.51838,4343.73556,4343.44443,4343.64725,
2026-09-21T21:40:00Z,4343.5587,4343.57796,4343.10532,4343.14746,
2026-09-21T21:45:00Z,4343.20292,4343.20292,4342.7281,4342.75068,
2026-09-21T21:50:00Z,4342.787,4343.69452,4342.40852,4343.51828,
2026-09-21T21:55:00Z,4343.46319,4343.46319,4342.1624,4342.27584,
2026-09-21T22:00:00Z,4342.29956,4349.3389,4338.55337,4348.29319,
2026-09-21T22:05:00Z,4348.19814,4350.4742,4345.72209,4350.15514,
2026-09-21T22:10:00Z,4349.59168,4350.21352,4349.27527,4350.10616,
2026-09-21T22:15:00Z,4350.08407,4352.17827,4349.32595,4351.99476,
2026-09-21T22:20:00Z,4351.68993,4352.55713,4351.42074,4351.48813,
2026-09-21T22:25:00Z,4351.45083,4352.35943,4350.62748,4352.04926,
2026-09-21T22:30:00Z,4351.51545,4353.12841,4351.51545,4352.06548,
2026-09-21T22:35:00Z,4351.98653,4352.36769,4351.77807,4352.32421,
2026-09-21T22:40:00Z,4352.21532,4353.12554,4351.79947,4352.8602,
2026-09-21T22:45:00Z,4352.77537,4359.46948,4352.655,4359.03369,
2026-09-21T22:50:00Z,4357.87037,4362.24045,4357.87037,4362.17781,
2026-09-21T22:55:00Z,4361.99652,4364.71564,4361.94526,4364.68662,
2026-09-21T23:00:00Z,4364.92037,4365.4778,4361.66965,4365.25721,
2026-09-21T23:05:00Z,4364.77791,4365.85898,4363.57289,4363.93772,
2026-09-21T23:10:00Z,4363.76584,4365.4778,4360.93336,4361.62211,
2026-09-21T23:15:00Z,4363.18378,4364.33466,4359.81468,4362.43362,
2026-09-21T23:20:00Z,4363.08676,4363.08676,4359.95814,4361.17708,
2026-09-21T23:25:00Z,4361.42191,4363.57342,4358.6279,4360.35571,
2026-09-21T23:30:00Z,4360.16549,4361.47941,4358.24798,4360.54624,
2026-09-21T23:35:00Z,4360.07207,4365.66838,4357.9361,4363.30269,
2026-09-21T23:40:00Z,4363.43508,4370.05637,4359.62682,4366.86588,
2026-09-21T23:45:00Z,4367.02407,4370.05637,4365.31977,4369.69223,
2026-09-21T23:50:00Z,4368.93722,4370.07377,4364.52514,4365.93424,
2026-09-21T23:55:00Z,4365.69762,4370.8204,4365.66838,4370.46169,
2026-09-22T00:00:00Z,4369.76915,4375.41019,4364.76167,4372.92604,
2026-09-22T00:05:00Z,4373.03144,4373.0987,4370.8204,4371.02859,
2026-09-22T00:10:00Z,4371.07758,4373.68789,4370.43835,4371.50006,
2026-09-22T00:15:00Z,4371.33593,4374.77222,4359.38794,4359.89793,
2026-09-22T00:20:00Z,4360.76631,4362.8114,4358.72683,4362.45365,
2026-09-22T00:25:00Z,4361.7383,4362.47863,4358.55325,4358.71506,
2026-09-22T00:30:00Z,4358.98872,4358.98872,4357.67823,4357.71358,
2026-09-22T00:35:00Z,4357.79131,4359.37245,4353.32577,4354.01177,
2026-09-22T00:40:00Z,4354.92088,4356.63213,4348.3602,4352.88956,
2026-09-22T00:45:00Z,4351.75901,4356.91879,4351.75901,4355.56171,
2026-09-22T00:50:00Z,4355.66457,4359.76806,4355.32376,4358.85988,
2026-09-22T00:55:00Z,4358.61407,4360.38903,4357.86813,4358.05169,
2026-09-22T01:00:00Z,4358.4185,4362.43075,4356.24478,4361.89196,
2026-09-22T01:05:00Z,4360.92426,4363.95374,4360.33836,4363.74261,
2026-09-22T01:10:00Z,4363.29894,4365.5603,4354.64172,4355.14175,
2026-09-22T01:15:00Z,4356.19794,4356.19794,4349.84625,4353.44228,
2026-09-22T01:20:00Z,4352.89181,4356.73974,4350.87436,4355.80037,
2026-09-22T01:25:00Z,4354.15082,4358.8435,4354.15082,4355.25148,
2026-09-22T01:30:00Z,4355.30282,4355.5904,4352.30689,4352.71877,
2026-09-22T01:35:00Z,4353.12372,4355.78012,4353.12372,4355.23987,
2026-09-22T01:40:00Z,4355.26268,4355.96986,4352.64785,4352.96696,
2026-09-22T01:45:00Z,4353.61466,4353.61466,4345.79164,4346.20084,
2026-09-22T01:50:00Z,4346.89476,4348.01513,4344.34382,4347.23816,
2026-09-22T01:55:00Z,4347.17119,4349.21776,4346.69217,4348.22262,
2026-09-22T02:00:00Z,4348.45896,4351.63446,4348.45896,4348.79009,
2026-09-22T02:05:00Z,4349.2827,4351.2314,4344.23737,4344.54417,
2026-09-22T02:10:00Z,4344.95536,4345.46757,4342.1624,4342.79508,
2026-09-22T02:15:00Z,4343.00293,4343.52248,4341.01546,4343.07005,
2026-09-22T02:20:00Z,4342.09825,4347.82609,4342.09825,4347.72632,
2026-09-22T02:25:00Z,4347.50279,4352.15407,4347.50279,4351.59539,
2026-09-22T02:30:00Z,4350.68871,4354.90925,4349.52808,4354.41947,
2026-09-22T02:35:00Z,4353.27327,4355.77888,4353.27327,4353.80078,
2026-09-22T02:40:00Z,4354.03949,4354.7802,4348.49546,4348.6279,
2026-09-22T02:45:00Z,4348.82089,4349.07123,4343.67127,4345.65071,
2026-09-22T02:50:00Z,4345.02471,4346.69217,4342.9167,4343.26096,
2026-09-22T02:55:00Z,4343.49911,4345.18119,4341.03143,4344.12468,
2026-09-22T03:00:00Z,4343.90066,4345.37925,4342.41986,4343.45551,
2026-09-22T03:05:00Z,4343.71902,4343.99255,4340.77222,4341.16342,
2026-09-22T03:10:00Z,4341.94564,4344.6418,4340.41174,4344.37486,
2026-09-22T03:15:00Z,4343.81981,4346.91416,4343.81981,4344.80718,
2026-09-22T03:20:00Z,4345.62977,4345.74769,4342.79311,4343.00445,
2026-09-22T03:25:00Z,4343.28878,4346.17359,4342.1624,4345.91589,
2026-09-22T03:30:00Z,4345.48377,4348.20419,4345.18119,4347.9928,
2026-09-22T03:35:00Z,4347.55452,4347.55452,4346.12543,4346.16827,
2026-09-22T03:40:00Z,4346.46624,4348.01513,4342.63184,4343.39319,
2026-09-22T03:45:00Z,4344.51769,4344.54683,4341.21988,4342.99765,
2026-09-22T03:50:00Z,4342.42356,4344.4261,4341.65834,4342.05655,
2026-09-22T03:55:00Z,4342.73539,4343.10532,4341.21988,4342.34512,
2026-09-22T04:00:00Z,4342.43694,4342.77377,4336.7015,4336.80071,
2026-09-22T04:05:00Z,4336.96615,4337.83022,4336.7015,4337.78322,
2026-09-22T04:10:00Z,4337.69583,4339.71271,4336.3254,4339.64888,
2026-09-22T04:15:00Z,4339.56601,4339.56601,4336.7015,4336.76423,
2026-09-22T04:20:00Z,4336.86876,4339.71271,4336.13783,4338.27963,
2026-09-22T04:25:00Z,4338.39202,4338.6585,4337.07768,4337.54396,
2026-09-22T04:30:00Z,4337.70308,4337.83022,4337.07768,4337.17109,
2026-09-22T04:35:00Z,4337.23381,4341.0635,4337.06448,4340.9181,
2026-09-22T04:40:00Z,4340.68662,4341.21988,4338.77126,4340.00467,
2026-09-22T04:45:00Z,4340.06118,4341.16073,4339.14779,4339.31078,
2026-09-22T04:50:00Z,4339.62477,4342.53952,4339.52439,4342.42848,
2026-09-22T04:55:00Z,4342.15973,4343.29395,4341.97386,4343.17872,
2026-09-22T05:00:00Z,4342.94211,4344.04865,4341.2556,4343.93759,
2026-09-22T05:05:00Z,4343.64927,4347.07007,4342.53952,4346.82733,
2026-09-22T05:10:00Z,4346.37825,4347.25905,4345.5728,4346.49288,
2026-09-22T05:15:00Z,4346.6572,4347.74437,4341.33163,4342.38861,
2026-09-22T05:20:00Z,4343.9905,4343.9905,4332.00485,4332.44893,
2026-09-22T05:25:00Z,4333.16791,4333.28781,4325.28455,4332.20537,
2026-09-22T05:30:00Z,4331.67154,4336.40774,4323.01574,4330.06942,
2026-09-22T05:35:00Z,4329.29803,4330.69161,4317.41646,4318.44093,
2026-09-22T05:40:00Z,4319.00683,4325.4466,4319.00683,4324.99918,
2026-09-22T05:45:00Z,4325.28696,4330.51767,4321.52118,4329.914,
2026-09-22T05:50:00Z,4328.43653,4334.47567,4328.43653,4330.0089,
2026-09-22T05:55:00Z,4331.52613,4331.52613,4324.88539,4325.13931,
2026-09-22T06:00:00Z,4325.37699,4325.37699,4320.02765,4323.30775,
2026-09-22T06:05:00Z,4322.31927,4322.31927,4315.7395,4316.12528,
2026-09-22T06:10:00Z,4316.57379,4320.02765,4315.55325,4319.15846,
2026-09-22T06:15:00Z,4317.84356,4320.4811,4317.84356,4320.14403,
2026-09-22T06:20:00Z,4319.88348,4319.88348,4316.48465,4319.03332,
2026-09-22T06:25:00Z,4318.77277,4320.77428,4317.22632,4318.9375,
2026-09-22T06:30:00Z,4319.4826,4319.84103,4318.16219,4319.66903,
2026-09-22T06:35:00Z,4319.45028,4319.84103,4318.16219,4319.69143,
2026-09-22T06:40:00Z,4319.29796,4321.08527,4317.97573,4318.71388,
2026-09-22T06:45:00Z,4319.31742,4321.52118,4318.16219,4321.03515,
2026-09-22T06:50:00Z,4320.56292,4321.52118,4318.33824,4318.8203,
2026-09-22T06:55:00Z,4319.82306,4319.82306,4316.48465,4318.97356,
2026-09-22T07:00:00Z,4318.30102,4320.24211,4318.30102,4320.18669,
2026-09-22T07:05:00Z,4320.08749,4320.90269,4315.92577,4318.92973,
2026-09-22T07:10:00Z,4318.18864,4322.96798,4318.17958,4320.41934,
2026-09-22T07:15:00Z,4321.35475,4324.42834,4319.14889,4324.18034,
2026-09-22T07:20:00Z,4323.84252,4325.71038,4322.08151,4322.25291,
2026-09-22T07:25:00Z,4322.49964,4323.30619,4317.31687,4318.31864,
2026-09-22T07:30:00Z,4320.60394,4320.60394,4309.12459,4309.50498,
2026-09-22T07:35:00Z,4310.24023,4314.24997,4310.24023,4313.37053,
2026-09-22T07:40:00Z,4313.33731,4313.34548,4309.78753,4310.02139,
2026-09-22T07:45:00Z,4310.39708,4317.77001,4308.81314,4312.75053,
2026-09-22T07:50:00Z,4313.40617,4313.40617,4302.74085,4302.99887,
2026-09-22T07:55:00Z,4303.12863,4304.75546,4299.78071,4301.35329,
2026-09-22T08:00:00Z,4300.72142,4305.33431,4298.33064,4302.7382,
2026-09-22T08:05:00Z,4302.79055,4312.3895,4302.38424,4311.73733,
2026-09-22T08:10:00Z,4310.49214,4311.81875,4306.95734,4310.51762,
2026-09-22T08:15:00Z,4311.11933,4311.11933,4301.16167,4303.52044,
2026-09-22T08:20:00Z,4303.20773,4304.7005,4301.63032,4301.93932,
2026-09-22T08:25:00Z,4302.23577,4304.53094,4300.38663,4301.2778,
2026-09-22T08:30:00Z,4303.10617,4303.10617,4292.39816,4292.94943,
2026-09-22T08:35:00Z,4293.73462,4308.11978,4290.38053,4307.86602,
2026-09-22T08:40:00Z,4307.17328,4321.89472,4305.52185,4321.47819,
2026-09-22T08:45:00Z,4320.51442,4322.13717,4316.29834,4321.59797,
2026-09-22T08:50:00Z,4320.79522,4333.50667,4320.79522,4333.36067,
2026-09-22T08:55:00Z,4333.0221,4334.44584,4327.8802,4328.5707,
2026-09-22T09:00:00Z,4329.97887,4331.46824,4320.39462,4321.47815,
2026-09-22T09:05:00Z,4323.07442,4323.07442,4317.97573,4321.13681,
2026-09-22T09:10:00Z,4321.02616,4321.38119,4317.78929,4318.08896,
2026-09-22T09:15:00Z,4318.41486,4322.08151,4317.41646,4318.79801,
2026-09-22T09:20:00Z,4319.72403,4319.72403,4316.5991,4318.24054,
2026-09-22T09:25:00Z,4318.42403,4319.41051,4315.36702,4315.7881,
2026-09-22T09:30:00Z,4315.88345,4318.31653,4314.06385,4314.36741,
2026-09-22T09:35:00Z,4314.88655,4316.11205,4312.28227,4315.76626,
2026-09-22T09:40:00Z,4315.55368,4320.21428,4314.64113,4319.79152,
2026-09-22T09:45:00Z,4319.19205,4322.82886,4319.19205,4321.782,
2026-09-22T09:50:00Z,4321.92358,4331.42347,4320.63862,4330.75808,
2026-09-22T09:55:00Z,4329.34449,4336.8319,4325.29015,4335.21966,
2026-09-22T10:00:00Z,4333.04109,4339.09096,4332.00485,4336.50809,
2026-09-22T10:05:00Z,4335.05696,4338.39479,4333.29161,4336.08915,
2026-09-22T10:10:00Z,4335.87017,4335.87017,4330.12904,4330.47446,
2026-09-22T10:15:00Z,4331.07025,4332.6329,4329.71117,4330.0094,
2026-09-22T10:20:00Z,4330.51258,4330.69128,4329.00433,4330.50381,
2026-09-22T10:25:00Z,4330.07369,4331.06674,4328.81693,4330.64753,
2026-09-22T10:30:00Z,4330.56346,4330.70415,4328.66913,4328.97976,
2026-09-22T10:35:00Z,4329.44271,4332.19252,4327.8802,4331.95247,
2026-09-22T10:40:00Z,4331.37462,4333.69447,4329.76739,4333.61139,
2026-09-22T10:45:00Z,4333.24808,4333.39309,4327.20405,4327.34306,
2026-09-22T10:50:00Z,4327.73005,4329.56661,4327.73005,4329.42855,
2026-09-22T10:55:00Z,4329.20438,4329.20438,4324.3448,4324.57159,
2026-09-22T11:00:00Z,4324.88074,4325.56987,4318.53515,4318.81467,
2026-09-22T11:05:00Z,4319.29479,4319.46784,4314.41114,4315.43263,
2026-09-22T11:10:00Z,4317.08408,4317.08408,4310.15904,4313.20049,
2026-09-22T11:15:00Z,4313.02231,4318.54416,4313.02231,4314.55795,
2026-09-22T11:20:00Z,4316.06287,4316.31087,4312.76146,4315.92897,
2026-09-22T11:25:00Z,4315.03761,4318.16219,4315.03761,4316.71719,
2026-09-22T11:30:00Z,4316.79357,4319.89447,4315.43068,4315.97918,
2026-09-22T11:35:00Z,4317.05973,4317.22081,4314.4361,4314.70498,
2026-09-22T11:40:00Z,4314.83284,4320.40093,4314.83284,4318.47429,
2026-09-22T11:45:00Z,4319.36128,4320.96098,4317.41646,4320.68348,
2026-09-22T11:50:00Z,4320.12515,4321.69603,4319.2477,4321.28951,
2026-09-22T11:55:00Z,4320.57907,4323.20263,4318.72166,4321.69918,
2026-09-22T12:00:00Z,4321.96207,4326.19511,4320.29319,4325.90402,
2026-09-22T12:05:00Z,4325.36889,4326.19511,4323.58487,4323.77085,
2026-09-22T12:10:00Z,4324.08041,4324.08041,4321.39507,4322.39298,
2026-09-22T12:15:00Z,4322.86654,4326.30646,4322.6398,4325.73933,
2026-09-22T12:20:00Z,4324.8691,4340.74574,4324.8691,4340.01878,
2026-09-22T12:25:00Z,4338.79138,4341.59684,4332.00485,4335.02153,
2026-09-22T12:30:00Z,4334.59061,4344.4261,4334.59061,4338.82612,
2026-09-22T12:35:00Z,4339.76271,4342.35095,4338.20659,4339.96717,
2026-09-22T12:40:00Z,4339.69145,4340.8434,4335.42909,4336.93223,
2026-09-22T12:45:00Z,4340.06116,4340.06116,4331.62956,4334.0085,
2026-09-22T12:50:00Z,4333.84118,4334.63372,4331.8172,4333.1826,
2026-09-22T12:55:00Z,4332.11788,4337.07565,4331.41262,4336.87522,
2026-09-22T13:00:00Z,4336.77719,4337.26579,4331.33907,4335.35122,
2026-09-22T13:05:00Z,4335.53824,4339.63012,4332.56791,4338.8007,
2026-09-22T13:10:00Z,4337.24639,4342.38143,4337.24639,4340.39123,
2026-09-22T13:15:00Z,4339.81412,4343.06637,4337.64206,4337.80887,
2026-09-22T13:20:00Z,4338.18992,4340.31433,4332.7757,4333.32429,
2026-09-22T13:25:00Z,4334.10505,4334.55617,4330.69161,4330.90263,
2026-09-22T13:30:00Z,4331.26063,4335.01696,4330.44754,4334.30588,
2026-09-22T13:35:00Z,4332.98035,4337.7845,4331.02511,4331.58042,
2026-09-22T13:40:00Z,4332.38109,4342.7281,4322.21543,4341.33026,
2026-09-22T13:45:00Z,4338.38103,4345.94698,4335.94936,4338.84261,
2026-09-22T13:50:00Z,4337.05979,4341.03143,4334.85819,4336.04878,
2026-09-22T13:55:00Z,4338.42684,4338.42684,4330.31655,4337.62163,
2026-09-22T14:00:00Z,4337.18067,4337.18067,4332.11922,4332.24104,
2026-09-22T14:05:00Z,4332.4339,4332.4339,4326.94388,4331.0156,
2026-09-22T14:10:00Z,4330.86974,4333.58873,4329.33722,4332.82512,
2026-09-22T14:15:00Z,4330.89707,4334.49511,4327.13111,4327.43863,
2026-09-22T14:20:00Z,4327.67797,4331.86316,4327.67797,4331.67939,
2026-09-22T14:25:00Z,4331.27659,4332.24798,4325.82082,4326.1884,
2026-09-22T14:30:00Z,4326.92334,4329.43007,4325.75071,4326.29774,
2026-09-22T14:35:00Z,4327.27551,4328.25485,4322.45515,4328.03922,
2026-09-22T14:40:00Z,4327.60705,4327.75895,4315.18081,4318.81595,
2026-09-22T14:45:00Z,4317.39112,4322.642,4317.39112,4321.84876,
2026-09-22T14:50:00Z,4321.73746,4324.53642,4321.1477,4321.73456,
2026-09-22T14:55:00Z,4322.35342,4327.90109,4322.35342,4327.45556,
2026-09-22T15:00:00Z,4326.53682,4330.87917,4326.47393,4330.72505,
2026-09-22T15:05:00Z,4330.37418,4337.86916,4330.10471,4337.42328,
2026-09-22T15:10:00Z,4336.35893,4340.4059,4335.76136,4336.55604,
2026-09-22T15:15:00Z,4336.39984,4340.51384,4336.39984,4338.92823,
2026-09-22T15:20:00Z,4339.20433,4340.79364,4335.38542,4335.64485,
2026-09-22T15:25:00Z,4335.77255,4338.20659,4334.07013,4334.94774,
2026-09-22T15:30:00Z,4334.84873,4336.90962,4328.81693,4328.89489,
2026-09-22T15:35:00Z,4329.08705,4330.87917,4327.8802,4328.1522,
2026-09-22T15:40:00Z,4328.44008,4329.91444,4328.06752,4328.24041,
2026-09-22T15:45:00Z,4328.48855,4328.79985,4325.63371,4327.78132,
2026-09-22T15:50:00Z,4327.56573,4328.92646,4327.13111,4328.66165,
2026-09-22T15:55:00Z,4328.0591,4332.00485,4328.0591,4331.86442,
2026-09-22T16:00:00Z,4331.56535,4331.8172,4326.38228,4326.63528,
2026-09-22T16:05:00Z,4327.05966,4327.05966,4326.19511,4326.24876,
2026-09-22T16:10:00Z,4326.23596,4326.38228,4322.82886,4322.978,
2026-09-22T16:15:00Z,4323.33703,4324.97352,4323.33703,4324.88406,
2026-09-22T16:20:00Z,4324.7116,4326.75666,4324.70271,4325.47903,
2026-09-22T16:25:00Z,4325.77533,4327.50563,4324.05052,4326.09602,
2026-09-22T16:30:00Z,4326.09335,4328.06752,4325.36843,4326.85394,
2026-09-22T16:35:00Z,4326.77789,4328.81693,4326.77789,4328.66975,
2026-09-22T16:40:00Z,4328.60284,4331.27708,4328.02654,4331.16487,
2026-09-22T16:45:00Z,4330.77008,4337.43162,4330.14602,4335.99858,
2026-09-22T16:50:00Z,4333.24085,4342.76079,4333.24085,4337.08793,
2026-09-22T16:55:00Z,4337.53514,4338.01839,4335.19747,4336.54095,
2026-09-22T17:00:00Z,4336.20407,4337.64206,4335.38542,4337.57859,
2026-09-22T17:05:00Z,4337.36324,4341.03143,4337.07584,4338.46435,
2026-09-22T17:10:00Z,4339.1767,4340.27778,4336.5236,4339.02773,
2026-09-22T17:15:00Z,4339.20806,4340.65457,4336.96185,4337.90212,
2026-09-22T17:20:00Z,4338.10549,4339.71499,4337.06806,4337.34504,
2026-09-22T17:25:00Z,4337.88301,4338.36375,4335.75798,4338.16381,
2026-09-22T17:30:00Z,4337.64967,4340.05685,4335.85903,4336.23431,
2026-09-22T17:35:00Z,4336.95046,4337.47543,4335.19747,4337.40686,
2026-09-22T17:40:00Z,4337.25301,4338.77126,4336.3254,4338.61272,
2026-09-22T17:45:00Z,4338.2065,4340.84299,4338.2065,4340.69841,
2026-09-22T17:50:00Z,4340.40101,4349.29946,4339.89974,4348.46003,
2026-09-22T17:55:00Z,4347.19997,4351.07876,4347.19997,4349.37243,
2026-09-22T18:00:00Z,4349.70027,4351.98886,4348.20419,4351.02472,
2026-09-22T18:05:00Z,4349.54443,4358.47042,4349.35993,4358.09248,
2026-09-22T18:10:00Z,4357.07094,4359.76806,4355.44543,4358.18009,
2026-09-22T18:15:00Z,4358.37526,4359.95814,4358.05805,4359.11418,
2026-09-22T18:20:00Z,4359.29152,4359.29152,4355.48337,4355.73943,
2026-09-22T18:25:00Z,4356.20681,4357.29321,4354.92889,4355.71728,
2026-09-22T18:30:00Z,4355.93798,4356.37163,4353.5251,4353.91248,
2026-09-22T18:35:00Z,4354.72764,4354.72764,4351.6101,4351.7291,
2026-09-22T18:40:00Z,4351.93053,4351.93053,4350.04446,4350.21744,
2026-09-22T18:45:00Z,4350.50942,4353.88366,4349.01131,4352.69896,
2026-09-22T18:50:00Z,4352.88598,4354.85095,4352.40266,4354.60569,
2026-09-22T18:55:00Z,4354.19225,4354.19225,4351.41875,4353.02692,
2026-09-22T19:00:00Z,4352.6118,4355.21101,4352.6118,4354.29778,
2026-09-22T19:05:00Z,4354.38593,4357.50606,4353.76202,4357.3239,
2026-09-22T19:10:00Z,4356.87294,4358.81789,4356.87294,4358.11821,
2026-09-22T19:15:00Z,4358.21269,4359.00789,4357.10862,4357.48059,
2026-09-22T19:20:00Z,4357.72799,4358.43794,4356.72897,4357.96888,
2026-09-22T19:25:00Z,4357.72347,4360.50981,4357.5217,4358.78702,
2026-09-22T19:30:00Z,4358.17962,4368.16462,4357.22479,4367.76158,
2026-09-22T19:35:00Z,4367.05153,4370.43835,4367.05153,4369.17214,
2026-09-22T19:40:00Z,4368.57178,4370.43835,4368.10483,4368.3044,
2026-09-22T19:45:00Z,4368.64403,4370.24736,4367.76589,4369.83812,
2026-09-22T19:50:00Z,4369.75531,4369.75531,4367.64205,4367.8954,
2026-09-22T19:55:00Z,4368.36983,4368.36983,4364.46683,4364.84178,
2026-09-22T20:00:00Z,4365.3582,4365.3582,4362.63022,4363.45735,
2026-09-22T20:05:00Z,4363.21608,4363.21608,4360.90881,4362.8227,
2026-09-22T20:10:00Z,4362.45013,4362.56016,4359.26094,4359.59719,
2026-09-22T20:15:00Z,4360.24408,4360.59685,4359.00789,4359.6235,
2026-09-22T20:20:00Z,4359.71818,4360.32179,4358.81789,4360.01836,
2026-09-22T20:25:00Z,4359.62912,4360.5285,4359.40732,4359.58617,
2026-09-22T20:30:00Z,4359.89607,4360.14825,4359.12376,4359.33262,
2026-09-22T20:35:00Z,4359.70023,4359.70023,4357.86813,4358.57007,
2026-09-22T20:40:00Z,4358.45385,4359.19791,4357.97324,4359.14171,
2026-09-22T20:45:00Z,4359.00251,4359.00251,4357.86813,4357.9514,
2026-09-22T20:50:00Z,4358.0554,4359.54647,4357.38239,4358.40164,
2026-09-22T20:55:00Z,4358.59621,4359.76806,4357.28906,4357.67796,
2026-09-22T21:00:00Z,4358.40819,4358.44793,4356.53917,4358.39884,
2026-09-22T21:05:00Z,4358.2465,4358.48235,4358.2465,4358.46035,
2026-09-22T21:10:00Z,4358.33952,4361.47941,4357.29609,4361.38133,
2026-09-22T21:15:00Z,4361.08814,4361.47941,4357.83215,4358.35303,
2026-09-22T21:20:00Z,4359.28539,4361.44878,4359.28539,4361.22726,
2026-09-22T21:25:00Z,4361.24919,4361.47941,4361.23361,4361.23828,
2026-09-22T21:30:00Z,4361.26325,4361.40494,4360.74162,4360.9607,
2026-09-22T21:35:00Z,4360.87448,4361.03731,4359.2498,4360.75253,
2026-09-22T21:40:00Z,4360.45956,4360.83306,4355.02134,4355.26171,
2026-09-22T21:45:00Z,4355.6934,4355.88691,4355.21101,4355.43173,
2026-09-22T21:50:00Z,4355.50742,4355.73873,4355.4007,4355.62771,
2026-09-22T21:55:00Z,4355.56838,4360.90881,4354.26263,4360.28717,
2026-09-22T22:00:00Z,4359.21739,4363.00175,4359.21739,4361.91355,
2026-09-22T22:05:00Z,4362.02132,4364.73826,4361.47941,4361.70369,
2026-09-22T22:10:00Z,4362.20429,4363.95374,4361.66965,4363.84592,
2026-09-22T22:15:00Z,4363.66248,4364.52514,4363.38249,4363.42799,
2026-09-22T22:20:00Z,4363.44755,4363.95374,4362.8114,4362.85222,
2026-09-22T22:25:00Z,4362.80457,4364.52514,4362.59906,4364.44507,
2026-09-22T22:30:00Z,4364.25693,4365.07244,4363.53387,4364.77437,
2026-09-22T22:35:00Z,4364.32349,4365.28724,4363.76331,4364.2568,
2026-09-22T22:40:00Z,4364.05778,4365.59912,4363.69844,4365.31123,
2026-09-22T22:45:00Z,4364.84573,4364.84573,4362.24045,4362.49542,
2026-09-22T22:50:00Z,4362.57912,4362.8114,4361.2305,4362.72087,
2026-09-22T22:55:00Z,4362.51172,4362.8114,4361.8599,4361.89226,
2026-09-22T23:00:00Z,4361.77911,4363.76331,4361.28228,4363.46647,
2026-09-22T23:05:00Z,4363.22068,4363.75035,4362.15749,4362.32697,
2026-09-22T23:10:00Z,4362.7524,4363.38249,4360.90881,4361.04868,
2026-09-22T23:15:00Z,4361.16311,4364.25438,4360.33684,4363.85976,
2026-09-22T23:20:00Z,4363.10724,4364.90615,4363.10724,4364.04645,
2026-09-22T23:25:00Z,4364.11908,4364.14419,4362.43075,4363.06999,
2026-09-22T23:30:00Z,4362.83378,4364.33466,4362.83378,4363.72359,
2026-09-22T23:35:00Z,4363.645,4363.84532,4362.67383,4363.70058,
2026-09-22T23:40:00Z,4363.52442,4364.52514,4363.00175,4364.50683,
2026-09-22T23:45:00Z,4364.36552,4364.52514,4360.06116,4360.41257,
2026-09-22T23:50:00Z,4361.13944,4362.67861,4358.78008,4362.1283,
2026-09-22T23:55:00Z,4361.01993,4364.52514,4361.01993,4364.25755,
2026-09-23T00:00:00Z,4364.05606,4369.48353,4363.38249,4369.20248,
2026-09-23T00:05:00Z,4368.57763,4370.1704,4362.24045,4362.37177,
2026-09-23T00:10:00Z,4362.67484,4365.85991,4362.27868,4365.66773,
2026-09-23T00:15:00Z,4365.33438,4365.85898,4363.38249,4363.59416,
2026-09-23T00:20:00Z,4363.91175,4364.14419,4360.33836,4360.48793,
2026-09-23T00:25:00Z,4360.80464,4362.48828,4359.54785,4359.72965,
2026-09-23T00:30:00Z,4360.04118,4361.66965,4359.19791,4360.70647,
2026-09-23T00:35:00Z,4360.4467,4360.4467,4356.15961,4356.50828,
2026-09-23T00:40:00Z,4357.00786,4359.19791,4356.72897,4359.00332,
2026-09-23T00:45:00Z,4358.48603,4361.39329,4357.84236,4358.2292,
2026-09-23T00:50:00Z,4358.82528,4358.82528,4357.18468,4358.27164,
2026-09-23T00:55:00Z,4358.45308,4358.45308,4357.36075,4357.57217,
2026-09-23T01:00:00Z,4357.95862,4358.37032,4351.98886,4352.35927,
2026-09-23T01:05:00Z,4353.09348,4353.09348,4351.04207,4351.15853,
2026-09-23T01:10:00Z,4351.38128,4352.46297,4346.50324,4349.03998,
2026-09-23T01:15:00Z,4348.54576,4349.3389,4346.69217,4346.79867,
2026-09-23T01:20:00Z,4347.10157,4348.9606,4347.10157,4347.37949,
2026-09-23T01:25:00Z,4347.6003,4348.02855,4343.50404,4343.64179,
2026-09-23T01:30:00Z,4343.84449,4344.23737,4341.89502,4344.10384,
2026-09-23T01:35:00Z,4343.78306,4346.31433,4343.67127,4344.77256,
2026-09-23T01:40:00Z,4344.94625,4345.74769,4342.9167,4345.32736,
2026-09-23T01:45:00Z,4344.84755,4346.07129,4344.23447,4344.53809,
2026-09-23T01:50:00Z,4345.11635,4346.31433,4341.83147,4342.51985,
2026-09-23T01:55:00Z,4343.90747,4343.90747,4339.90105,4340.92473,
2026-09-23T02:00:00Z,4340.7216,4342.01916,4338.95952,4339.0869,
2026-09-23T02:05:00Z,4339.16292,4339.71271,4338.57081,4338.78964,
2026-09-23T02:10:00Z,4338.73337,4338.95952,4337.52234,4338.10406,
2026-09-23T02:15:00Z,4338.26466,4338.26466,4335.64137,4335.94333,
2026-09-23T02:20:00Z,4336.33635,4338.13518,4335.00954,4337.89965,
2026-09-23T02:25:00Z,4337.49974,4339.69412,4337.49974,4338.66186,
2026-09-23T02:30:00Z,4338.80205,4339.3354,4337.26579,4337.6102,
2026-09-23T02:35:00Z,4337.34428,4339.45399,4335.19747,4335.30257,
2026-09-23T02:40:00Z,4335.55219,4338.20659,4334.77821,4337.89766,
2026-09-23T02:45:00Z,4337.31934,4337.60148,4336.51344,4336.62831,
2026-09-23T02:50:00Z,4336.79911,4336.88958,4334.82162,4336.85823,
2026-09-23T02:55:00Z,4336.73261,4336.73261,4333.50667,4335.0813,
2026-09-23T03:00:00Z,4334.8161,4334.90515,4334.07013,4334.13887,
2026-09-23T03:05:00Z,4334.13797,4336.19544,4334.13797,4335.94306,
2026-09-23T03:10:00Z,4335.27793,4339.72609,4335.27793,4339.45942,
2026-09-23T03:15:00Z,4339.10241,4340.64204,4336.51344,4336.70848,
2026-09-23T03:20:00Z,4337.03633,4339.94514,4336.33971,4339.61579,
2026-09-23T03:25:00Z,4338.73009,4340.27778,4338.58302,4338.64947,
2026-09-23T03:30:00Z,4338.76129,4340.27778,4336.96387,4339.39509,
2026-09-23T03:35:00Z,4339.67966,4340.53995,4339.32871,4339.87536,
2026-09-23T03:40:00Z,4339.74951,4341.97386,4338.87056,4341.29884,
2026-09-23T03:45:00Z,4341.38606,4342.73974,4340.91786,4342.69238,
2026-09-23T03:50:00Z,4342.52718,4344.61485,4342.35095,4344.54186,
2026-09-23T03:55:00Z,4344.3214,4345.13585,4343.50799,4343.8625,
2026-09-23T04:00:00Z,4344.48813,4344.91163,4343.10532,4343.41765,
2026-09-23T04:05:00Z,4344.01538,4345.74769,4344.01538,4345.37821,
2026-09-23T04:10:00Z,4345.42827,4346.88111,4344.61485,4346.61236,
2026-09-23T04:15:00Z,4346.47499,4347.48085,4345.13386,4346.86261,
2026-09-23T04:20:00Z,4346.35564,4347.63706,4345.18119,4345.32372,
2026-09-23T04:25:00Z,4345.55513,4345.80414,4344.9924,4345.10183,
2026-09-23T04:30:00Z,4345.37175,4346.12543,4344.9924,4345.11397,
2026-09-23T04:35:00Z,4345.31671,4347.07007,4345.02422,4345.28946,
2026-09-23T04:40:00Z,4345.80272,4345.80272,4344.15746,4345.10105,
2026-09-23T04:45:00Z,4344.93201,4346.56639,4344.61485,4346.37274,
2026-09-23T04:50:00Z,4346.04779,4346.88111,4344.04865,4344.20752,
2026-09-23T04:55:00Z,4344.401,4345.02236,4344.34736,4344.98323,
2026-09-23T05:00:00Z,4344.86847,4344.86847,4342.2389,4344.29014,
2026-09-23T05:05:00Z,4343.45208,4346.31433,4343.45208,4344.53319,
2026-09-23T05:10:00Z,4344.698,4344.698,4342.7495,4343.83358,
2026-09-23T05:15:00Z,4343.51439,4343.67127,4342.35095,4342.94144,
2026-09-23T05:20:00Z,4343.09614,4343.09614,4342.1624,4342.21092,
2026-09-23T05:25:00Z,4342.27285,4343.56935,4341.17419,4341.40532,
2026-09-23T05:30:00Z,4341.8227,4342.20064,4338.20659,4338.94684,
2026-09-23T05:35:00Z,4338.76189,4338.76189,4335.00954,4335.22652,
2026-09-23T05:40:00Z,4335.57325,4336.27406,4330.31255,4331.46188,
2026-09-23T05:45:00Z,4333.31298,4333.31298,4328.62956,4331.25356,
2026-09-23T05:50:00Z,4331.02891,4332.72943,4329.37917,4332.36395,
2026-09-23T05:55:00Z,4331.58141,4335.57338,4331.58141,4334.5383,
2026-09-23T06:00:00Z,4334.67704,4336.53457,4334.49228,4336.32139,
2026-09-23T06:05:00Z,4336.02411,4336.02411,4332.572,4333.14467,
2026-09-23T06:10:00Z,4333.94592,4333.94592,4330.12904,4330.18215,
2026-09-23T06:15:00Z,4330.23207,4330.46334,4327.69291,4329.51318,
2026-09-23T06:20:00Z,4329.14303,4329.94155,4327.33589,4329.74597,
2026-09-23T06:25:00Z,4329.32317,4331.44194,4327.87353,4329.4734,
2026-09-23T06:30:00Z,4329.69732,4332.00485,4329.08641,4331.63883,
2026-09-23T06:35:00Z,4331.51961,4333.35589,4330.97315,4332.48706,
2026-09-23T06:40:00Z,4332.43443,4334.44584,4332.43443,4333.68829,
2026-09-23T06:45:00Z,4333.69228,4336.84602,4331.44194,4336.34298,
2026-09-23T06:50:00Z,4335.04003,4337.45391,4333.13112,4333.35621,
2026-09-23T06:55:00Z,4333.75958,4333.8667,4331.13536,4331.36982,
2026-09-23T07:00:00Z,4331.71358,4332.22333,4330.69161,4332.07057,
2026-09-23T07:05:00Z,4331.85893,4333.23821,4328.2413,4328.5153,
2026-09-23T07:10:00Z,4328.94508,4328.94508,4325.4466,4325.63259,
2026-09-23T07:15:00Z,4325.84,4328.25485,4325.84,4327.08865,
2026-09-23T07:20:00Z,4327.33733,4327.83184,4325.4466,4325.61392,
2026-09-23T07:25:00Z,4325.99558,4327.07828,4322.642,4324.70274,
2026-09-23T07:30:00Z,4324.2497,4324.51133,4321.19169,4322.18149,
2026-09-23T07:35:00Z,4322.13118,4323.7634,4319.17345,4323.49412,
2026-09-23T07:40:00Z,4322.9752,4323.11137,4321.33443,4322.91827,
2026-09-23T07:45:00Z,4322.6502,4323.01574,4320.91361,4321.18082,
2026-09-23T07:50:00Z,4321.68016,4325.07244,4321.68016,4322.9614,
2026-09-23T07:55:00Z,4323.40314,4325.07244,4319.85706,4320.27077,
2026-09-23T08:00:00Z,4321.07269,4321.33443,4318.85331,4320.12047,
2026-09-23T08:05:00Z,4320.28467,4321.1477,4318.92023,4319.39961,
2026-09-23T08:10:00Z,4320.3964,4320.3964,4317.97573,4320.00594,
2026-09-23T08:15:00Z,4319.53499,4320.52034,4317.23007,4317.47653,
2026-09-23T08:20:00Z,4317.98277,4321.34069,4317.97573,4321.2737,
2026-09-23T08:25:00Z,4321.10787,4324.82693,4318.53515,4319.86388,
2026-09-23T08:30:00Z,4319.90986,4320.15613,4316.47482,4316.83169,
2026-09-23T08:35:00Z,4317.32721,4320.37735,4316.85733,4317.097,
2026-09-23T08:40:00Z,4317.53134,4318.72166,4316.11205,4316.32143,
2026-09-23T08:45:00Z,4316.62551,4318.40597,4316.06023,4317.96237,
2026-09-23T08:50:00Z,4316.78824,4319.29223,4316.78824,4318.06147,
2026-09-23T08:55:00Z,4317.83354,4319.65443,4317.23007,4319.49012,
2026-09-23T09:00:00Z,4319.12693,4320.40093,4318.22052,4320.251,
2026-09-23T09:05:00Z,4319.83849,4319.83849,4317.60287,4319.08617,
2026-09-23T09:10:00Z,4318.46077,4320.02765,4318.46077,4319.55252,
2026-09-23T09:15:00Z,4319.6108,4320.6061,4317.24312,4317.40553,
2026-09-23T09:20:00Z,4317.65101,4319.48344,4316.85733,4319.29662,
2026-09-23T09:25:00Z,4319.04553,4321.31388,4316.75412,4317.59332,
2026-09-23T09:30:00Z,4319.15663,4319.15663,4314.41033,4314.95104,
2026-09-23T09:35:00Z,4316.11384,4316.11384,4313.50559,4315.0983,
2026-09-23T09:40:00Z,4314.91753,4315.67528,4314.34309,4315.43631,
2026-09-23T09:45:00Z,4314.89898,4317.78532,4309.37829,4310.05991,
2026-09-23T09:50:00Z,4310.99447,4312.94747,4308.48772,4312.55314,
2026-09-23T09:55:00Z,4312.4666,4314.36097,4312.18394,4314.34938,
2026-09-23T10:00:00Z,4314.24909,4318.73182,4313.51022,4318.33825,
2026-09-23T10:05:00Z,4317.67915,4319.46784,4316.67098,4317.36195,
2026-09-23T10:10:00Z,4317.07551,4317.60287,4315.55325,4315.75341,
2026-09-23T10:15:00Z,4316.01469,4316.85733,4315.36702,4316.56066,
2026-09-23T10:20:00Z,4316.45907,4316.71139,4315.36702,4315.46549,
2026-09-23T10:25:00Z,4315.61173,4317.32131,4314.67274,4317.19448,
2026-09-23T10:30:00Z,4316.89739,4319.31266,4316.56913,4316.95176,
2026-09-23T10:35:00Z,4317.47023,4317.47023,4315.50883,4315.87888,
2026-09-23T10:40:00Z,4316.08771,4316.48465,4315.14591,4315.48065,
2026-09-23T10:45:00Z,4315.57813,4316.29834,4312.76146,4313.01222,
2026-09-23T10:50:00Z,4313.42207,4315.1835,4312.92879,4315.11114,
2026-09-23T10:55:00Z,4314.90874,4315.85236,4314.90874,4315.06378,
2026-09-23T11:00:00Z,4315.01137,4316.9751,4313.50559,4313.80153,
2026-09-23T11:05:00Z,4314.34496,4315.7395,4314.06385,4315.03393,
2026-09-23T11:10:00Z,4315.11701,4317.04369,4314.91079,4315.26896,
2026-09-23T11:15:00Z,4315.38778,4315.7395,4312.68601,4313.14531,
2026-09-23T11:20:00Z,4313.7415,4313.88598,4305.56293,4305.88461,
2026-09-23T11:25:00Z,4306.52381,4308.11649,4304.29474,4306.82483,
2026-09-23T11:30:00Z,4306.28184,4309.08877,4301.07527,4302.37032,
2026-09-23T11:35:00Z,4302.2911,4302.74085,4297.49166,4298.43844,
2026-09-23T11:40:00Z,4300.61392,4303.85035,4294.76772,4303.302,
2026-09-23T11:45:00Z,4302.08344,4308.11649,4302.08344,4307.07847,
2026-09-23T11:50:00Z,4307.23108,4309.78753,4306.07587,4309.67604,
2026-09-23T11:55:00Z,4309.43648,4309.78753,4308.85901,4309.7272,
2026-09-23T12:00:00Z,4309.51488,4313.69166,4307.81853,4313.47841,
2026-09-23T12:05:00Z,4313.42822,4315.36702,4312.42759,4314.70193,
2026-09-23T12:10:00Z,4314.76392,4317.83295,4313.13349,4316.62786,
2026-09-23T12:15:00Z,4317.12564,4318.53515,4314.24997,4314.47882,
2026-09-23T12:20:00Z,4314.64266,4316.11205,4310.90227,4312.72326,
2026-09-23T12:25:00Z,4312.03256,4314.99461,4311.81915,4311.95975,
2026-09-23T12:30:00Z,4312.18831,4312.18831,4308.3021,4308.51304,
2026-09-23T12:35:00Z,4308.81241,4309.36816,4304.10909,4304.41756,
2026-09-23T12:40:00Z,4305.03456,4305.60459,4301.7089,4305.3266,
2026-09-23T12:45:00Z,4304.57913,4306.17784,4302.74085,4305.98958,
2026-09-23T12:50:00Z,4305.42876,4305.42876,4301.63032,4301.86199,
2026-09-23T12:55:00Z,4301.75625,4309.77537,4301.75625,4305.77145,
2026-09-23T13:00:00Z,4306.83745,4310.71644,4306.17642,4306.90682,
2026-09-23T13:05:00Z,4308.46461,4308.46461,4301.44529,4301.83323,
2026-09-23T13:10:00Z,4302.53978,4303.04985,4297.71035,4302.04054,
2026-09-23T13:15:00Z,4301.62752,4306.00267,4300.44028,4304.09153,
2026-09-23T13:20:00Z,4303.62196,4305.70345,4301.99802,4305.45995,
2026-09-23T13:25:00Z,4304.78159,4312.01543,4304.78114,4311.60275,
2026-09-23T13:30:00Z,4310.70769,4312.3895,4302.65546,4303.07321,
2026-09-23T13:35:00Z,4303.95817,4304.22244,4300.00597,4303.82539,
2026-09-23T13:40:00Z,4303.65652,4305.72023,4287.24544,4288.16507,
2026-09-23T13:45:00Z,4289.74162,4292.0297,4282.33769,4286.04147,
2026-09-23T13:50:00Z,4285.3502,4289.59264,4283.5106,4286.16216,
2026-09-23T13:55:00Z,4286.60896,4286.87787,4281.41238,4286.67615,
2026-09-23T14:00:00Z,4286.34273,4291.04579,4283.45458,4288.44499,
2026-09-23T14:05:00Z,4289.43988,4292.83891,4286.05348,4291.97726,
2026-09-23T14:10:00Z,4290.39046,4293.68828,4284.06369,4284.50112,
2026-09-23T14:15:00Z,4285.43006,4287.51326,4279.17326,4279.7987,
2026-09-23T14:20:00Z,4280.92332,4282.46673,4279.72267,4282.25408,
2026-09-23T14:25:00Z,4281.92328,4283.93951,4278.79035,4279.06454,
2026-09-23T14:30:00Z,4279.54684,4290.0435,4279.54684,4289.01238,
2026-09-23T14:35:00Z,4286.44712,4291.10882,4285.93533,4286.55808,
2026-09-23T14:40:00Z,4287.91474,4287.91474,4282.83867,4287.24839,
2026-09-23T14:45:00Z,4286.89425,4287.79693,4284.05246,4286.05689,
2026-09-23T14:50:00Z,4286.49025,4297.40405,4285.22455,4296.48514,
2026-09-23T14:55:00Z,4294.51576,4298.48693,4292.39816,4292.57344,
2026-09-23T15:00:00Z,4292.85626,4295.04001,4290.95904,4291.64882,
2026-09-23T15:05:00Z,4292.75228,4294.61026,4290.18834,4294.28047,
2026-09-23T15:10:00Z,4293.38953,4296.80455,4292.98356,4294.78773,
2026-09-23T15:15:00Z,4294.9618,4295.71717,4290.74058,4290.92454,
2026-09-23T15:20:00Z,4291.02297,4293.87264,4291.02297,4293.41888,
2026-09-23T15:25:00Z,4292.65671,4293.68828,4284.94844,4286.01969,
2026-09-23T15:30:00Z,4287.45964,4287.45964,4282.47184,4283.32207,
2026-09-23T15:35:00Z,4283.11645,4285.04092,4281.29406,4281.68447,
2026-09-23T15:40:00Z,4282.29045,4283.79153,4279.67564,4283.35635,
2026-09-23T15:45:00Z,4282.80781,4286.02359,4278.89442,4280.13086,
2026-09-23T15:50:00Z,4281.80915,4281.80915,4277.52588,4280.10653,
2026-09-23T15:55:00Z,4280.51193,4282.47184,4280.51193,4282.2504,
2026-09-23T16:00:00Z,4282.17634,4283.04687,4279.35638,4279.50771,
2026-09-23T16:05:00Z,4279.72616,4284.12304,4279.10507,4283.89273,
2026-09-23T16:10:00Z,4283.47137,4283.756,4281.86407,4283.62225,
2026-09-23T16:15:00Z,4283.46489,4284.30658,4282.70457,4284.07204,
2026-09-23T16:20:00Z,4283.89791,4284.49015,4283.0221,4283.08134,
2026-09-23T16:25:00Z,4283.21536,4285.77551,4281.69278,4284.4501,
2026-09-23T16:30:00Z,4284.57135,4287.59758,4284.57135,4287.20674,
2026-09-23T16:35:00Z,4286.69243,4289.36065,4285.97068,4289.10843,
2026-09-23T16:40:00Z,4288.76032,4290.62948,4287.06165,4287.12381,
2026-09-23T16:45:00Z,4287.08768,4287.61309,4283.5402,4283.94503,
2026-09-23T16:50:00Z,4284.76807,4284.76807,4278.60874,4279.301,
2026-09-23T16:55:00Z,4280.35162,4285.69372,4280.35162,4285.45528,
2026-09-23T17:00:00Z,4284.76185,4286.1429,4278.56219,4278.8447,
2026-09-23T17:05:00Z,4279.23343,4282.65525,4278.07487,4282.4855,
2026-09-23T17:10:00Z,4281.96755,4284.20697,4277.70886,4279.08353,
2026-09-23T17:15:00Z,4279.34145,4280.45544,4276.87897,4280.30879,
2026-09-23T17:20:00Z,4279.92926,4284.12304,4279.55705,4283.65034,
2026-09-23T17:25:00Z,4283.41557,4283.41557,4281.92173,4282.07009,
2026-09-23T17:30:00Z,4282.30565,4282.78425,4276.61121,4279.66134,
2026-09-23T17:35:00Z,4278.68649,4281.88917,4277.89185,4281.20997,
2026-09-23T17:40:00Z,4279.9403,4287.98079,4270.72669,4287.60397,
2026-09-23T17:45:00Z,4286.65476,4290.3724,4286.49527,4290.18519,
2026-09-23T17:50:00Z,4289.73795,4291.6613,4289.62379,4291.54446,
2026-09-23T17:55:00Z,4291.23491,4293.50393,4288.71043,4293.17941,
2026-09-23T18:00:00Z,4292.46952,4294.61026,4291.13615,4291.59049,
2026-09-23T18:05:00Z,4292.19787,4292.19787,4289.433,4290.90114,
2026-09-23T18:10:00Z,4290.82289,4290.82289,4288.71639,4289.50118,
2026-09-23T18:15:00Z,4289.10894,4290.92469,4289.10894,4290.79194,
2026-09-23T18:20:00Z,4290.5115,4290.92469,4288.11784,4288.44819,
2026-09-23T18:25:00Z,4289.12388,4289.12388,4284.67372,4284.93919,
2026-09-23T18:30:00Z,4285.38574,4287.42926,4284.67372,4287.05085,
2026-09-23T18:35:00Z,4286.99538,4287.71054,4285.37386,4285.64542,
2026-09-23T18:40:00Z,4286.16551,4286.32662,4284.48715,4285.33842,
2026-09-23T18:45:00Z,4285.52601,4286.86006,4283.20555,4286.34067,
2026-09-23T18:50:00Z,4285.62843,4287.98079,4285.62843,4287.62727,
2026-09-23T18:55:00Z,4287.64638,4290.40551,4287.38212,4290.05064,
2026-09-23T19:00:00Z,4289.51188,4290.55649,4288.44141,4288.66175,
2026-09-23T19:05:00Z,4289.07153,4293.13528,4288.13058,4292.95437,
2026-09-23T19:10:00Z,4292.78341,4292.78341,4285.59184,4286.04615,
2026-09-23T19:15:00Z,4286.85661,4286.85661,4282.8701,4284.74952,
2026-09-23T19:20:00Z,4284.86877,4285.55316,4283.53179,4285.13411,
2026-09-23T19:25:00Z,4284.54258,4287.06165,4284.54258,4286.81741,
2026-09-23T19:30:00Z,4286.4695,4287.34427,4283.5725,4285.12853,
2026-09-23T19:35:00Z,4284.60104,4285.9749,4281.37175,4281.58538,
2026-09-23T19:40:00Z,4281.98018,4284.67372,4281.83863,4282.59614,
2026-09-23T19:45:00Z,4282.98738,4286.6941,4281.59275,4285.61962,
2026-09-23T19:50:00Z,4285.97408,4286.6941,4284.12304,4284.45786,
2026-09-23T19:55:00Z,4285.07111,4285.07111,4282.83867,4284.16047,
2026-09-23T20:00:00Z,4283.87811,4285.59184,4283.5725,4285.35569,
2026-09-23T20:05:00Z,4285.26659,4288.02728,4285.03767,4286.60324,
2026-09-23T20:10:00Z,4286.86623,4287.37703,4285.22455,4285.60731,
2026-09-23T20:15:00Z,4285.5093,4286.22708,4284.50604,4286.04892,
2026-09-23T20:20:00Z,4285.59376,4285.59376,4282.65525,4284.27643,
2026-09-23T20:25:00Z,4284.12039,4284.68164,4284.01459,4284.61357,
2026-09-23T20:30:00Z,4284.4137,4286.13511,4283.38573,4283.68059,
2026-09-23T20:35:00Z,4284.18068,4284.64073,4283.0221,4284.35994,
2026-09-23T20:40:00Z,4283.92007,4285.59184,4283.92007,4285.05708,
2026-09-23T20:45:00Z,4285.08343,4286.1429,4284.84466,4285.73143,
2026-09-23T20:50:00Z,4285.7832,4288.47409,4285.77551,4288.03929,
2026-09-23T20:55:00Z,4287.4873,4290.3724,4286.79977,4286.97334,
2026-09-23T21:00:00Z,4287.26647,4287.52895,4286.6941,4287.13887,
2026-09-23T21:05:00Z,4287.22793,4287.65024,4287.1402,4287.57459,
2026-09-23T21:10:00Z,4287.45491,4287.60854,4286.71886,4286.83577,
2026-09-23T21:15:00Z,4287.02128,4287.06165,4286.51035,4286.72955,
2026-09-23T21:20:00Z,4286.70737,4286.8585,4286.51035,4286.72768,
2026-09-23T21:25:00Z,4286.63364,4286.82806,4286.61246,4286.61246,
2026-09-23T21:30:00Z,4286.64514,4287.48911,4286.45096,4287.12065,
2026-09-23T21:35:00Z,4287.24777,4287.79693,4287.24544,4287.64104,
2026-09-23T21:40:00Z,4287.55065,4287.71495,4287.42926,4287.57714,
2026-09-23T21:45:00Z,4287.51236,4287.86576,4287.42114,4287.46947,
2026-09-23T21:50:00Z,4287.56114,4287.79693,4287.42926,4287.65227,
2026-09-23T21:55:00Z,4287.61648,4287.64707,4287.41394,4287.53473,
2026-09-23T22:00:00Z,4287.43185,4292.74555,4284.58277,4292.35831,
2026-09-23T22:05:00Z,4291.77998,4294.24142,4291.77998,4294.03153,
2026-09-23T22:10:00Z,4293.8266,4294.10551,4287.61309,4287.69844,
2026-09-23T22:15:00Z,4287.93435,4288.34856,4287.61309,4287.87176,
2026-09-23T22:20:00Z,4287.71037,4291.46336,4287.61309,4291.14926,
2026-09-23T22:25:00Z,4290.7364,4291.94639,4288.63046,4288.92789,
2026-09-23T22:30:00Z,4289.43548,4289.43548,4288.14647,4288.98071,
2026-09-23T22:35:00Z,4288.82434,4291.93877,4288.48342,4289.0911,
2026-09-23T22:40:00Z,4289.42311,4290.00429,4288.53246,4288.70445,
2026-09-23T22:45:00Z,4288.92609,4291.36915,4287.84161,4291.25232,
2026-09-23T22:50:00Z,4291.01891,4291.01891,4287.96496,4288.15414,
2026-09-23T22:55:00Z,4288.65536,4291.10882,4287.62679,4289.48036,
2026-09-23T23:00:00Z,4289.57074,4290.23075,4289.26825,4289.32005,
2026-09-23T23:05:00Z,4289.34173,4291.29297,4289.34173,4291.2177,
2026-09-23T23:10:00Z,4290.99967,4291.29297,4290.88423,4290.95728,
2026-09-23T23:15:00Z,4290.93559,4292.95097,4290.14345,4290.41124,
2026-09-23T23:20:00Z,4290.76639,4290.77087,4288.9736,4290.47734,
2026-09-23T23:25:00Z,4290.28768,4290.28768,4288.54846,4289.26561,
2026-09-23T23:30:00Z,4289.18206,4289.18206,4285.94175,4286.13642,
2026-09-23T23:35:00Z,4286.48112,4287.42926,4285.77551,4287.35387,
2026-09-23T23:40:00Z,4287.11136,4287.47641,4285.22455,4285.26266,
2026-09-23T23:45:00Z,4285.36405,4289.60757,4285.27187,4289.20827,
2026-09-23T23:50:00Z,4288.34414,4291.6613,4288.34414,4290.89631,
2026-09-23T23:55:00Z,4290.98888,4291.48655,4290.00429,4290.1085,
2026-09-24T00:00:00Z,4290.25091,4291.77031,4288.85051,4289.97445,
2026-09-24T00:05:00Z,4289.83653,4291.10882,4289.17725,4289.76893,
2026-09-24T00:10:00Z,4289.83908,4291.54707,4287.79693,4289.086,
2026-09-24T00:15:00Z,4288.7086,4290.00429,4287.42926,4288.22319,
2026-09-24T00:20:00Z,4288.22419,4288.90033,4283.81821,4284.5123,
2026-09-24T00:25:00Z,4285.61527,4290.38425,4284.85475,4285.75899,
2026-09-24T00:30:00Z,4286.88856,4294.97917,4286.88856,4292.13632,
2026-09-24T00:35:00Z,4292.21103,4293.13528,4292.21103,4293.0905,
2026-09-24T00:40:00Z,4292.97684,4294.694,4292.34125,4293.74812,
2026-09-24T00:45:00Z,4293.85676,4294.97917,4292.21392,4292.33487,
2026-09-24T00:50:00Z,4292.6541,4295.39495,4292.6541,4294.79479,
2026-09-24T00:55:00Z,4294.04024,4299.59584,4294.04024,4298.54425,
2026-09-24T01:00:00Z,4298.62905,4299.03485,4291.84549,4292.2909,
2026-09-24T01:05:00Z,4292.97128,4297.93269,4290.38564,4296.68747,
2026-09-24T01:10:00Z,4296.54576,4301.98364,4295.62036,4301.72211,
2026-09-24T01:15:00Z,4301.38388,4304.10576,4297.90069,4298.1623,
2026-09-24T01:20:00Z,4298.44881,4301.51259,4297.00928,4297.32222,
2026-09-24T01:25:00Z,4297.88509,4299.10173,4296.67671,4298.87193,
2026-09-24T01:30:00Z,4298.44872,4300.65719,4298.44872,4298.95913,
2026-09-24T01:35:00Z,4299.02996,4300.6813,4293.50393,4293.74424,
2026-09-24T01:40:00Z,4294.19264,4295.61696,4289.82026,4290.24975,
2026-09-24T01:45:00Z,4291.05525,4292.19923,4284.88766,4288.30429,
2026-09-24T01:50:00Z,4288.35949,4289.49637,4282.47184,4288.704,
2026-09-24T01:55:00Z,4287.20519,4287.20519,4276.97703,4277.59135,
2026-09-24T02:00:00Z,4278.79843,4280.81102,4275.52451,4275.76644,
2026-09-24T02:05:00Z,4276.17997,4276.17997,4274.05223,4274.38971,
2026-09-24T02:10:00Z,4274.74952,4281.47772,4274.74952,4280.80353,
2026-09-24T02:15:00Z,4279.33602,4286.2576,4279.33602,4284.49432,
2026-09-24T02:20:00Z,4285.23813,4286.78676,4284.30658,4284.33172,
2026-09-24T02:25:00Z,4284.40693,4287.34934,4284.40693,4286.12007,
2026-09-24T02:30:00Z,4285.5786,4294.05703,4285.5786,4293.6988,
2026-09-24T02:35:00Z,4292.99369,4294.41926,4291.84549,4294.00635,
2026-09-24T02:40:00Z,4292.91209,4296.82465,4292.91209,4296.39821,
2026-09-24T02:45:00Z,4296.12719,4296.12719,4292.28911,4292.94963,
2026-09-24T02:50:00Z,4294.39892,4294.39892,4287.98079,4288.3767,
2026-09-24T02:55:00Z,4288.72696,4292.76669,4288.72696,4291.65998,
2026-09-24T03:00:00Z,4291.94215,4294.24722,4290.74058,4290.96773,
2026-09-24T03:05:00Z,4291.34489,4291.36816,4285.40819,4286.65917,
2026-09-24T03:10:00Z,4286.54401,4287.98079,4285.77551,4287.76504,
2026-09-24T03:15:00Z,4287.23471,4289.45224,4287.23471,4289.33933,
2026-09-24T03:20:00Z,4289.02251,4289.63624,4286.88605,4287.75012,
2026-09-24T03:25:00Z,4287.79905,4288.34856,4285.9592,4286.11601,
2026-09-24T03:30:00Z,4286.33713,4286.60911,4285.59184,4285.9642,
2026-09-24T03:35:00Z,4286.00239,4286.1105,4282.94981,4284.86312,
2026-09-24T03:40:00Z,4284.29058,4285.99054,4282.24464,4282.43903,
2026-09-24T03:45:00Z,4282.76431,4284.49015,4281.50253,4283.82011,
2026-09-24T03:50:00Z,4283.9093,4283.93951,4281.92173,4281.9462,
2026-09-24T03:55:00Z,4282.35211,4284.55207,4282.35211,4283.71382,
2026-09-24T04:00:00Z,4283.81533,4285.77551,4283.0221,4283.24119,
2026-09-24T04:05:00Z,4283.07391,4284.85146,4283.07391,4284.1914,
2026-09-24T04:10:00Z,4283.97509,4285.50688,4283.5875,4283.90096,
2026-09-24T04:15:00Z,4284.51152,4287.98079,4284.51152,4287.8276,
2026-09-24T04:20:00Z,4287.36586,4287.36586,4285.22455,4285.37959,
2026-09-24T04:25:00Z,4285.63592,4285.63592,4284.67372,4284.75421,
2026-09-24T04:30:00Z,4284.67104,4288.07359,4284.24269,4287.99774,
2026-09-24T04:35:00Z,4287.74394,4289.26825,4287.64243,4288.56209,
2026-09-24T04:40:00Z,4288.39812,4288.39812,4286.1429,4287.16417,
2026-09-24T04:45:00Z,4286.82014,4289.08428,4286.39038,4288.91251,
2026-09-24T04:50:00Z,4288.62947,4290.00429,4288.61499,4289.11132,
2026-09-24T04:55:00Z,4289.30002,4290.70694,4289.30002,4290.16257,
2026-09-24T05:00:00Z,4290.06366,4295.68537,4289.2499,4294.84229,
2026-09-24T05:05:00Z,4293.07641,4297.03483,4293.07641,4294.88592,
2026-09-24T05:10:00Z,4294.68596,4295.06575,4290.94765,4291.1805,
2026-09-24T05:15:00Z,4291.47902,4291.47902,4286.87787,4288.7941,
2026-09-24T05:20:00Z,4288.50241,4291.47713,4286.54755,4289.96868,
2026-09-24T05:25:00Z,4289.8085,4290.55913,4288.53246,4290.29706,
2026-09-24T05:30:00Z,4290.042,4290.56422,4286.1429,4289.65451,
2026-09-24T05:35:00Z,4289.19903,4289.19903,4284.85731,4286.23099,
2026-09-24T05:40:00Z,4286.54116,4286.54116,4281.73958,4281.8909,
2026-09-24T05:45:00Z,4282.08206,4285.22455,4278.97281,4283.95239,
2026-09-24T05:50:00Z,4284.54394,4284.54394,4281.95742,4283.85489,
2026-09-24T05:55:00Z,4283.91228,4283.91228,4278.25789,4279.08884,
2026-09-24T06:00:00Z,4278.91865,4283.20555,4278.62399,4281.45506,
2026-09-24T06:05:00Z,4281.93028,4287.09509,4278.6739,4286.69029,
2026-09-24T06:10:00Z,4285.93863,4286.32662,4282.82919,4283.3084,
2026-09-24T06:15:00Z,4284.22961,4284.23539,4280.27247,4282.23734,
2026-09-24T06:20:00Z,4282.33387,4286.71112,4282.33387,4286.50539,
2026-09-24T06:25:00Z,4286.33873,4286.33873,4282.4481,4282.73691,
2026-09-24T06:30:00Z,4283.13716,4283.38902,4281.00663,4281.40797,
2026-09-24T06:35:00Z,4282.16898,4283.16217,4275.85231,4279.76639,
2026-09-24T06:40:00Z,4279.30327,4280.47893,4277.34291,4278.6987,
2026-09-24T06:45:00Z,4278.33219,4279.09645,4274.78305,4275.41204,
2026-09-24T06:50:00Z,4275.36114,4277.79894,4274.54251,4277.5992,
2026-09-24T06:55:00Z,4277.31975,4278.82233,4276.93648,4278.2173,
2026-09-24T07:00:00Z,4277.87968,4279.49727,4275.14856,4278.6934,
2026-09-24T07:05:00Z,4276.8759,4285.22455,4276.8759,4282.45491,
2026-09-24T07:10:00Z,4282.39969,4284.67372,4281.51563,4284.42504,
2026-09-24T07:15:00Z,4284.08817,4287.61309,4282.06654,4285.4532,
2026-09-24T07:20:00Z,4286.17688,4287.99899,4281.37175,4281.61071,
2026-09-24T07:25:00Z,4282.08293,4284.12304,4282.08293,4284.00495,
2026-09-24T07:30:00Z,4283.77033,4287.79693,4283.38902,4287.49671,
2026-09-24T07:35:00Z,4286.56157,4286.6941,4282.55074,4285.17008,
2026-09-24T07:40:00Z,4285.78379,4285.78379,4280.63867,4282.62205,
2026-09-24T07:45:00Z,4282.1985,4286.3192,4280.45544,4280.78503,
2026-09-24T07:50:00Z,4281.34335,4284.12304,4280.08903,4282.25306,
2026-09-24T07:55:00Z,4282.47621,4283.756,4277.85393,4278.341,
2026-09-24T08:00:00Z,4279.3844,4284.30658,4275.91634,4283.90353,
2026-09-24T08:05:00Z,4283.7296,4284.93607,4282.77177,4282.94963,
2026-09-24T08:10:00Z,4283.19853,4283.19853,4278.22725,4280.59555,
2026-09-24T08:15:00Z,4280.14446,4280.14446,4268.21461,4268.7054,
2026-09-24T08:20:00Z,4269.51014,4272.95646,4268.08268,4268.3489,
2026-09-24T08:25:00Z,4268.79679,4268.79679,4263.11975,4264.94936,
2026-09-24T08:30:00Z,4264.78326,4273.32165,4264.75606,4272.65271,
2026-09-24T08:35:00Z,4272.85028,4272.85028,4265.01181,4267.92586,
2026-09-24T08:40:00Z,4267.32043,4269.30795,4266.7183,4269.13152,
2026-09-24T08:45:00Z,4268.84401,4269.85482,4267.87213,4269.73798,
2026-09-24T08:50:00Z,4269.668,4269.668,4262.86432,4263.89347,
2026-09-24T08:55:00Z,4266.24132,4266.24132,4261.30311,4262.0169,
2026-09-24T09:00:00Z,4261.91826,4266.86244,4257.48371,4261.00284,
2026-09-24T09:05:00Z,4262.122,4264.21048,4259.41955,4263.90185,
2026-09-24T09:10:00Z,4263.42206,4266.38504,4261.84794,4262.01862,
2026-09-24T09:15:00Z,4262.14813,4265.0497,4261.44829,4262.54135,
2026-09-24T09:20:00Z,4262.68144,4264.75606,4261.84794,4262.12219,
2026-09-24T09:25:00Z,4262.47834,4265.04335,4257.03288,4257.53533,
2026-09-24T09:30:00Z,4258.49503,4260.39536,4256.04358,4259.48567,
2026-09-24T09:35:00Z,4259.43972,4259.44317,4255.64739,4255.99202,
2026-09-24T09:40:00Z,4256.46316,4258.21836,4252.00375,4252.55868,
2026-09-24T09:45:00Z,4253.45714,4254.77599,4251.33917,4254.69617,
2026-09-24T09:50:00Z,4254.4958,4256.58707,4253.50915,4254.39334,
2026-09-24T09:55:00Z,4255.0328,4255.50023,4252.96644,4254.31942,
2026-09-24T10:00:00Z,4254.62247,4259.48801,4254.62247,4255.03036,
2026-09-24T10:05:00Z,4255.45878,4255.45878,4250.73907,4252.88707,
2026-09-24T10:10:00Z,4252.37596,4257.67446,4252.37596,4253.22146,
2026-09-24T10:15:00Z,4254.30594,4254.59496,4250.42002,4250.80407,
2026-09-24T10:20:00Z,4251.45627,4254.6574,4247.72747,4248.06849,
2026-09-24T10:25:00Z,4248.66186,4252.18308,4247.72747,4248.58454,
2026-09-24T10:30:00Z,4250.0093,4253.87102,4245.20292,4253.48506,
2026-09-24T10:35:00Z,4252.91722,4261.71215,4252.91722,4261.23944,
2026-09-24T10:40:00Z,4260.62945,4263.04281,4259.18398,4259.68165,
2026-09-24T10:45:00Z,4260.62146,4261.93643,4257.49748,4258.28806,
2026-09-24T10:50:00Z,4259.28371,4264.44897,4258.32777,4258.53181,
2026-09-24T10:55:00Z,4258.90381,4259.85091,4256.22473,4259.58643,
2026-09-24T11:00:00Z,4259.12552,4260.03238,4256.94947,4257.1485,
2026-09-24T11:05:00Z,4257.42133,4257.42133,4253.45532,4254.20073,
2026-09-24T11:10:00Z,4255.27044,4258.15687,4252.60472,4255.31882,
2026-09-24T11:15:00Z,4255.51406,4263.66505,4255.51406,4258.69567,
2026-09-24T11:20:00Z,4259.69925,4266.98611,4259.69925,4266.81289,
2026-09-24T11:25:00Z,4266.47775,4267.12183,4265.30177,4267.07703,
2026-09-24T11:30:00Z,4266.67448,4267.25411,4262.21124,4262.37865,
2026-09-24T11:35:00Z,4262.6512,4263.2323,4258.58104,4258.99579,
2026-09-24T11:40:00Z,4259.79148,4261.12153,4257.61173,4259.4303,
2026-09-24T11:45:00Z,4259.54223,4261.31446,4259.45507,4261.23772,
2026-09-24T11:50:00Z,4261.02558,4261.30311,4260.38399,4260.41675,
2026-09-24T11:55:00Z,4260.5362,4265.19226,4259.71744,4264.23699,
2026-09-24T12:00:00Z,4261.94531,4266.2116,4261.68517,4262.94668,
2026-09-24T12:05:00Z,4263.05866,4265.77843,4261.12153,4265.1721,
2026-09-24T12:10:00Z,4264.41165,4269.26814,4264.39741,4269.03285,
2026-09-24T12:15:00Z,4268.50851,4270.7666,4268.50851,4269.49219,
2026-09-24T12:20:00Z,4269.50136,4271.13142,4268.62891,4270.57791,
2026-09-24T12:25:00Z,4270.67888,4270.80718,4267.48602,4270.55493,
2026-09-24T12:30:00Z,4270.13056,4271.86125,4267.02701,4267.40033,
2026-09-24T12:35:00Z,4267.89434,4268.39679,4266.02961,4266.36498,
2026-09-24T12:40:00Z,4266.65833,4274.41761,4266.65833,4270.89976,
2026-09-24T12:45:00Z,4271.49598,4274.41761,4271.49598,4274.3781,
2026-09-24T12:50:00Z,4274.25626,4278.62399,4273.40637,4278.37766,
2026-09-24T12:55:00Z,4277.88833,4282.65525,4277.88833,4282.59712,
2026-09-24T13:00:00Z,4282.48281,4285.31806,4280.92645,4281.7185,
2026-09-24T13:05:00Z,4283.46917,4283.46917,4278.39834,4278.66611,
2026-09-24T13:10:00Z,4279.17234,4282.65525,4279.17234,4279.84266,
2026-09-24T13:15:00Z,4280.68731,4280.68731,4277.15997,4278.24067,
2026-09-24T13:20:00Z,4278.06042,4279.3947,4276.79412,4277.77076,
2026-09-24T13:25:00Z,4277.51813,4277.51813,4276.47135,4276.98156,
2026-09-24T13:30:00Z,4276.87431,4276.87431,4273.88657,4274.24122,
2026-09-24T13:35:00Z,4274.69345,4275.34244,4271.31386,4273.32733,
2026-09-24T13:40:00Z,4272.53542,4274.41761,4267.85028,4273.2042,
2026-09-24T13:45:00Z,4272.61073,4275.10884,4271.31386,4271.58662,
2026-09-24T13:50:00Z,4272.09711,4273.00783,4267.08639,4267.3733,
2026-09-24T13:55:00Z,4267.99569,4269.18189,4265.30177,4266.47475,
2026-09-24T14:00:00Z,4265.46699,4269.8163,4265.46699,4269.1987,
2026-09-24T14:05:00Z,4268.2516,4272.22626,4268.2516,4272.1071,
2026-09-24T14:10:00Z,4271.88026,4271.88026,4267.85028,4270.5564,
2026-09-24T14:15:00Z,4269.29742,4272.08097,4263.84684,4267.55484,
2026-09-24T14:20:00Z,4267.27873,4267.48602,4262.7563,4263.43099,
2026-09-24T14:25:00Z,4263.30373,4269.12568,4263.11975,4268.73499,
2026-09-24T14:30:00Z,4267.95721,4268.57339,4256.94947,4257.46256,
2026-09-24T14:35:00Z,4258.70543,4262.49422,4256.66188,4257.72981,
2026-09-24T14:40:00Z,4259.1472,4259.1472,4254.77599,4254.92427,
2026-09-24T14:45:00Z,4255.01737,4258.21836,4255.01737,4258.13356,
2026-09-24T14:50:00Z,4257.93924,4261.84794,4256.00715,4260.46871,
2026-09-24T14:55:00Z,4260.65911,4262.91991,4253.32823,4253.49781,
2026-09-24T15:00:00Z,4253.67715,4254.20395,4251.269,4251.37869,
2026-09-24T15:05:00Z,4251.72785,4253.5765,4248.81033,4250.84356,
2026-09-24T15:10:00Z,4250.57684,4252.42594,4246.05254,4246.51687,
2026-09-24T15:15:00Z,4247.5271,4252.71698,4243.31612,4249.43875,
2026-09-24T15:20:00Z,4250.36795,4255.50023,4250.36795,4255.35588,
2026-09-24T15:25:00Z,4254.98633,4255.13808,4249.89375,4250.04453,
2026-09-24T15:30:00Z,4250.2071,4252.3641,4247.72747,4249.39013,
2026-09-24T15:35:00Z,4249.04285,4252.96644,4247.04167,4252.70536,
2026-09-24T15:40:00Z,4252.18899,4255.08622,4252.18899,4254.65866,
2026-09-24T15:45:00Z,4253.59748,4256.92603,4253.34623,4255.43787,
2026-09-24T15:50:00Z,4255.72082,4261.22733,4254.95702,4257.99023,
2026-09-24T15:55:00Z,4259.33303,4259.33303,4256.22473,4257.00112,
2026-09-24T16:00:00Z,4257.07939,4257.37599,4255.86245,4257.14412,
2026-09-24T16:05:00Z,4256.71019,4258.21836,4252.96644,4253.71591,
2026-09-24T16:10:00Z,4253.82183,4254.59496,4253.32621,4253.7692,
2026-09-24T16:15:00Z,4253.96075,4287.61309,4247.866,4278.83928,
2026-09-24T16:20:00Z,4281.78757,4281.78757,4273.13905,4274.40323,
2026-09-24T16:25:00Z,4275.2723,4276.24546,4272.96789,4276.10085,
2026-09-24T16:30:00Z,4275.8001,4277.15997,4270.78523,4275.04118,
2026-09-24T16:35:00Z,4274.48248,4278.48242,4272.12806,4276.47638,
2026-09-24T16:40:00Z,4276.87467,4284.49015,4275.51413,4279.7034,
2026-09-24T16:45:00Z,4281.80923,4282.11009,4272.40878,4276.77635,
2026-09-24T16:50:00Z,4276.54968,4278.10316,4271.31386,4271.94144,
2026-09-24T16:55:00Z,4273.06433,4276.24546,4272.63693,4274.80659,
2026-09-24T17:00:00Z,4275.4488,4278.62399,4270.58422,4277.90929,
2026-09-24T17:05:00Z,4276.24298,4276.24298,4270.949,4271.4782,
2026-09-24T17:10:00Z,4271.74808,4271.74808,4268.25082,4270.88245,
2026-09-24T17:15:00Z,4269.772,4271.86125,4265.74419,4266.06228,
2026-09-24T17:20:00Z,4266.65245,4266.65245,4262.84038,4263.83093,
2026-09-24T17:25:00Z,4264.2823,4264.2823,4260.57688,4263.18093,
2026-09-24T17:30:00Z,4262.51892,4265.48371,4262.35685,4265.4075,
2026-09-24T17:35:00Z,4265.13161,4265.48371,4262.39291,4262.47733,
2026-09-24T17:40:00Z,4262.6203,4262.91976,4259.30658,4259.56848,
2026-09-24T17:45:00Z,4259.9257,4260.03238,4258.02759,4258.9415,
2026-09-24T17:50:00Z,4259.66749,4261.12153,4258.03704,4261.00216,
2026-09-24T17:55:00Z,4260.7392,4265.60106,4260.23515,4265.17843,
2026-09-24T18:00:00Z,4264.42241,4265.84762,4257.67544,4258.0123,
2026-09-24T18:05:00Z,4258.64162,4262.93802,4257.01489,4262.85785,
2026-09-24T18:10:00Z,4262.67846,4269.82881,4262.39291,4269.53994,
2026-09-24T18:15:00Z,4269.10346,4271.86125,4267.88043,4269.81123,
2026-09-24T18:20:00Z,4270.34454,4270.34454,4267.74854,4269.14872,
2026-09-24T18:25:00Z,4268.78393,4275.14856,4267.74888,4274.54205,
2026-09-24T18:30:00Z,4274.01024,4275.51413,4272.28082,4272.75505,
2026-09-24T18:35:00Z,4273.79051,4279.48546,4262.73725,4276.57923,
2026-09-24T18:40:00Z,4270.15865,4282.47184,4270.15865,4270.7505,
2026-09-24T18:45:00Z,4271.48042,4272.30052,4271.31386,4272.04118,
2026-09-24T18:50:00Z,4271.5714,4275.17953,4271.5714,4274.22009,
2026-09-24T18:55:00Z,4274.49536,4274.9912,4273.14099,4273.45967,
2026-09-24T19:00:00Z,4274.0934,4274.0934,4267.76566,4268.26786,
2026-09-24T19:05:00Z,4269.23736,4270.21949,4267.30392,4270.0697,
2026-09-24T19:10:00Z,4269.95838,4270.41775,4267.48602,4269.05698,
2026-09-24T19:15:00Z,4268.87236,4271.31386,4267.47766,4271.24327,
2026-09-24T19:20:00Z,4271.05119,4273.80053,4270.40184,4273.16234,
2026-09-24T19:25:00Z,4272.03664,4276.24546,4272.03664,4273.15732,
2026-09-24T19:30:00Z,4273.66736,4273.66736,4272.17422,4272.70229,
2026-09-24T19:35:00Z,4272.56723,4273.82902,4272.21001,4273.55452,
2026-09-24T19:40:00Z,4272.78043,4276.0626,4272.18823,4275.41576,
2026-09-24T19:45:00Z,4274.95427,4276.0626,4273.44343,4274.53411,
2026-09-24T19:50:00Z,4274.73568,4275.23097,4273.50427,4274.58658,
2026-09-24T19:55:00Z,4274.29515,4274.9658,4273.13822,4273.28515,
2026-09-24T20:00:00Z,4273.52655,4274.70195,4271.62381,4271.77846,
2026-09-24T20:05:00Z,4272.20586,4273.08419,4271.31039,4271.63405,
2026-09-24T20:10:00Z,4272.29493,4272.77388,4270.70406,4271.0,
2026-09-24T20:15:00Z,4271.48887,4271.48887,4265.48371,4265.76233,
2026-09-24T20:20:00Z,4266.22699,4266.35634,4264.93795,4265.0057,
2026-09-24T20:25:00Z,4265.3855,4266.80792,4265.32201,4265.44344,
2026-09-24T20:30:00Z,4265.62064,4267.48602,4265.0412,4267.43859,
2026-09-24T20:35:00Z,4267.29318,4268.37718,4266.93975,4268.03455,
2026-09-24T20:40:00Z,4267.1172,4271.43477,4266.958,4271.13023,
2026-09-24T20:45:00Z,4270.62556,4272.40878,4270.62556,4271.85022,
2026-09-24T20:50:00Z,4271.38462,4272.49364,4271.38462,4272.36494,
2026-09-24T20:55:00Z,4271.93849,4275.37015,4270.81751,4275.2841,
2026-09-24T21:00:00Z,4275.09543,4278.35993,4273.94492,4278.1122,
2026-09-24T21:05:00Z,4277.76526,4278.69591,4277.76526,4278.60617,
2026-09-24T21:10:00Z,4278.50811,4278.71255,4278.44094,4278.56978,
2026-09-24T21:15:00Z,4278.47805,4278.8323,4278.406,4278.75592,
2026-09-24T21:20:00Z,4278.61305,4278.76751,4278.44094,4278.64757,
2026-09-24T21:25:00Z,4278.55448,4278.72912,4278.44094,4278.59394,
2026-09-24T21:30:00Z,4278.52556,4278.76376,4278.44094,4278.73176,
2026-09-24T21:35:00Z,4278.64698,4278.77253,4278.41096,4278.47389,
2026-09-24T21:40:00Z,4278.54007,4278.65866,4278.44094,4278.46344,
2026-09-24T21:45:00Z,4278.52331,4278.67051,4278.37405,4278.5554,
2026-09-24T21:50:00Z,4278.47833,4278.89143,4278.44094,4278.86232,
2026-09-24T21:55:00Z,4278.7608,4278.99635,4278.14457,4278.81633,
2026-09-24T22:00:00Z,4278.50685,4280.93496,4272.40878,4276.0332,
2026-09-24T22:05:00Z,4275.7899,4275.7899,4272.04375,4273.29654,
2026-09-24T22:10:00Z,4273.28413,4273.28413,4270.949,4271.14879,
2026-09-24T22:15:00Z,4271.1682,4271.19857,4269.11881,4269.45796,
2026-09-24T22:20:00Z,4270.14596,4270.14596,4268.03244,4269.55704,
2026-09-24T22:25:00Z,4268.87174,4271.86125,4268.87174,4271.6196,
2026-09-24T22:30:00Z,4271.43663,4272.77388,4270.874,4272.30917,
2026-09-24T22:35:00Z,4271.79253,4272.59133,4270.62744,4271.79874,
2026-09-24T22:40:00Z,4271.57517,4271.86159,4269.85482,4271.80294,
2026-09-24T22:45:00Z,4271.75441,4272.32826,4271.13142,4271.56318,
2026-09-24T22:50:00Z,4271.54013,4272.42406,4271.54013,4271.72108,
2026-09-24T22:55:00Z,4271.70059,4274.41761,4271.70059,4273.14974,
2026-09-24T23:00:00Z,4273.26317,4274.78305,4272.77388,4274.62735,
2026-09-24T23:05:00Z,4274.33933,4274.78305,4272.95646,4273.09953,
2026-09-24T23:10:00Z,4273.33333,4274.23491,4272.77388,4274.04999,
2026-09-24T23:15:00Z,4273.95809,4274.30908,4272.77388,4273.95782,
2026-09-24T23:20:00Z,4273.0782,4274.60032,4273.0782,4273.6406,
2026-09-24T23:25:00Z,4273.55587,4273.81555,4272.13573,4273.2107,
2026-09-24T23:30:00Z,4273.06181,4274.30109,4271.67877,4274.15745,
2026-09-24T23:35:00Z,4273.88688,4275.12641,4273.13905,4274.74819,
2026-09-24T23:40:00Z,4273.72299,4275.69694,4273.72299,4273.85212,
2026-09-24T23:45:00Z,4274.12118,4274.60032,4272.62659,4272.95185,
2026-09-24T23:50:00Z,4273.60824,4273.60824,4269.02291,4270.35733,
2026-09-24T23:55:00Z,4270.22837,4270.22837,4265.81235,4266.03263,
2026-09-25T00:00:00Z,4266.30631,4269.96742,4263.88074,4268.71361,
2026-09-25T00:05:00Z,4268.70321,4270.5764,4267.58046,4269.06936,
2026-09-25T00:10:00Z,4268.50612,4269.85482,4266.57565,4266.6869,
2026-09-25T00:15:00Z,4266.71649,4268.94344,4265.48371,4268.55408,
2026-09-25T00:20:00Z,4268.39887,4271.31386,4267.21505,4270.93406,
2026-09-25T00:25:00Z,4270.14621,4271.06377,4269.30795,4269.74276,
2026-09-25T00:30:00Z,4269.87853,4270.21949,4266.9698,4269.99833,
2026-09-25T00:35:00Z,4269.60078,4270.949,4269.46307,4269.72102,
2026-09-25T00:40:00Z,4269.96857,4272.40878,4268.3063,4272.06163,
2026-09-25T00:45:00Z,4271.9655,4273.33889,4271.4246,4272.84128,
2026-09-25T00:50:00Z,4271.75875,4274.23491,4271.75875,4273.39458,
2026-09-25T00:55:00Z,4273.40719,4280.82192,4273.1978,4280.62268,
2026-09-25T01:00:00Z,4280.22171,4284.12304,4276.40049,4283.79342,
2026-09-25T01:05:00Z,4283.44448,4284.85731,4281.92173,4284.75658,
2026-09-25T01:10:00Z,4284.43139,4289.39983,4284.21787,4286.61302,
2026-09-25T01:15:00Z,4287.35918,4291.47713,4287.35918,4290.43412,
2026-09-25T01:20:00Z,4290.74514,4294.37564,4289.82026,4292.51681,
2026-09-25T01:25:00Z,4292.79364,4294.18299,4292.76669,4293.11185,
2026-09-25T01:30:00Z,4293.38838,4294.67997,4292.76669,4294.51129,
2026-09-25T01:35:00Z,4294.29239,4295.38613,4292.39816,4295.2884,
2026-09-25T01:40:00Z,4295.00545,4295.53265,4294.42584,4295.29097,
2026-09-25T01:45:00Z,4295.19536,4295.34519,4288.36037,4288.60767,
2026-09-25T01:50:00Z,4288.91835,4288.91835,4287.06165,4287.45469,
2026-09-25T01:55:00Z,4287.4231,4288.70865,4287.4231,4288.56237,
2026-09-25T02:00:00Z,4288.11161,4292.0297,4288.11161,4291.838,
2026-09-25T02:05:00Z,4291.46886,4294.79471,4291.46567,4293.40493,
2026-09-25T02:10:00Z,4293.86956,4294.97917,4290.55649,4290.80751,
2026-09-25T02:15:00Z,4291.23811,4291.26009,4289.08428,4290.528,
2026-09-25T02:20:00Z,4290.06669,4292.21392,4290.06669,4291.4532,
2026-09-25T02:25:00Z,4291.92841,4291.92841,4289.03705,4289.18637,
2026-09-25T02:30:00Z,4289.38558,4289.48025,4287.12817,4288.45595,
2026-09-25T02:35:00Z,4288.27668,4288.27668,4284.38612,4284.65731,
2026-09-25T02:40:00Z,4285.29087,4286.66171,4282.55909,4285.76363,
2026-09-25T02:45:00Z,4284.83621,4287.61309,4281.92173,4282.14036,
2026-09-25T02:50:00Z,4282.43737,4283.32549,4279.17326,4280.81471,
2026-09-25T02:55:00Z,4280.13622,4283.78458,4279.76204,4283.73799,
2026-09-25T03:00:00Z,4283.62331,4284.30658,4282.96876,4283.28419,
2026-09-25T03:05:00Z,4283.19947,4287.31076,4281.78946,4286.85354,
2026-09-25T03:10:00Z,4286.1194,4286.1194,4283.20555,4283.29471,
2026-09-25T03:15:00Z,4283.44093,4284.85731,4282.79142,4283.25391,
2026-09-25T03:20:00Z,4283.29582,4284.5325,4282.77519,4283.11718,
2026-09-25T03:25:00Z,4283.77705,4283.77705,4278.62337,4278.91511,
2026-09-25T03:30:00Z,4279.48895,4279.48895,4277.15997,4277.86147,
2026-09-25T03:35:00Z,4277.77043,4278.78457,4273.86956,4275.15525,
2026-09-25T03:40:00Z,4274.91712,4275.69694,4274.40069,4275.50645,
2026-09-25T03:45:00Z,4275.47089,4276.13357,4272.04375,4272.15057,
2026-09-25T03:50:00Z,4272.28702,4273.02,4271.91872,4272.37438,
2026-09-25T03:55:00Z,4272.51312,4272.51312,4270.63843,4270.81746,
2026-09-25T04:00:00Z,4271.1318,4271.1318,4269.49022,4269.6903,
2026-09-25T04:05:00Z,4269.77951,4271.70993,4269.67252,4270.51805,
2026-09-25T04:10:00Z,4270.34406,4270.7666,4268.99671,4269.38989,
2026-09-25T04:15:00Z,4270.21266,4270.21266,4268.21461,4268.60026,
2026-09-25T04:20:00Z,4269.02644,4270.37601,4268.03244,4270.22858,
2026-09-25T04:25:00Z,4269.88298,4271.90088,4269.88298,4271.70867,
2026-09-25T04:30:00Z,4271.28764,4272.05296,4270.949,4271.02956,
2026-09-25T04:35:00Z,4271.24309,4272.04375,4270.47017,4271.97821,
2026-09-25T04:40:00Z,4271.8832,4273.50427,4270.58422,4273.41112,
2026-09-25T04:45:00Z,4273.23917,4273.26809,4271.49631,4271.58524,
2026-09-25T04:50:00Z,4271.72134,4271.90975,4267.48602,4267.72739,
2026-09-25T04:55:00Z,4268.08128,4269.67175,4262.93802,4263.18147,
2026-09-25T05:00:00Z,4263.56582,4263.84684,4260.53198,4260.90134,
2026-09-25T05:05:00Z,4261.60546,4262.21124,4259.48801,4259.69253,
2026-09-25T05:10:00Z,4259.76758,4261.66631,4257.31193,4257.68731,
2026-09-25T05:15:00Z,4258.0205,4260.75841,4257.31193,4260.53286,
2026-09-25T05:20:00Z,4260.43213,4261.84794,4260.03238,4261.08411,
2026-09-25T05:25:00Z,4261.46064,4265.48371,4260.39536,4265.12944,
2026-09-25T05:30:00Z,4264.49851,4272.22626,4262.42701,4271.85979,
2026-09-25T05:35:00Z,4271.23634,4273.69306,4265.84762,4271.69686,
2026-09-25T05:40:00Z,4270.3906,4274.9658,4270.3906,4272.75647,
2026-09-25T05:45:00Z,4273.18314,4274.9658,4271.80859,4272.20036,
2026-09-25T05:50:00Z,4272.88218,4273.35607,4268.94344,4269.30441,
2026-09-25T05:55:00Z,4270.04727,4270.04727,4265.66566,4267.49443,
2026-09-25T06:00:00Z,4267.2899,4272.22626,4267.2899,4270.71375,
2026-09-25T06:05:00Z,4270.89699,4273.64932,4268.03244,4268.11542,
2026-09-25T06:10:00Z,4268.19576,4275.87976,4267.2321,4274.47735,
2026-09-25T06:15:00Z,4274.45486,4281.67114,4273.81715,4278.85792,
2026-09-25T06:20:00Z,4279.37676,4280.94844,4276.61121,4276.95007,
2026-09-25T06:25:00Z,4277.53541,4279.09084,4275.45697,4276.09043,
2026-09-25T06:30:00Z,4277.22429,4277.22429,4274.41761,4275.88571,
2026-09-25T06:35:00Z,4275.42742,4277.34291,4275.33134,4277.20164,
2026-09-25T06:40:00Z,4276.86566,4277.39913,4276.21233,4277.37617,
2026-09-25T06:45:00Z,4277.30569,4277.76195,4275.95245,4276.09054,
2026-09-25T06:50:00Z,4276.4929,4277.49797,4275.14856,4275.26456,
2026-09-25T06:55:00Z,4275.30382,4279.01266,4275.30382,4278.54688,
2026-09-25T07:00:00Z,4277.8094,4280.31354,4273.87094,4275.72884,
2026-09-25T07:05:00Z,4276.14035,4278.80707,4275.26787,4277.24455,
2026-09-25T07:10:00Z,4277.77409,4277.77409,4274.94645,4276.36011,
2026-09-25T07:15:00Z,4276.1939,4276.79412,4274.1772,4274.4198,
2026-09-25T07:20:00Z,4274.72614,4275.14856,4272.39765,4274.68837,
2026-09-25T07:25:00Z,4274.62265,4275.14856,4272.04375,4274.23906,
2026-09-25T07:30:00Z,4273.87121,4277.52588,4272.34274,4272.83623,
2026-09-25T07:35:00Z,4273.59409,4280.08903,4272.52837,4279.64838,
2026-09-25T07:40:00Z,4279.61322,4279.61322,4274.81398,4277.45232,
2026-09-25T07:45:00Z,4277.24611,4280.82192,4276.24546,4278.17292,
2026-09-25T07:50:00Z,4278.66446,4280.63867,4278.25789,4280.42158,
2026-09-25T07:55:00Z,4279.84259,4281.65635,4278.29075,4279.84362,
2026-09-25T08:00:00Z,4280.12882,4282.64613,4275.33134,4275.57453,
2026-09-25T08:05:00Z,4276.0368,4278.59922,4275.87976,4278.44211,
2026-09-25T08:10:00Z,4278.16426,4282.10508,4278.16426,4281.93409,
2026-09-25T08:15:00Z,4281.43447,4284.60835,4280.82816,4281.21182,
2026-09-25T08:20:00Z,4281.57874,4281.57874,4280.08903,4280.48575,
2026-09-25T08:25:00Z,4280.45056,4284.25573,4278.95628,4283.46318,
2026-09-25T08:30:00Z,4282.3743,4288.90033,4282.3743,4288.6592,
2026-09-25T08:35:00Z,4288.07941,4288.90033,4285.9592,4286.1117,
2026-09-25T08:40:00Z,4286.46152,4291.22408,4286.40525,4290.66171,
2026-09-25T08:45:00Z,4289.2518,4296.08627,4289.2518,4290.6403,
2026-09-25T08:50:00Z,4291.43511,4293.50393,4290.70574,4292.36905,
2026-09-25T08:55:00Z,4292.44541,4294.61026,4292.0297,4294.519,
2026-09-25T09:00:00Z,4294.32981,4297.3786,4294.05703,4297.23435,
2026-09-25T09:05:00Z,4296.93498,4297.35429,4294.42584,4296.86262,
2026-09-25T09:10:00Z,4296.12682,4297.74798,4295.31352,4296.59607,
2026-09-25T09:15:00Z,4296.45973,4296.45973,4291.74354,4291.99339,
2026-09-25T09:20:00Z,4292.70408,4296.05033,4292.70408,4295.86257,
2026-09-25T09:25:00Z,4295.55326,4296.85113,4290.18834,4290.59676,
2026-09-25T09:30:00Z,4290.68791,4296.77726,4290.55649,4296.52717,
2026-09-25T09:35:00Z,4296.09923,4297.19393,4293.47393,4293.89007,
2026-09-25T09:40:00Z,4294.42481,4294.88722,4292.58242,4293.01973,
2026-09-25T09:45:00Z,4293.52001,4295.71717,4291.84549,4292.03023,
2026-09-25T09:50:00Z,4292.24771,4293.41408,4292.04181,4293.18577,
2026-09-25T09:55:00Z,4292.75849,4294.79471,4292.0297,4294.58749,
2026-09-25T10:00:00Z,4294.23091,4296.45542,4294.23091,4294.63959,
2026-09-25T10:05:00Z,4294.99488,4302.58332,4294.99488,4301.41873,
2026-09-25T10:10:00Z,4299.92036,4306.37201,4299.72194,4305.25726,
2026-09-25T10:15:00Z,4302.98317,4307.74533,4302.98317,4305.14108,
2026-09-25T10:20:00Z,4305.09153,4308.67336,4304.40771,4308.49573,
2026-09-25T10:25:00Z,4308.09944,4309.51449,4306.23964,4308.06211,
2026-09-25T10:30:00Z,4308.30869,4309.85097,4305.89046,4306.03724,
2026-09-25T10:35:00Z,4306.26791,4308.4312,4303.69603,4304.13009,
2026-09-25T10:40:00Z,4305.05047,4305.42094,4302.18928,4305.04242,
2026-09-25T10:45:00Z,4304.10062,4306.51331,4304.10062,4306.40209,
2026-09-25T10:50:00Z,4306.1776,4308.06527,4304.72252,4305.18779,
2026-09-25T10:55:00Z,4305.56321,4311.64576,4305.56321,4310.63637,
2026-09-25T11:00:00Z,4310.79717,4312.46562,4309.97328,4310.24046,
2026-09-25T11:05:00Z,4310.28827,4314.62316,4309.98515,4314.41136,
2026-09-25T11:10:00Z,4314.06565,4315.59598,4312.60368,4313.08106,
2026-09-25T11:15:00Z,4313.94033,4313.94033,4311.27161,4311.43194,
2026-09-25T11:20:00Z,4311.69339,4311.69339,4309.78753,4309.82027,
2026-09-25T11:25:00Z,4309.74828,4310.6459,4305.30388,4306.17158,
2026-09-25T11:30:00Z,4307.94161,4307.94161,4304.22244,4304.34859,
2026-09-25T11:35:00Z,4304.59404,4306.40763,4301.75232,4304.62035,
2026-09-25T11:40:00Z,4303.53154,4303.53154,4300.15051,4300.59729,
2026-09-25T11:45:00Z,4300.88544,4304.22244,4300.88544,4303.83538,
2026-09-25T11:50:00Z,4303.56244,4304.7783,4303.05932,4304.56382,
2026-09-25T11:55:00Z,4304.46145,4304.96362,4303.85195,4304.87644,
2026-09-25T12:00:00Z,4304.81485,4304.81485,4302.18551,4303.91929,
2026-09-25T12:05:00Z,4303.96595,4305.60853,4302.37061,4302.75122,
2026-09-25T12:10:00Z,4303.15236,4303.66672,4298.99469,4299.7239,
2026-09-25T12:15:00Z,4300.6969,4301.63032,4297.93269,4298.5442,
2026-09-25T12:20:00Z,4298.70657,4307.37422,4295.74594,4304.82534,
2026-09-25T12:25:00Z,4305.1882,4309.04468,4304.9256,4308.96826,
2026-09-25T12:30:00Z,4308.89524,4308.89524,4299.9656,4300.77931,
2026-09-25T12:35:00Z,4300.59669,4304.52097,4298.48693,4301.79956,
2026-09-25T12:40:00Z,4300.81932,4302.55572,4297.93269,4298.25439,
2026-09-25T12:45:00Z,4298.67539,4307.64088,4298.67539,4307.05799,
2026-09-25T12:50:00Z,4305.55422,4305.55422,4297.20033,4300.12522,
2026-09-25T12:55:00Z,4298.89841,4301.26027,4298.67171,4298.99623,
2026-09-25T13:00:00Z,4299.15098,4299.47718,4293.31959,4293.58508,
2026-09-25T13:05:00Z,4293.66598,4297.3786,4293.13528,4297.08575,
2026-09-25T13:10:00Z,4296.96126,4297.63751,4294.72697,4295.25951,
2026-09-25T13:15:00Z,4296.32206,4296.32206,4291.16081,4291.66702,
2026-09-25T13:20:00Z,4292.77981,4292.77981,4286.32121,4286.84803,
2026-09-25T13:25:00Z,4288.00659,4288.00659,4280.08903,4280.42208,
2026-09-25T13:30:00Z,4280.87364,4280.87364,4275.09924,4280.17866,
2026-09-25T13:35:00Z,4279.58057,4284.12304,4278.23284,4283.67382,
2026-09-25T13:40:00Z,4283.16896,4283.16896,4278.25789,4278.61258,
2026-09-25T13:45:00Z,4279.17292,4280.76291,4274.78305,4276.9229,
2026-09-25T13:50:00Z,4276.28798,4283.38902,4276.28798,4282.00736,
2026-09-25T13:55:00Z,4282.24864,4282.24864,4276.61121,4277.57415,
2026-09-25T14:00:00Z,4277.53053,4277.53053,4264.15977,4264.94262,
2026-09-25T14:05:00Z,4266.03127,4269.96256,4254.77599,4265.32395,
2026-09-25T14:10:00Z,4264.39906,4266.93975,4264.39906,4266.44793,
2026-09-25T14:15:00Z,4266.32677,4266.57565,4261.30311,4263.94125,
2026-09-25T14:20:00Z,4262.79413,4268.92199,4262.79413,4268.6064,
2026-09-25T14:25:00Z,4267.86003,4269.85482,4267.86003,4268.4166,
2026-09-25T14:30:00Z,4268.76519,4268.76519,4263.3015,4265.70466,
2026-09-25T14:35:00Z,4265.10943,4273.13905,4265.10943,4272.5546,
2026-09-25T14:40:00Z,4271.24341,4272.59133,4269.47752,4271.48577,
2026-09-25T14:45:00Z,4271.02487,4276.93332,4269.85482,4276.45743,
2026-09-25T14:50:00Z,4275.37927,4279.08972,4272.77388,4276.50741,
2026-09-25T14:55:00Z,4275.80982,4280.82192,4275.80982,4277.71519,
2026-09-25T15:00:00Z,4277.95605,4281.55506,4277.11788,4279.69362,
2026-09-25T15:05:00Z,4279.67303,4282.28845,4277.29177,4277.71605,
2026-09-25T15:10:00Z,4278.54365,4278.54365,4274.58211,4278.04437,
2026-09-25T15:15:00Z,4277.09931,4282.45413,4276.95519,4278.19575,
2026-09-25T15:20:00Z,4280.09173,4280.09173,4272.77388,4278.83286,
2026-09-25T15:25:00Z,4278.38812,4282.10508,4275.69694,4280.1651,
2026-09-25T15:30:00Z,4280.30365,4284.87254,4280.30365,4284.64048,
2026-09-25T15:35:00Z,4284.05895,4285.40819,4277.43502,4278.11284,
2026-09-25T15:40:00Z,4279.31313,4279.31313,4276.17786,4276.61849,
2026-09-25T15:45:00Z,4277.42782,4277.42782,4273.49423,4273.95847,
2026-09-25T15:50:00Z,4274.08238,4275.23374,4270.38283,4274.36294,
2026-09-25T15:55:00Z,4273.15892,4288.10771,4273.15892,4286.53507,
2026-09-25T16:00:00Z,4284.23732,4295.91534,4284.23732,4295.39409,
2026-09-25T16:05:00Z,4294.68061,4298.30217,4292.95097,4293.44996,
2026-09-25T16:10:00Z,4294.35685,4297.15148,4289.30664,4290.12593,
2026-09-25T16:15:00Z,4291.80408,4292.21392,4288.16467,4289.33428,
2026-09-25T16:20:00Z,4289.8363,4289.8363,4286.97955,4287.16102,
2026-09-25T16:25:00Z,4287.47375,4293.13528,4285.27445,4291.4203,
2026-09-25T16:30:00Z,4291.85293,4296.07334,4284.24875,4286.39541,
2026-09-25T16:35:00Z,4291.4768,4291.4768,4281.92173,4286.44973,
2026-09-25T16:40:00Z,4286.72113,4288.34856,4283.99388,4288.2237,
2026-09-25T16:45:00Z,4287.8769,4288.34856,4282.65204,4283.28665,
2026-09-25T16:50:00Z,4284.71924,4285.65155,4281.39746,4285.56726,
2026-09-25T16:55:00Z,4285.39084,4287.5555,4283.97819,4286.1971,
2026-09-25T17:00:00Z,4286.16522,4291.6613,4286.06582,4291.53133,
2026-09-25T17:05:00Z,4291.32079,4291.91993,4290.55649,4290.66542,
2026-09-25T17:10:00Z,4291.06601,4292.95097,4291.06601,4292.69138,
2026-09-25T17:15:00Z,4292.5393,4292.5393,4290.10937,4290.56379,
2026-09-25T17:20:00Z,4290.90903,4292.21392,4289.82026,4291.27183,
2026-09-25T17:25:00Z,4290.86748,4293.13528,4286.3271,4287.33071,
2026-09-25T17:30:00Z,4288.7463,4288.7463,4285.22455,4287.00685,
2026-09-25T17:35:00Z,4287.03417,4287.03417,4280.63867,4282.2174,
2026-09-25T17:40:00Z,4282.02153,4287.79693,4282.02153,4286.65815,
2026-09-25T17:45:00Z,4287.16532,4287.23895,4281.92173,4283.98527,
2026-09-25T17:50:00Z,4283.16314,4285.04092,4283.16314,4284.77277,
2026-09-25T17:55:00Z,4284.57257,4285.40819,4282.65525,4282.75606,
2026-09-25T18:00:00Z,4283.01341,4284.31122,4283.01341,4283.5974,
2026-09-25T18:05:00Z,4283.64422,4285.20834,4283.003,4285.0062,
2026-09-25T18:10:00Z,4284.69236,4285.77551,4283.756,4284.45339,
2026-09-25T18:15:00Z,4284.22387,4287.51017,4283.87098,4287.18545,
2026-09-25T18:20:00Z,4286.49033,4288.98256,4286.49033,4288.40652,
2026-09-25T18:25:00Z,4287.1506,4290.82252,4285.23731,4285.54542,
2026-09-25T18:30:00Z,4286.26215,4291.42517,4286.26215,4291.24077,
2026-09-25T18:35:00Z,4290.69011,4294.66881,4289.26825,4289.50325,
2026-09-25T18:40:00Z,4289.89835,4291.31296,4287.98079,4291.08408,
2026-09-25T18:45:00Z,4290.78175,4294.50199,4290.47871,4293.71279,
2026-09-25T18:50:00Z,4292.15095,4296.27084,4292.15095,4296.13945,
2026-09-25T18:55:00Z,4295.76119,4295.76119,4294.42584,4294.57788,
2026-09-25T19:00:00Z,4294.76917,4295.90171,4291.55425,4291.74751,
2026-09-25T19:05:00Z,4291.99212,4294.61026,4288.67969,4294.35442,
2026-09-25T19:10:00Z,4294.14558,4295.73093,4292.46565,4295.00004,
2026-09-25T19:15:00Z,4293.74424,4297.0096,4293.6553,4293.92523,
2026-09-25T19:20:00Z,4294.44691,4294.44691,4289.82026,4289.95778,
2026-09-25T19:25:00Z,4290.27784,4291.09875,4288.34856,4288.52075,
2026-09-25T19:30:00Z,4288.76557,4289.45224,4288.45787,4288.91463,
2026-09-25T19:35:00Z,4288.83615,4294.24142,4288.71639,4294.09401,
2026-09-25T19:40:00Z,4293.80129,4293.80129,4292.76669,4293.60374,
2026-09-25T19:45:00Z,4293.40473,4294.47998,4293.0385,4293.54118,
2026-09-25T19:50:00Z,4293.77128,4294.25903,4290.74058,4290.8658,
2026-09-25T19:55:00Z,4291.0344,4291.55388,4289.93026,4290.189,
2026-09-25T20:00:00Z,4290.63785,4292.18017,4290.63785,4291.62635,
2026-09-25T20:05:00Z,4291.81542,4292.70006,4290.3724,4291.31011,
2026-09-25T20:10:00Z,4291.34962,4291.87898,4290.92469,4291.01244,
2026-09-25T20:15:00Z,4291.06311,4291.29297,4290.14894,4290.18374,
2026-09-25T20:20:00Z,4290.21678,4290.32258,4288.16467,4289.21993,
2026-09-25T20:25:00Z,4289.04014,4289.26825,4287.71615,4288.14517,
2026-09-25T20:30:00Z,4288.04603,4288.04603,4286.6941,4286.92547,
2026-09-25T20:35:00Z,4286.98344,4286.98344,4285.77551,4285.89061,
2026-09-25T20:40:00Z,4286.01568,4286.46495,4285.56618,4285.59434,
2026-09-25T20:45:00Z,4285.59372,4286.08819,4284.85731,4285.80693,
2026-09-25T20:50:00Z,4285.40083,4287.42926,4285.22455,4286.3474,
2026-09-25T20:55:00Z,4286.86194,4287.09162,4285.2413,4286.73973,
2026-09-25T21:00:00Z,4286.27247,4286.31921,4284.85731,4286.2414,
2026-09-25T21:05:00Z,4286.11542,4286.27583,4286.11542,4286.13711,
2026-09-25T21:10:00Z,4286.14841,4286.32991,4285.9592,4286.2181,
2026-09-25T21:15:00Z,4286.13656,4286.308,4285.9592,4286.12703,
2026-09-25T21:20:00Z,4286.01995,4286.32473,4285.77551,4286.24758,
2026-09-25T21:25:00Z,4286.12529,4286.4489,4285.56037,4286.20069,
2026-09-25T21:30:00Z,4286.12791,4286.42654,4285.74533,4286.12539,
2026-09-25T21:35:00Z,4285.9919,4286.29085,4285.9919,4286.21553,
2026-09-25T21:40:00Z,4286.14636,4286.33186,4286.07868,4286.12134,
2026-09-25T21:45:00Z,4286.1429,4286.29549,4286.04658,4286.15566,
2026-09-25T21:50:00Z,4286.13247,4286.32788,4285.77551,4286.24425,
2026-09-25T21:55:00Z,4286.15568,4286.26213,4285.9592,4286.14073,
2026-09-25T22:00:00Z,4286.08044,4286.32308,4286.04912,4286.09605,
2026-09-25T22:05:00Z,4286.12281,4286.29382,4286.08226,4286.20229,
2026-09-25T22:10:00Z,4286.14491,4286.33767,4286.0836,4286.23653,
2026-09-25T22:15:00Z,4286.14657,4286.32832,4286.11256,4286.20179,
2026-09-25T22:20:00Z,4286.14275,4286.33515,4286.08523,4286.11963,
2026-09-25T22:25:00Z,4286.1459,4286.30399,4286.09269,4286.19596,
2026-09-25T22:30:00Z,4286.14318,4286.33518,4286.08064,4286.23883,
2026-09-25T22:35:00Z,4286.14692,4286.33108,4286.10675,4286.20346,
2026-09-25T22:40:00Z,4286.14265,4286.33577,4286.08813,4286.11763,
2026-09-25T22:45:00Z,4286.14588,4286.31292,4286.08868,4286.19125,
2026-09-25T22:50:00Z,4286.14485,4286.33187,4286.08235,4286.24058,
2026-09-25T22:55:00Z,4286.14657,4286.33642,4286.10386,4286.21337,
2026-09-25T23:00:00Z,4286.15025,4286.33908,4286.09365,4286.11799,
2026-09-25T23:05:00Z,4286.14805,4286.32092,4286.08756,4286.18775,
2026-09-25T23:10:00Z,4286.14665,4286.32949,4286.0777,4286.24378,
2026-09-25T23:15:00Z,4286.14986,4286.33549,4286.09225,4286.21262,
2026-09-25T23:20:00Z,4286.14094,4286.33401,4286.09668,4286.11506,
2026-09-25T23:25:00Z,4286.14585,4286.32279,4286.08354,4286.17966,
2026-09-25T23:30:00Z,4286.14299,4286.32222,4286.08144,4286.24272,
2026-09-25T23:35:00Z,4286.14731,4286.33886,4286.08922,4286.21961,
2026-09-25T23:40:00Z,4286.14284,4286.33347,4286.10247,4286.11452,
2026-09-25T23:45:00Z,4286.14621,4286.32915,4286.08247,4286.17525,
2026-09-25T23:50:00Z,4286.14475,4286.31624,4286.08614,4286.24301,
2026-09-25T23:55:00Z,4286.14694,4286.33945,4286.08884,4286.2235,
2026-09-26T00:00:00Z,4286.1429,4286.33197,4286.10857,4286.11446,
2026-09-26T00:05:00Z,4286.14657,4286.33089,4286.08235,4286.18044,
2026-09-26T00:10:00Z,4286.14472,4286.30947,4286.0918,4286.24282,
2026-09-26T00:15:00Z,4286.14657,4286.34091,4286.08579,4286.23187,
2026-09-26T00:20:00Z,4286.14661,4286.32207,4286.11311,4286.11311,
2026-09-26T00:25:00Z,4286.14401,4286.33539,4286.08148,4286.18425,
2026-09-26T00:30:00Z,4286.14279,4286.30147,4286.09287,4286.24209,
2026-09-26T00:35:00Z,4286.1473,4286.33761,4286.07994,4286.2348,
2026-09-26T00:40:00Z,4286.14481,4286.32064,4286.11586,4286.11586,
2026-09-26T00:45:00Z,4286.14622,4286.33698,4286.08516,4286.19167,
2026-09-26T00:50:00Z,4286.14465,4286.29122,4286.10048,4286.23908,
2026-09-26T00:55:00Z,4286.14474,4286.33526,4286.07881,4286.2397,
2026-09-26T01:00:00Z,4286.14657,4286.31654,4286.11911,4286.11911,
2026-09-26T01:05:00Z,4286.14806,4286.33944,4286.0898,4286.19886,
2026-09-26T01:10:00Z,4286.14646,4286.28624,4286.10854,4286.24111,
2026-09-26T01:15:00Z,4286.14876,4286.33455,4286.08234,4286.24501,
2026-09-26T01:20:00Z,4286.1467,4286.30966,4286.12101,4286.12101,
2026-09-26T01:25:00Z,4286.14807,4286.33542,4286.0838,4286.19888,
2026-09-26T01:30:00Z,4286.14077,4286.27459,4286.11413,4286.23708,
2026-09-26T01:35:00Z,4286.14691,4286.33722,4286.08139,4286.24875,
2026-09-26T01:40:00Z,4286.14673,4286.29616,4286.11988,4286.11988,
2026-09-26T01:45:00Z,4286.14409,4286.33215,4286.08168,4286.20398,
2026-09-26T01:50:00Z,4286.14071,4286.2669,4286.11866,4286.23252,
2026-09-26T01:55:00Z,4286.14537,4286.33704,4286.07963,4286.1387,
2026-09-26T02:00:00Z,4286.14144,4286.28777,4286.12272,4286.12272,
2026-09-26T02:05:00Z,4286.14412,4286.32976,4286.08061,4286.20884,
2026-09-26T02:10:00Z,4286.14066,4286.27663,4286.12739,4286.22946,
2026-09-26T02:15:00Z,4286.14534,4286.33761,4286.08251,4286.13524,
2026-09-26T02:20:00Z,4286.1415,4286.27873,4286.12599,4286.12599,
2026-09-26T02:25:00Z,4286.14416,4286.32909,4286.08054,4286.21343,
2026-09-26T02:30:00Z,4286.1406,4286.2858,4286.13672,4286.22599,
2026-09-26T02:35:00Z,4286.1453,4286.33718,4286.08019,4286.13081,
2026-09-26T02:40:00Z,4286.14155,4286.26912,4286.12056,4286.12966,
2026-09-26T02:45:00Z,4286.1442,4286.3317,4286.08147,4286.2177,
2026-09-26T02:50:00Z,4286.14055,4286.29434,4286.14055,4286.2203,
2026-09-26T02:55:00Z,4286.14316,4286.33575,4286.07808,4286.12671,
2026-09-26T03:00:00Z,4286.14159,4286.27095,4286.11236,4286.1337,
2026-09-26T03:05:00Z,4286.14424,4286.33332,4286.0834,4286.22162,
2026-09-26T03:10:00Z,4286.14051,4286.30218,4286.14051,4286.21792,
2026-09-26T03:15:00Z,4286.14521,4286.33333,4286.07696,4286.12297,
2026-09-26T03:20:00Z,4286.14164,4286.28065,4286.10488,4286.13807,
2026-09-26T03:25:00Z,4286.14429,4286.33945,4286.08631,4286.23054,
2026-09-26T03:30:00Z,4286.14628,4286.31083,4286.13295,4286.2134,
2026-09-26T03:35:00Z,4286.14515,4286.33288,4286.07685,4286.11963,
2026-09-26T03:40:00Z,4286.14168,4286.2898,4286.09819,4286.20558,
2026-09-26T03:45:00Z,4286.14454,4286.33355,4286.08377,4286.22831,
2026-09-26T03:50:00Z,4286.14043,4286.31556,4286.12392,4286.2048,
2026-09-26T03:55:00Z,4286.14124,4286.33545,4286.07773,4286.1167,
2026-09-26T04:00:00Z,4286.14171,4286.29832,4286.09234,4286.19893,
2026-09-26T04:05:00Z,4286.1444,4286.33216,4286.0817,4286.23102,
2026-09-26T04:10:00Z,4286.1404,4286.32097,4286.11574,4286.20352,
2026-09-26T04:15:00Z,4286.14504,4286.33703,4286.07962,4286.11421,
2026-09-26T04:20:00Z,4286.14174,4286.30614,4286.08736,4286.19341,
2026-09-26T04:25:00Z,4286.14446,4286.32979,4286.08061,4286.23328,
2026-09-26T04:30:00Z,4286.14038,4286.32549,4286.10829,4286.20014,
2026-09-26T04:35:00Z,4286.14498,4286.33761,4286.08248,4286.11219,
2026-09-26T04:40:00Z,4286.14176,4286.31306,4286.08515,4286.18826,
2026-09-26T04:45:00Z,4286.1429,4286.33011,4286.07684,4286.2388,
2026-09-26T04:50:00Z,4286.14544,4286.3292,4286.10163,4286.20561,
2026-09-26T04:55:00Z,4286.14492,4286.33721,4286.08814,4286.11248,
2026-09-26T05:00:00Z,4286.14326,4286.31945,4286.08022,4286.18245,
2026-09-26T05:05:00Z,4286.14459,4286.32214,4286.08146,4286.23637,
2026-09-26T05:10:00Z,4286.14034,4286.33168,4286.09581,4286.21102,
2026-09-26T05:15:00Z,4286.14486,4286.33577,4286.09106,4286.10958,
2026-09-26T05:20:00Z,4286.14179,4286.32483,4286.07809,4286.1771,
2026-09-26T05:25:00Z,4286.14465,4286.31694,4286.08338,4286.23718,
2026-09-26T05:30:00Z,4286.14033,4286.33331,4286.09087,4286.2163,
2026-09-26T05:35:00Z,4286.14479,4286.33335,4286.09658,4286.10901,
2026-09-26T05:40:00Z,4286.1418,4286.32923,4286.0788,4286.17499,
2026-09-26T05:45:00Z,4286.14472,4286.31086,4286.08628,4286.2375,
2026-09-26T05:50:00Z,4286.14033,4286.33393,4286.08685,4286.22142,
2026-09-26T05:55:00Z,4286.14473,4286.32997,4286.1032,4286.10895,
2026-09-26T06:00:00Z,4286.1418,4286.33286,4286.07684,4286.18067,
2026-09-26T06:05:00Z,4286.14478,4286.3061,4286.09005,4286.23915,
2026-09-26T06:10:00Z,4286.14253,4286.33356,4286.08379,4286.22633,
2026-09-26T06:15:00Z,4286.14466,4286.32564,4286.10939,4286.10939,
2026-09-26T06:20:00Z,4286.14179,4286.33543,4286.07772,4286.18632,
2026-09-26T06:25:00Z,4286.14485,4286.29629,4286.09493,4286.23662,
2026-09-26T06:30:00Z,4286.14034,4286.33218,4286.08171,4286.231,
2026-09-26T06:35:00Z,4286.1446,4286.3204,4286.11033,4286.11033,
2026-09-26T06:40:00Z,4286.14178,4286.34063,4286.08511,4286.19558,
2026-09-26T06:45:00Z,4286.14875,4286.28809,4286.10061,4286.23544,
2026-09-26T06:50:00Z,4286.14035,4286.32981,4286.08062,4286.2354,
2026-09-26T06:55:00Z,4286.14453,4286.31626,4286.11356,4286.11356,
2026-09-26T07:00:00Z,4286.1436,4286.33945,4286.08422,4286.19875,
2026-09-26T07:05:00Z,4286.14646,4286.27927,4286.10713,4286.23376,
2026-09-26T07:10:00Z,4286.14037,4286.32904,4286.08053,4286.24071,
2026-09-26T07:15:00Z,4286.14461,4286.30736,4286.11367,4286.11367,
2026-09-26T07:20:00Z,4286.14174,4286.3372,4286.08024,4286.20266,
2026-09-26T07:25:00Z,4286.14503,4286.26928,4286.11446,4286.23162,
2026-09-26T07:30:00Z,4286.1404,4286.33166,4286.08145,4286.24322,
2026-09-26T07:35:00Z,4286.14441,4286.29966,4286.11604,4286.11604,
2026-09-26T07:40:00Z,4286.14172,4286.33578,4286.07811,4286.20776,
2026-09-26T07:45:00Z,4286.14509,4286.27078,4286.12252,4286.22902,
2026-09-26T07:50:00Z,4286.14042,4286.3333,4286.08336,4286.24658,
2026-09-26T07:55:00Z,4286.14436,4286.29126,4286.11886,4286.11886,
2026-09-26T08:00:00Z,4286.14168,4286.33338,4286.07697,4286.21262,
2026-09-26T08:05:00Z,4286.14515,4286.2805,4286.13125,4286.22599,
2026-09-26T08:10:00Z,4286.14046,4286.33393,4286.08625,4286.13911,
2026-09-26T08:15:00Z,4286.14495,4286.28646,4286.12747,4286.12747,
2026-09-26T08:20:00Z,4286.14687,4286.33631,4286.08234,4286.22059,
2026-09-26T08:25:00Z,4286.14864,4286.29278,4286.1429,4286.2282,
2026-09-26T08:30:00Z,4286.14629,4286.33356,4286.08381,4286.1344,
2026-09-26T08:35:00Z,4286.14425,4286.27259,4286.12406,4286.12575,
2026-09-26T08:40:00Z,4286.14161,4286.33542,4286.07771,4286.22146,
2026-09-26T08:45:00Z,4286.14525,4286.29818,4286.13826,4286.21871,
2026-09-26T08:50:00Z,4286.14054,4286.33219,4286.08172,4286.1303,
2026-09-26T08:55:00Z,4286.1442,4286.26665,4286.11587,4286.12976,
2026-09-26T09:00:00Z,4286.14156,4286.33701,4286.07958,4286.22538,
2026-09-26T09:05:00Z,4286.14529,4286.30602,4286.13801,4286.21452,
2026-09-26T09:10:00Z,4286.14059,4286.32983,4286.08062,4286.12657,
2026-09-26T09:15:00Z,4286.14416,4286.27639,4286.10841,4286.13586,
2026-09-26T09:20:00Z,4286.14335,4286.33761,4286.08236,4286.22891,
2026-09-26T09:25:00Z,4286.14533,4286.31309,4286.12965,4286.21001,
2026-09-26T09:30:00Z,4286.14064,4286.32902,4286.08053,4286.12324,
2026-09-26T09:35:00Z,4286.14412,4286.28558,4286.10173,4286.13877,
2026-09-26T09:40:00Z,4286.14146,4286.3372,4286.08026,4286.23204,
2026-09-26T09:45:00Z,4286.14537,4286.31935,4286.12077,4286.20521,
2026-09-26T09:50:00Z,4286.1407,4286.33165,4286.08144,4286.12032,
2026-09-26T09:55:00Z,4286.14409,4286.29597,4286.0959,4286.14156,
2026-09-26T10:00:00Z,4286.1414,4286.33767,4286.07999,4286.23653,
2026-09-26T10:05:00Z,4286.14723,4286.32649,4286.11455,4286.20017,
2026-09-26T10:10:00Z,4286.14075,4286.33329,4286.08334,4286.11784,
2026-09-26T10:15:00Z,4286.14406,4286.302,4286.09094,4286.19424,
2026-09-26T10:20:00Z,4286.14134,4286.3334,4286.07698,4286.23699,
2026-09-26T10:25:00Z,4286.14542,4286.32925,4286.10506,4286.20151,
2026-09-26T10:30:00Z,4286.14081,4286.33577,4286.08799,4286.1177,
2026-09-26T10:35:00Z,4286.14588,4286.31081,4286.08882,4286.19068,
2026-09-26T10:40:00Z,4286.14312,4286.33195,4286.07867,4286.24058,
2026-09-26T10:45:00Z,4286.14728,4286.33458,4286.10031,4286.20871,
2026-09-26T10:50:00Z,4286.14271,4286.33543,4286.09182,4286.11615,
2026-09-26T10:55:00Z,4286.14586,4286.31713,4286.08573,4286.18522,
2026-09-26T11:00:00Z,4286.14306,4286.32765,4286.07951,4286.24188,
2026-09-26T11:05:00Z,4286.1473,4286.33719,4286.09442,4286.2124,
2026-09-26T11:10:00Z,4286.14094,4286.33221,4286.09484,4286.11324,
2026-09-26T11:15:00Z,4286.14401,4286.32085,4286.08173,4286.17793,
2026-09-26T11:20:00Z,4286.14115,4286.32245,4286.07951,4286.24271,
2026-09-26T11:25:00Z,4286.14767,4286.337,4286.08748,4286.21768,
2026-09-26T11:30:00Z,4286.141,4286.32974,4286.09683,4286.10901,
2026-09-26T11:35:00Z,4286.14106,4286.32556,4286.07695,4286.1712,
2026-09-26T11:40:00Z,4286.14106,4286.31072,4286.08254,4286.2375,
2026-09-26T11:45:00Z,4286.14106,4286.33394,4286.08325,4286.22032,
2026-09-26T11:50:00Z,4286.14106,4286.32637,4286.10335,4286.10896,
2026-09-26T11:55:00Z,4286.14106,4286.32912,4286.07685,4286.17688,
2026-09-26T12:00:00Z,4286.14106,4286.30381,4286.08638,4286.2373,
2026-09-26T12:05:00Z,4286.14106,4286.33354,4286.08017,4286.22523,
2026-09-26T12:10:00Z,4286.14106,4286.32206,4286.10941,4286.10941,
2026-09-26T12:15:00Z,4286.14106,4286.33172,4286.07775,4286.18253,
2026-09-26T12:20:00Z,4286.14106,4286.29612,4286.09115,4286.2366,
2026-09-26T12:25:00Z,4286.14106,4286.33214,4286.07807,4286.2299,
2026-09-26T12:30:00Z,4286.14106,4286.31684,4286.11035,4286.11035,
2026-09-26T12:35:00Z,4286.14106,4286.33333,4286.07965,4286.18811,
2026-09-26T12:40:00Z,4286.14106,4286.28773,4286.09681,4286.2354,
2026-09-26T12:45:00Z,4286.14106,4286.32975,4286.07696,4286.23428,
2026-09-26T12:50:00Z,4286.14106,4286.31075,4286.11179,4286.11179,
2026-09-26T12:55:00Z,4286.14106,4286.33394,4286.08252,4286.19358,
2026-09-26T13:00:00Z,4286.14106,4286.27869,4286.10332,4286.23372,
2026-09-26T13:05:00Z,4286.14106,4286.32911,4286.07685,4286.23836,
2026-09-26T13:10:00Z,4286.14106,4286.30384,4286.11371,4286.11371,
2026-09-26T13:15:00Z,4286.14106,4286.33354,4286.08018,4286.19888,
2026-09-26T13:20:00Z,4286.14106,4286.26908,4286.11062,4286.23157,
2026-09-26T13:25:00Z,4286.14106,4286.33171,4286.07774,4286.24208,
2026-09-26T13:30:00Z,4286.14106,4286.29615,4286.11609,4286.11609,
2026-09-26T13:35:00Z,4286.14106,4286.33215,4286.07807,4286.20398,
2026-09-26T13:40:00Z,4286.14106,4286.26691,4286.11867,4286.22896,
2026-09-26T13:45:00Z,4286.14106,4286.33332,4286.07964,4286.13997,
2026-09-26T13:50:00Z,4286.14106,4286.28776,4286.11892,4286.11892,
2026-09-26T13:55:00Z,4286.14106,4286.32976,4286.07696,4286.20885,
2026-09-26T14:00:00Z,4286.14106,4286.27663,4286.12739,4286.22592,
2026-09-26T14:05:00Z,4286.14106,4286.33394,4286.08251,4286.13524,
2026-09-26T14:10:00Z,4286.14106,4286.27873,4286.12218,4286.12218,
2026-09-26T14:15:00Z,4286.14106,4286.3291,4286.07685,4286.21343,
2026-09-26T14:20:00Z,4286.14106,4286.2858,4286.13672,4286.22246,
2026-09-26T14:25:00Z,4286.14106,4286.33354,4286.08019,4286.13081,
2026-09-26T14:30:00Z,4286.14106,4286.26912,4286.12056,4286.12583,
2026-09-26T14:35:00Z,4286.14106,4286.3317,4286.07774,4286.2177,
2026-09-26T14:40:00Z,4286.14106,4286.29434,4286.14106,4286.21862,
2026-09-26T14:45:00Z,4286.14106,4286.33215,4286.07808,4286.12671,
2026-09-26T14:50:00Z,4286.14106,4286.26686,4286.11235,4286.12985,
2026-09-26T14:55:00Z,4286.14106,4286.33332,4286.07963,4286.22163,
2026-09-26T15:00:00Z,4286.14106,4286.30219,4286.13892,4286.21443,
2026-09-26T15:05:00Z,4286.14106,4286.32977,4286.07696,4286.12297,
2026-09-26T15:10:00Z,4286.14106,4286.27659,4286.10488,4286.13421,
2026-09-26T15:15:00Z,4286.14106,4286.33393,4286.0825,4286.22517,
2026-09-26T15:20:00Z,4286.14106,4286.30928,4286.12946,4286.20991,
2026-09-26T15:25:00Z,4286.14106,4286.32908,4286.07685,4286.11963,
2026-09-26T15:30:00Z,4286.14106,4286.28577,4286.09819,4286.13887,
2026-09-26T15:35:00Z,4286.14106,4286.33355,4286.0802,4286.22831,
2026-09-26T15:40:00Z,4286.14106,4286.31556,4286.12059,4286.20511,
2026-09-26T15:45:00Z,4286.14106,4286.33169,4286.07773,4286.1167,
2026-09-26T15:50:00Z,4286.14106,4286.29431,4286.09233,4286.19757,
2026-09-26T15:55:00Z,4286.14106,4286.33216,4286.07809,4286.23102,
2026-09-26T16:00:00Z,4286.14106,4286.32098,4286.11239,4286.20006,
2026-09-26T16:05:00Z,4286.14106,4286.33331,4286.07962,4286.11421,
2026-09-26T16:10:00Z,4286.14106,4286.30216,4286.08736,4286.19204,
2026-09-26T16:15:00Z,4286.14106,4286.32978,4286.07696,4286.23328,
2026-09-26T16:20:00Z,4286.14106,4286.32549,4286.10491,4286.19893,
2026-09-26T16:25:00Z,4286.14106,4286.33393,4286.08248,4286.11219,
2026-09-26T16:30:00Z,4286.14106,4286.30925,4286.08331,4286.18653,
2026-09-26T16:35:00Z,4286.14106,4286.32644,4286.07684,4286.23507,
2026-09-26T16:40:00Z,4286.14106,4286.32907,4286.09821,4286.20441,
2026-09-26T16:45:00Z,4286.14106,4286.33355,4286.08631,4286.11064,
2026-09-26T16:50:00Z,4286.14106,4286.31554,4286.08021,4286.18108,
2026-09-26T16:55:00Z,4286.14106,4286.32214,4286.07773,4286.23637,
2026-09-26T17:00:00Z,4286.14106,4286.33168,4286.09236,4286.20982,
2026-09-26T17:05:00Z,4286.14106,4286.33217,4286.09106,4286.10958,
2026-09-26T17:10:00Z,4286.14106,4286.32096,4286.07809,4286.17573,
2026-09-26T17:15:00Z,4286.14106,4286.31693,4286.07961,4286.23718,
2026-09-26T17:20:00Z,4286.14106,4286.33331,4286.08738,4286.2151,
2026-09-26T17:25:00Z,4286.14106,4286.3298,4286.09671,4286.10901,
2026-09-26T17:30:00Z,4286.14106,4286.32548,4286.07697,4286.17109,
2026-09-26T17:35:00Z,4286.14106,4286.31086,4286.08247,4286.2375,
2026-09-26T17:40:00Z,4286.14106,4286.33393,4286.08333,4286.22021,
2026-09-26T17:45:00Z,4286.14106,4286.32645,4286.10321,4286.10895,
2026-09-26T17:50:00Z,4286.14106,4286.32906,4286.07684,4286.17677,
2026-09-26T17:55:00Z,4286.14106,4286.30396,4286.08629,4286.23731,
2026-09-26T18:00:00Z,4286.14106,4286.33356,4286.08022,4286.22513,
2026-09-26T18:05:00Z,4286.14106,4286.32216,4286.10939,4286.10939,
2026-09-26T18:10:00Z,4286.14106,4286.33167,4286.07772,4286.18242,
2026-09-26T18:15:00Z,4286.14106,4286.29628,4286.09104,4286.23662,
2026-09-26T18:20:00Z,4286.14106,4286.33218,4286.0781,4286.2298,
2026-09-26T18:25:00Z,4286.14106,4286.31696,4286.11033,4286.11033,
2026-09-26T18:30:00Z,4286.14106,4286.3333,4286.0796,4286.188,
2026-09-26T18:35:00Z,4286.14106,4286.2879,4286.09668,4286.23543,
2026-09-26T18:40:00Z,4286.14106,4286.32981,4286.07697,4286.2342,
2026-09-26T18:45:00Z,4286.14106,4286.31088,4286.11176,4286.11176,
2026-09-26T18:50:00Z,4286.14106,4286.33393,4286.08246,4286.19347,
2026-09-26T18:55:00Z,4286.14106,4286.27888,4286.10318,4286.23376,
2026-09-26T19:00:00Z,4286.14106,4286.32905,4286.07684,4286.23828,
2026-09-26T19:05:00Z,4286.14106,4286.30399,4286.11367,4286.11367,
2026-09-26T19:10:00Z,4286.14106,4286.33356,4286.08023,4286.19877,
2026-09-26T19:15:00Z,4286.14106,4286.26928,4286.11047,4286.23162,
2026-09-26T19:20:00Z,4286.14106,4286.33167,4286.07772,4286.24201,
2026-09-26T19:25:00Z,4286.14106,4286.29632,4286.11604,4286.11604,
2026-09-26T19:30:00Z,4286.14106,4286.33218,4286.07811,4286.20388,
2026-09-26T19:35:00Z,4286.14106,4286.2667,4286.1185,4286.22902,
2026-09-26T19:40:00Z,4286.14106,4286.3333,4286.07959,4286.14007,
2026-09-26T19:45:00Z,4286.14106,4286.28794,4286.11886,4286.11886,
2026-09-26T19:50:00Z,4286.14106,4286.32982,4286.07697,4286.20875,
2026-09-26T19:55:00Z,4286.14106,4286.27644,4286.12721,4286.22599,
2026-09-26T20:00:00Z,4286.14106,4286.33393,4286.08244,4286.13534,
2026-09-26T20:05:00Z,4286.14106,4286.27892,4286.12211,4286.12211,
2026-09-26T20:10:00Z,4286.14106,4286.32903,4286.07684,4286.21334,
2026-09-26T20:15:00Z,4286.14106,4286.28562,4286.13653,4286.22254,
2026-09-26T20:20:00Z,4286.14106,4286.33356,4286.08025,4286.1309,
2026-09-26T20:25:00Z,4286.14106,4286.26932,4286.12073,4286.12575,
2026-09-26T20:30:00Z,4286.14106,4286.33166,4286.07771,4286.21762,
2026-09-26T20:35:00Z,4286.14106,4286.29417,4286.14106,4286.21871,
2026-09-26T20:40:00Z,4286.14106,4286.33219,4286.07811,4286.12679,
2026-09-26T20:45:00Z,4286.14106,4286.26666,4286.11252,4286.12976,
2026-09-26T20:50:00Z,4286.14106,4286.33329,4286.07958,4286.22155,
2026-09-26T20:55:00Z,4286.14106,4286.30204,4286.13912,4286.21452,
2026-09-26T21:00:00Z,4286.14106,4286.32983,4286.07697,4286.12304,
2026-09-26T21:05:00Z,4286.14106,4286.2764,4286.10502,4286.13412,
2026-09-26T21:10:00Z,4286.14106,4286.33393,4286.08243,4286.2251,
2026-09-26T21:15:00Z,4286.14106,4286.30914,4286.12965,4286.21001,
2026-09-26T21:20:00Z,4286.14106,4286.32902,4286.07684,4286.11969,
2026-09-26T21:25:00Z,4286.14106,4286.28558,4286.09832,4286.13878,
2026-09-26T21:30:00Z,4286.14106,4286.33357,4286.08026,4286.22825,
2026-09-26T21:35:00Z,4286.14106,4286.31544,4286.12077,4286.20521,
2026-09-26T21:40:00Z,4286.14106,4286.33165,4286.0777,4286.11675,
2026-09-26T21:45:00Z,4286.14106,4286.29414,4286.09244,4286.19768,
2026-09-26T21:50:00Z,4286.14106,4286.3322,4286.07812,4286.23097,
2026-09-26T21:55:00Z,4286.14106,4286.32088,4286.11438,4286.20211,
2026-09-26T22:00:00Z,4286.1429,4286.3351,4286.08136,4286.11614,
2026-09-26T22:05:00Z,4286.1429,4286.30369,4286.08939,4286.1941,
2026-09-26T22:10:00Z,4286.1429,4286.33174,4286.07883,4286.23503,
2026-09-26T22:15:00Z,4286.1429,4286.32716,4286.10704,4286.20054,
2026-09-26T22:20:00Z,4286.1429,4286.33577,4286.08418,4286.1141,
2026-09-26T22:25:00Z,4286.1429,4286.31081,4286.0853,4286.18859,
2026-09-26T22:30:00Z,4286.1429,4286.32843,4286.07867,4286.23684,
2026-09-26T22:35:00Z,4286.1429,4286.33078,4286.10031,4286.20603,
2026-09-26T22:40:00Z,4286.1429,4286.33542,4286.08797,4286.11253,
2026-09-26T22:45:00Z,4286.1429,4286.31713,4286.08216,4286.18314,
2026-09-26T22:50:00Z,4286.1429,4286.32417,4286.07951,4286.23816,
2026-09-26T22:55:00Z,4286.1429,4286.33343,4286.09442,4286.21144,
2026-09-26T23:00:00Z,4286.1429,4286.33408,4286.09269,4286.11145,
2026-09-26T23:05:00Z,4286.1429,4286.32259,4286.08,4286.17779,
2026-09-26T23:10:00Z,4286.1429,4286.319,4286.08135,4286.239,
2026-09-26T23:15:00Z,4286.1429,4286.3351,4286.0894,4286.21672,
2026-09-26T23:20:00Z,4286.1429,4286.33175,4286.0983,4286.11086,
2026-09-26T23:25:00Z,4286.1429,4286.32715,4286.07883,4286.17269,
2026-09-26T23:30:00Z,4286.1429,4286.31296,4286.08417,4286.23933,
2026-09-26T23:35:00Z,4286.1429,4286.33576,4286.08531,4286.22185,
2026-09-26T23:40:00Z,4286.1429,4286.32845,4286.10476,4286.11078,
2026-09-26T23:45:00Z,4286.1429,4286.33077,4286.07866,4286.17837,
2026-09-26T23:50:00Z,4286.1429,4286.30609,4286.08795,4286.23916,
2026-09-26T23:55:00Z,4286.1429,4286.33543,4286.08217,4286.22677,
2026-09-27T00:00:00Z,4286.1429,4286.32419,4286.1112,4286.1112,
2026-09-27T00:05:00Z,4286.1429,4286.33342,4286.0795,4286.18402,
2026-09-27T00:10:00Z,4286.1429,4286.29845,4286.09266,4286.23849,
2026-09-27T00:15:00Z,4286.1429,4286.33409,4286.08,4286.23145,
2026-09-27T00:20:00Z,4286.1429,4286.31903,4286.11212,4286.11212,
2026-09-27T00:25:00Z,4286.1429,4286.33509,4286.08134,4286.18961,
2026-09-27T00:30:00Z,4286.1429,4286.2901,4286.09827,4286.23733,
2026-09-27T00:35:00Z,4286.1429,4286.33176,4286.07883,4286.23585,
2026-09-27T00:40:00Z,4286.1429,4286.31299,4286.11353,4286.11353,
2026-09-27T00:45:00Z,4286.1429,4286.33576,4286.08416,4286.19508,
2026-09-27T00:50:00Z,4286.1429,4286.2811,4286.10473,4286.23568,
2026-09-27T00:55:00Z,4286.1429,4286.33075,4286.07866,4286.23995,
2026-09-27T01:00:00Z,4286.1429,4286.30612,4286.11542,4286.11542,
2026-09-27T01:05:00Z,4286.1429,4286.33543,4286.08218,4286.2004,
2026-09-27T01:10:00Z,4286.1429,4286.27152,4286.11199,4286.23356,
2026-09-27T01:15:00Z,4286.1429,4286.33341,4286.0795,4286.2437,
2026-09-27T01:20:00Z,4286.1429,4286.29849,4286.11777,4286.11777,
2026-09-27T01:25:00Z,4286.1429,4286.3341,4286.08001,4286.20551,
2026-09-27T01:30:00Z,4286.1429,4286.26813,4286.11999,4286.23097,
2026-09-27T01:35:00Z,4286.1429,4286.33509,4286.08133,4286.14211,
2026-09-27T01:40:00Z,4286.1429,4286.29014,4286.12057,4286.12057,
2026-09-27T01:45:00Z,4286.1429,4286.33177,4286.07884,4286.21039,
2026-09-27T01:50:00Z,4286.1429,4286.27788,4286.12867,4286.22796,
2026-09-27T01:55:00Z,4286.1429,4286.33576,4286.08414,4286.13736,
2026-09-27T02:00:00Z,4286.1429,4286.28114,4286.1238,4286.1238,
2026-09-27T02:05:00Z,4286.1429,4286.33074,4286.07866,4286.21499,
2026-09-27T02:10:00Z,4286.1429,4286.28709,4286.13797,4286.22453,
2026-09-27T02:15:00Z,4286.1429,4286.33544,4286.08219,4286.13291,
2026-09-27T02:20:00Z,4286.1429,4286.27156,4286.12292,4286.12743,
2026-09-27T02:25:00Z,4286.1429,4286.3334,4286.07949,4286.21929,
2026-09-27T02:30:00Z,4286.1429,4286.29567,4286.1429,4286.22071,
2026-09-27T02:35:00Z,4286.1429,4286.33411,4286.08002,4286.12879,
2026-09-27T02:40:00Z,4286.1429,4286.26809,4286.11468,4286.13143,
2026-09-27T02:45:00Z,4286.1429,4286.33508,4286.08132,4286.22323,
2026-09-27T02:50:00Z,4286.1429,4286.30356,4286.14136,4286.21653,
2026-09-27T02:55:00Z,4286.1429,4286.33178,4286.07884,4286.12503,
2026-09-27T03:00:00Z,4286.1429,4286.27785,4286.10716,4286.13577,
2026-09-27T03:05:00Z,4286.1429,4286.33576,4286.08413,4286.2268,
2026-09-27T03:10:00Z,4286.1429,4286.3107,4286.13186,4286.21204,
2026-09-27T03:15:00Z,4286.1429,4286.33073,4286.07866,4286.12166,
2026-09-27T03:20:00Z,4286.1429,4286.28705,4286.10041,4286.14041,
2026-09-27T03:25:00Z,4286.1429,4286.33544,4286.0822,4286.22997,
2026-09-27T03:30:00Z,4286.1429,4286.31703,4286.12296,4286.20725,
2026-09-27T03:35:00Z,4286.1429,4286.3334,4286.07949,4286.1187,
2026-09-27T03:40:00Z,4286.1429,4286.29564,4286.09451,4286.19974,
2026-09-27T03:45:00Z,4286.1429,4286.33411,4286.08003,4286.2327,
2026-09-27T03:50:00Z,4286.1429,4286.32251,4286.11471,4286.20221,
2026-09-27T03:55:00Z,4286.1429,4286.33508,4286.08131,4286.11619,
2026-09-27T04:00:00Z,4286.1429,4286.30353,4286.08948,4286.19422,
2026-09-27T04:05:00Z,4286.1429,4286.3318,4286.07884,4286.23499,
2026-09-27T04:10:00Z,4286.1429,4286.32708,4286.10718,4286.20042,
2026-09-27T04:15:00Z,4286.1429,4286.33576,4286.08411,4286.11414,
2026-09-27T04:20:00Z,4286.1429,4286.31068,4286.08537,4286.1887,
2026-09-27T04:25:00Z,4286.1429,4286.32851,4286.07866,4286.23681,
2026-09-27T04:30:00Z,4286.1429,4286.33072,4286.10044,4286.20591,
2026-09-27T04:35:00Z,4286.1429,4286.33544,4286.08788,4286.11256,
2026-09-27T04:40:00Z,4286.1429,4286.31701,4286.08221,4286.18325,
2026-09-27T04:45:00Z,4286.1429,4286.32427,4286.07948,4286.23814,
2026-09-27T04:50:00Z,4286.1429,4286.33339,4286.09453,4286.21133,
2026-09-27T04:55:00Z,4286.1429,4286.33412,4286.09258,4286.11147,
2026-09-27T05:00:00Z,4286.1429,4286.32249,4286.08003,4286.1779,
2026-09-27T05:05:00Z,4286.1429,4286.31912,4286.0813,4286.23899,
2026-09-27T05:10:00Z,4286.1429,4286.33507,4286.0895,4286.21662,
2026-09-27T05:15:00Z,4286.1429,4286.33181,4286.09817,4286.11087,
2026-09-27T05:20:00Z,4286.1429,4286.32706,4286.07884,4286.17268,
2026-09-27T05:25:00Z,4286.1429,4286.31309,4286.0841,4286.23933,
2026-09-27T05:30:00Z,4286.1429,4286.33576,4286.08539,4286.22175,
2026-09-27T05:35:00Z,4286.1429,4286.32852,4286.10462,4286.11078,
2026-09-27T05:40:00Z,4286.1429,4286.3307,4286.07866,4286.17825,
2026-09-27T05:45:00Z,4286.1429,4286.30624,4286.08786,4286.23917,
2026-09-27T05:50:00Z,4286.1429,4286.33545,4286.08222,4286.22667,
2026-09-27T05:55:00Z,4286.1429,4286.32429,4286.11119,4286.11119,
2026-09-27T06:00:00Z,4286.1429,4286.33338,4286.07948,4286.18391,
2026-09-27T06:05:00Z,4286.1429,4286.29862,4286.09256,4286.23851,
2026-09-27T06:10:00Z,4286.1429,4286.33413,4286.08004,4286.23136,
2026-09-27T06:15:00Z,4286.1429,4286.31914,4286.11209,4286.11209,
2026-09-27T06:20:00Z,4286.1429,4286.33507,4286.08129,4286.1895,
2026-09-27T06:25:00Z,4286.1429,4286.29028,4286.09815,4286.23736,
2026-09-27T06:30:00Z,4286.1429,4286.33182,4286.07885,4286.23577,
2026-09-27T06:35:00Z,4286.1429,4286.31312,4286.11349,4286.11349,
2026-09-27T06:40:00Z,4286.1429,4286.33576,4286.08409,4286.19497,
2026-09-27T06:45:00Z,4286.1429,4286.28129,4286.10459,4286.23572,
2026-09-27T06:50:00Z,4286.1429,4286.33069,4286.07866,4286.23986,
2026-09-27T06:55:00Z,4286.1429,4286.30627,4286.11537,4286.11537,
2026-09-27T07:00:00Z,4286.1429,4286.33545,4286.08224,4286.20029,
2026-09-27T07:05:00Z,4286.1429,4286.27172,4286.11183,4286.2336,
2026-09-27T07:10:00Z,4286.1429,4286.33337,4286.07947,4286.24363,
2026-09-27T07:15:00Z,4286.1429,4286.29865,4286.11772,4286.11772,
2026-09-27T07:20:00Z,4286.1429,4286.33414,4286.08005,4286.20541,
2026-09-27T07:25:00Z,4286.1429,4286.26792,4286.11982,4286.23103,
2026-09-27T07:30:00Z,4286.1429,4286.33506,4286.08128,4286.14221,
2026-09-27T07:35:00Z,4286.1429,4286.29031,4286.12051,4286.12051,
2026-09-27T07:40:00Z,4286.1429,4286.33183,4286.07885,4286.21029,
2026-09-27T07:45:00Z,4286.1429,4286.27769,4286.12849,4286.22802,
2026-09-27T07:50:00Z,4286.1429,4286.33576,4286.08407,4286.13746,
2026-09-27T07:55:00Z,4286.1429,4286.28133,4286.12373,4286.12373,
2026-09-27T08:00:00Z,4286.1429,4286.33068,4286.07866,4286.2149,
2026-09-27T08:05:00Z,4286.1429,4286.28691,4286.13777,4286.2246,
2026-09-27T08:10:00Z,4286.1429,4286.33545,4286.08225,4286.133,
2026-09-27T08:15:00Z,4286.1429,4286.27176,4286.1231,4286.12735,
2026-09-27T08:20:00Z,4286.1429,4286.33336,4286.07946,4286.2192,
2026-09-27T08:25:00Z,4286.1429,4286.2955,4286.1429,4286.22079,
2026-09-27T08:30:00Z,4286.1429,4286.33414,4286.08005,4286.12887,
2026-09-27T08:35:00Z,4286.1429,4286.26788,4286.11484,4286.13134,
2026-09-27T08:40:00Z,4286.1429,4286.33506,4286.08127,4286.22315,
2026-09-27T08:45:00Z,4286.1429,4286.30341,4286.14156,4286.21662,
2026-09-27T08:50:00Z,4286.1429,4286.33184,4286.07885,4286.1251,
2026-09-27T08:55:00Z,4286.1429,4286.27765,4286.1073,4286.13568,
2026-09-27T09:00:00Z,4286.1429,4286.33576,4286.08406,4286.22673,
2026-09-27T09:05:00Z,4286.1429,4286.31056,4286.13205,4286.21213,
2026-09-27T09:10:00Z,4286.1429,4286.33066,4286.07865,4286.12172,
2026-09-27T09:15:00Z,4286.1429,4286.28687,4286.10054,4286.14032,
2026-09-27T09:20:00Z,4286.1429,4286.33546,4286.08226,4286.22991,
2026-09-27T09:25:00Z,4286.1429,4286.31691,4286.12313,4286.20735,
2026-09-27T09:30:00Z,4286.1429,4286.33335,4286.07946,4286.11876,
2026-09-27T09:35:00Z,4286.1429,4286.29547,4286.09462,4286.19986,
2026-09-27T09:40:00Z,4286.1429,4286.33415,4286.08006,4286.23265,
2026-09-27T09:45:00Z,4286.1429,4286.3224,4286.11487,4286.20232,
2026-09-27T09:50:00Z,4286.1429,4286.33505,4286.08126,4286.11624,
2026-09-27T09:55:00Z,4286.1429,4286.30338,4286.08957,4286.19433,
2026-09-27T10:00:00Z,4286.1429,4286.33185,4286.07886,4286.23495,
2026-09-27T10:05:00Z,4286.1429,4286.32699,4286.10733,4286.20031,
2026-09-27T10:10:00Z,4286.1429,4286.33576,4286.08405,4286.11417,
2026-09-27T10:15:00Z,4286.1429,4286.31054,4286.08545,4286.18881,
2026-09-27T10:20:00Z,4286.1429,4286.32858,4286.07865,4286.23677,
2026-09-27T10:25:00Z,4286.1429,4286.33065,4286.10057,4286.2058,
2026-09-27T10:30:00Z,4286.1429,4286.33546,4286.0878,4286.11258,
2026-09-27T10:35:00Z,4286.1429,4286.31689,4286.08227,4286.18336,
2026-09-27T10:40:00Z,4286.1429,4286.32437,4286.07945,4286.23812,
2026-09-27T10:45:00Z,4286.1429,4286.33334,4286.09464,4286.21122,
2026-09-27T10:50:00Z,4286.1429,4286.33416,4286.09247,4286.11148,
2026-09-27T10:55:00Z,4286.1429,4286.32238,4286.08007,4286.17801,
2026-09-27T11:00:00Z,4286.1429,4286.31923,4286.08125,4286.23897,
2026-09-27T11:05:00Z,4286.1429,4286.33505,4286.08959,4286.21651,
2026-09-27T11:10:00Z,4286.1429,4286.33187,4286.09805,4286.11088,
2026-09-27T11:15:00Z,4286.1429,4286.32698,4286.07886,4286.17278,
2026-09-27T11:20:00Z,4286.1429,4286.31323,4286.08403,4286.23933,
2026-09-27T11:25:00Z,4286.1429,4286.33576,4286.08546,4286.22164,
2026-09-27T11:30:00Z,4286.1429,4286.3286,4286.10448,4286.11078,
2026-09-27T11:35:00Z,4286.1429,4286.33064,4286.07865,4286.17814,
2026-09-27T11:40:00Z,4286.1429,4286.30639,4286.08778,4286.23918,
2026-09-27T11:45:00Z,4286.1429,4286.33546,4286.08228,4286.22657,
2026-09-27T11:50:00Z,4286.1429,4286.32439,4286.11117,4286.11117,
2026-09-27T11:55:00Z,4286.1429,4286.33333,4286.07945,4286.18379,
2026-09-27T12:00:00Z,4286.1429,4286.29878,4286.09245,4286.23853,
2026-09-27T12:05:00Z,4286.1429,4286.33416,4286.08007,4286.23127,
2026-09-27T12:10:00Z,4286.1429,4286.31926,4286.11207,4286.11207,
2026-09-27T12:15:00Z,4286.1429,4286.33504,4286.08124,4286.18938,
2026-09-27T12:20:00Z,4286.1429,4286.29045,4286.09803,4286.23739,
2026-09-27T12:25:00Z,4286.1429,4286.33188,4286.07886,4286.23568,
2026-09-27T12:30:00Z,4286.1429,4286.31325,4286.11346,4286.11346,
2026-09-27T12:35:00Z,4286.1429,4286.33576,4286.08402,4286.19486,
2026-09-27T12:40:00Z,4286.1429,4286.28148,4286.10445,4286.23576,
2026-09-27T12:45:00Z,4286.1429,4286.33062,4286.07865,4286.23979,
2026-09-27T12:50:00Z,4286.1429,4286.30642,4286.11533,4286.11533,
2026-09-27T12:55:00Z,4286.1429,4286.33547,4286.08229,4286.20018,
2026-09-27T13:00:00Z,4286.1429,4286.27192,4286.11168,4286.23365,
2026-09-27T13:05:00Z,4286.1429,4286.33332,4286.07944,4286.24355,
2026-09-27T13:10:00Z,4286.1429,4286.29881,4286.11767,4286.11767,
2026-09-27T13:15:00Z,4286.1429,4286.33417,4286.08008,4286.20531,
2026-09-27T13:20:00Z,4286.1429,4286.26772,4286.11965,4286.23109,
2026-09-27T13:25:00Z,4286.1429,4286.33504,4286.08123,4286.14231,
2026-09-27T13:30:00Z,4286.1429,4286.29049,4286.12045,4286.12045,
2026-09-27T13:35:00Z,4286.1429,4286.33189,4286.07886,4286.2102,
2026-09-27T13:40:00Z,4286.1429,4286.2775,4286.1283,4286.22809,
2026-09-27T13:45:00Z,4286.1429,4286.33576,4286.08401,4286.13755,
2026-09-27T13:50:00Z,4286.1429,4286.28152,4286.12366,4286.12366,
2026-09-27T13:55:00Z,4286.1429,4286.33061,4286.07865,4286.21481,
2026-09-27T14:00:00Z,4286.1429,4286.28673,4286.13758,4286.22467,
2026-09-27T14:05:00Z,4286.1429,4286.33547,4286.0823,4286.13309,
2026-09-27T14:10:00Z,4286.1429,4286.27196,4286.12327,4286.12727,
2026-09-27T14:15:00Z,4286.1429,4286.33331,4286.07944,4286.21912,
2026-09-27T14:20:00Z,4286.1429,4286.29533,4286.1429,4286.22087,
2026-09-27T14:25:00Z,4286.1429,4286.33418,4286.08009,4286.12895,
2026-09-27T14:30:00Z,4286.1429,4286.26768,4286.115,4286.13126,
2026-09-27T14:35:00Z,4286.1429,4286.33503,4286.08122,4286.22308,
2026-09-27T14:40:00Z,4286.1429,4286.30326,4286.14176,4286.21671,
2026-09-27T14:45:00Z,4286.1429,4286.3319,4286.07887,4286.12517,
2026-09-27T14:50:00Z,4286.1429,4286.27746,4286.10745,4286.13558,
2026-09-27T14:55:00Z,4286.1429,4286.33575,4286.08399,4286.22666,
2026-09-27T15:00:00Z,4286.1429,4286.31043,4286.13224,4286.21223,
2026-09-27T15:05:00Z,4286.1429,4286.3306,4286.07865,4286.12179,
2026-09-27T15:10:00Z,4286.1429,4286.28669,4286.10067,4286.14022,
2026-09-27T15:15:00Z,4286.1429,4286.33547,4286.08231,4286.22984,
2026-09-27T15:20:00Z,4286.1429,4286.31679,4286.12331,4286.20745,
2026-09-27T15:25:00Z,4286.1429,4286.33331,4286.07943,4286.11882,
2026-09-27T15:30:00Z,4286.1429,4286.2953,4286.09473,4286.19997,
2026-09-27T15:35:00Z,4286.1429,4286.33419,4286.0801,4286.2326,
2026-09-27T15:40:00Z,4286.1429,4286.3223,4286.11503,4286.20242,
2026-09-27T15:45:00Z,4286.1429,4286.33503,4286.08121,4286.11628,
2026-09-27T15:50:00Z,4286.1429,4286.30322,4286.08967,4286.19444,
2026-09-27T15:55:00Z,4286.1429,4286.33191,4286.07887,4286.2349,
2026-09-27T16:00:00Z,4286.1429,4286.32691,4286.10748,4286.2002,
2026-09-27T16:05:00Z,4286.1429,4286.33575,4286.08398,4286.11421,
2026-09-27T16:10:00Z,4286.1429,4286.3104,4286.08552,4286.18893,
2026-09-27T16:15:00Z,4286.1429,4286.32866,4286.07865,4286.23674,
2026-09-27T16:20:00Z,4286.1429,4286.33058,4286.1007,4286.20569,
2026-09-27T16:25:00Z,4286.1429,4286.33547,4286.08771,4286.11261,
2026-09-27T16:30:00Z,4286.1429,4286.31677,4286.08232,4286.18348,
2026-09-27T16:35:00Z,4286.1429,4286.32446,4286.07943,4286.2381,
2026-09-27T16:40:00Z,4286.1429,4286.3333,4286.09475,4286.2111,
2026-09-27T16:45:00Z,4286.1429,4286.33419,4286.09237,4286.1115,
2026-09-27T16:50:00Z,4286.1429,4286.32228,4286.0801,4286.17811,
2026-09-27T16:55:00Z,4286.1429,4286.31935,4286.08121,4286.23896,
2026-09-27T17:00:00Z,4286.1429,4286.33502,4286.08969,4286.21641,
2026-09-27T17:05:00Z,4286.1429,4286.33192,4286.09793,4286.11089,
2026-09-27T17:10:00Z,4286.1429,4286.32689,4286.07887,4286.17289,
2026-09-27T17:15:00Z,4286.1429,4286.31336,4286.08397,4286.23933,
2026-09-27T17:20:00Z,4286.1429,4286.33575,4286.08554,4286.22153,
2026-09-27T17:25:00Z,4286.1429,4286.32868,4286.10434,4286.11077,
2026-09-27T17:30:00Z,4286.1429,4286.33057,4286.07865,4286.17802,
2026-09-27T17:35:00Z,4286.1429,4286.30654,4286.08769,4286.23919,
2026-09-27T17:40:00Z,4286.1429,4286.33548,4286.08233,4286.22647,
2026-09-27T17:45:00Z,4286.1429,4286.32448,4286.11116,4286.11116,
2026-09-27T17:50:00Z,4286.1429,4286.33329,4286.07942,4286.18368,
2026-09-27T17:55:00Z,4286.1429,4286.29894,4286.09235,4286.23855,
2026-09-27T18:00:00Z,4286.1429,4286.3342,4286.08011,4286.23241,
2026-09-27T18:05:00Z,4286.14296,4286.30984,4286.10666,4286.10666,
2026-09-27T18:10:00Z,4286.13667,4286.32963,4286.07225,4286.18755,
2026-09-27T18:15:00Z,4286.14106,4286.29449,4286.10133,4286.24115,
2026-09-27T18:20:00Z,4286.14657,4286.51035,4286.0826,4286.46605,
2026-09-27T18:25:00Z,4286.3578,4286.3578,4286.12435,4286.12435,
2026-09-27T18:30:00Z,4286.15286,4286.33941,4286.08927,4286.1928,
2026-09-27T18:35:00Z,4286.14084,4286.28128,4286.10064,4286.23572,
2026-09-27T18:40:00Z,4286.14359,4286.33069,4286.07497,4286.23866,
2026-09-27T18:45:00Z,4286.13948,4286.3084,4286.11524,4286.11524,
2026-09-27T18:50:00Z,4286.14324,4286.33735,4286.08791,4286.19813,
2026-09-27T18:55:00Z,4286.14078,4286.27172,4286.10785,4286.2336,
2026-09-27T19:00:00Z,4286.14357,4286.33512,4286.07942,4286.25123,
2026-09-27T19:05:00Z,4286.14872,4286.29163,4286.11783,4286.11783,
2026-09-27T19:10:00Z,4286.14159,4286.32103,4286.03948,4286.20326,
2026-09-27T19:15:00Z,4286.14072,4286.26801,4286.12264,4286.23677,
2026-09-27T19:20:00Z,4286.14873,4286.34596,4286.08656,4286.14612,
2026-09-27T19:25:00Z,4286.15209,4286.29488,4286.12578,4286.12578,
2026-09-27T19:30:00Z,4286.1481,4286.33757,4286.08444,4286.21879,
2026-09-27T19:35:00Z,4286.15209,4286.28366,4286.13289,4286.2357,
2026-09-27T19:40:00Z,4286.15055,4286.34308,4286.08919,4286.14312,
2026-09-27T19:45:00Z,4286.14862,4286.28799,4286.13073,4286.13073,
2026-09-27T19:50:00Z,4286.14995,4286.33452,4286.08598,4286.21463,
2026-09-27T19:55:00Z,4286.14267,4286.29187,4286.14225,4286.23239,
2026-09-27T20:00:00Z,4286.15025,4286.34289,4286.0734,4286.1239,
2026-09-27T20:05:00Z,4286.13467,4286.28033,4286.12695,4286.13423,
2026-09-27T20:10:00Z,4286.15025,4286.31112,4285.9592,4286.19575,
2026-09-27T20:15:00Z,4286.11749,4286.29636,4285.9592,4286.16885,
2026-09-27T20:20:00Z,4286.08629,4286.31743,4285.9568,4286.2469,
2026-09-27T20:25:00Z,4286.1311,4286.2754,4286.12569,4286.14324,
2026-09-27T20:30:00Z,4286.1545,4286.23495,4285.22455,4286.12243,
2026-09-27T20:35:00Z,4285.99012,4286.2868,4285.9592,4286.21873,
2026-09-27T20:40:00Z,4286.14474,4286.33569,4286.08259,4286.12907,
2026-09-27T20:45:00Z,4286.14657,4286.28238,4286.11157,4286.13898,
2026-09-27T20:50:00Z,4286.14657,4286.33941,4286.08931,4286.23005,
2026-09-27T20:55:00Z,4286.14628,4286.31354,4286.13649,4286.21426,
2026-09-27T21:00:00Z,4286.14474,4286.32408,4285.9592,4286.24421,
2026-09-27T21:05:00Z,4286.12024,4286.28999,4285.68469,4286.17758,
2026-09-27T21:10:00Z,4286.14459,4286.32587,4285.22455,4286.22072,
2026-09-27T21:15:00Z,4286.13277,4286.32059,4286.12936,4286.21133,
2026-09-27T21:20:00Z,4286.14676,4286.33863,4286.08482,4286.12456,
2026-09-27T21:25:00Z,4286.14841,4286.49338,4285.59184,4286.17999,
2026-09-27T21:30:00Z,4286.11202,4286.39613,4286.02177,4286.31525,
2026-09-27T21:35:00Z,4286.21119,4286.33332,4286.12738,4286.23839,
2026-09-27T21:40:00Z,4286.17943,4286.31883,4285.9592,4286.23752,
2026-09-27T21:45:00Z,4286.11587,4287.2233,4286.07973,4287.04161,
2026-09-27T21:50:00Z,4286.80132,4287.40232,4286.80132,4287.27621,
2026-09-27T21:55:00Z,4287.23796,4287.40522,4287.19256,4287.34148,
2026-09-27T22:00:00Z,4287.24544,4287.24544,4262.12678,4270.98806,
2026-09-27T22:05:00Z,4268.2489,4275.33134,4268.2489,4273.91146,
2026-09-27T22:10:00Z,4273.61792,4275.05831,4268.60425,4269.65215,
2026-09-27T22:15:00Z,4271.61839,4271.61839,4265.84762,4267.62687,
2026-09-27T22:20:00Z,4268.09099,4269.35266,4266.25926,4268.77706,
2026-09-27T22:25:00Z,4268.53592,4270.7666,4268.53592,4269.92372,
2026-09-27T22:30:00Z,4270.08616,4270.70084,4263.84684,4264.16661,
2026-09-27T22:35:00Z,4264.6314,4264.67034,4262.93802,4263.28711,
2026-09-27T22:40:00Z,4263.17617,4263.3015,4262.57253,4262.65955,
2026-09-27T22:45:00Z,4262.78829,4262.85355,4259.80588,4259.95293,
2026-09-27T22:50:00Z,4260.18847,4260.4215,4259.48073,4259.72913,
2026-09-27T22:55:00Z,4259.82973,4259.91539,4258.99653,4259.79807,
2026-09-27T23:00:00Z,4259.62939,4264.67189,4258.58104,4263.84772,
2026-09-27T23:05:00Z,4261.81192,4266.75769,4261.81192,4265.23561,
2026-09-27T23:10:00Z,4265.77454,4265.79433,4264.5539,4264.84658,
2026-09-27T23:15:00Z,4265.00946,4265.5601,4264.57418,4265.40096,
2026-09-27T23:20:00Z,4265.18817,4265.74646,4264.70162,4265.27961,
2026-09-27T23:25:00Z,4265.54329,4265.84762,4263.90033,4264.72723,
2026-09-27T23:30:00Z,4264.59204,4264.59204,4261.57151,4262.03597,
2026-09-27T23:35:00Z,4263.03999,4263.03999,4260.39536,4260.48458,
2026-09-27T23:40:00Z,4260.6323,4261.12153,4259.85091,4260.96936,
2026-09-27T23:45:00Z,4260.64008,4261.48679,4260.02746,4261.36755,
2026-09-27T23:50:00Z,4261.15491,4264.75606,4260.77642,4261.48963,
2026-09-27T23:55:00Z,4263.08471,4263.08471,4259.85091,4260.22064,
2026-09-28T00:00:00Z,4260.58071,4261.80178,4253.76285,4254.55215,
2026-09-28T00:05:00Z,4255.46002,4259.66945,4255.27997,4258.04582,
2026-09-28T00:10:00Z,4257.61008,4257.61008,4254.05198,4255.60285,
2026-09-28T00:15:00Z,4255.70065,4258.58984,4253.87102,4255.13085,
2026-09-28T00:20:00Z,4255.01646,4255.86245,4252.78557,4252.93504,
2026-09-28T00:25:00Z,4253.16572,4254.06449,4251.40568,4251.94482,
2026-09-28T00:30:00Z,4252.80642,4252.80642,4234.12232,4239.50419,
2026-09-28T00:35:00Z,4238.33142,4238.33142,4231.72951,4235.03395,
2026-09-28T00:40:00Z,4235.47979,4238.54533,4232.80423,4236.02254,
2026-09-28T00:45:00Z,4236.4088,4239.08436,4233.1626,4233.71936,
2026-09-28T00:50:00Z,4233.84865,4235.13468,4231.57332,4231.7553,
2026-09-28T00:55:00Z,4232.06626,4235.31405,4229.59375,4230.06098,
2026-09-28T01:00:00Z,4230.81176,4230.81176,4218.5193,4222.95337,
2026-09-28T01:05:00Z,4221.81473,4226.36406,4221.81473,4225.43531,
2026-09-28T01:10:00Z,4225.26886,4225.45585,4215.49616,4215.87555,
2026-09-28T01:15:00Z,4217.3283,4225.28371,4217.3283,4220.30828,
2026-09-28T01:20:00Z,4222.03499,4222.03499,4217.37698,4217.75226,
2026-09-28T01:25:00Z,4218.33356,4222.74286,4216.56266,4216.97879,
2026-09-28T01:30:00Z,4218.08468,4222.79465,4218.08468,4218.41766,
2026-09-28T01:35:00Z,4218.86036,4220.39642,4212.43075,4212.58608,
2026-09-28T01:40:00Z,4212.84102,4215.67388,4210.01884,4211.46591,
2026-09-28T01:45:00Z,4212.61975,4212.61975,4206.42593,4211.35199,
2026-09-28T01:50:00Z,4210.50326,4213.18728,4210.50326,4213.0785,
2026-09-28T01:55:00Z,4212.8334,4218.17074,4212.54253,4214.17643,
2026-09-28T02:00:00Z,4214.87997,4216.60785,4211.5903,4215.41602,
2026-09-28T02:05:00Z,4214.89204,4215.76238,4211.94508,4215.22536,
2026-09-28T02:10:00Z,4213.90273,4216.69089,4213.90273,4216.37944,
2026-09-28T02:15:00Z,4215.70271,4216.91828,4214.96312,4215.07518,
2026-09-28T02:20:00Z,4215.35273,4216.2071,4215.14079,4215.28813,
2026-09-28T02:25:00Z,4215.4815,4217.94997,4215.32448,4217.62901,
2026-09-28T02:30:00Z,4217.12528,4217.12528,4209.46287,4209.81047,
2026-09-28T02:35:00Z,4210.3238,4211.0813,4206.80661,4208.43975,
2026-09-28T02:40:00Z,4208.07857,4209.18738,4205.74505,4208.82971,
2026-09-28T02:45:00Z,4208.12755,4208.12755,4204.1537,4204.37231,
2026-09-28T02:50:00Z,4204.70314,4205.68467,4200.79815,4201.825,
2026-09-28T02:55:00Z,4201.62359,4204.27196,4195.33479,4195.62526,
2026-09-28T03:00:00Z,4196.00819,4201.767,4196.00819,4197.87786,
2026-09-28T03:05:00Z,4198.39317,4202.57157,4198.3728,4202.27974,
2026-09-28T03:10:00Z,4201.69205,4203.49727,4200.97463,4202.58674,
2026-09-28T03:15:00Z,4202.20217,4202.20217,4199.916,4200.14594,
2026-09-28T03:20:00Z,4199.95789,4200.5061,4194.80683,4196.14248,
2026-09-28T03:25:00Z,4195.62187,4197.09561,4194.61284,4196.98252,
2026-09-28T03:30:00Z,4196.69826,4199.58351,4193.13207,4193.8147,
2026-09-28T03:35:00Z,4195.37375,4195.37375,4192.16903,4194.57402,
2026-09-28T03:40:00Z,4193.59853,4195.68683,4193.04793,4193.2926,
2026-09-28T03:45:00Z,4193.69422,4194.29028,4192.16903,4192.61433,
2026-09-28T03:50:00Z,4193.09272,4199.19686,4193.09272,4198.94351,
2026-09-28T03:55:00Z,4198.22738,4199.56325,4197.81125,4197.92896,
2026-09-28T04:00:00Z,4198.06921,4198.09867,4196.21501,4197.6006,
2026-09-28T04:05:00Z,4197.27594,4197.68898,4196.21501,4196.65504,
2026-09-28T04:10:00Z,4196.54894,4200.0924,4196.54894,4199.25967,
2026-09-28T04:15:00Z,4199.21055,4199.78015,4197.44795,4198.43098,
2026-09-28T04:20:00Z,4198.16964,4198.16964,4196.40938,4197.619,
2026-09-28T04:25:00Z,4197.28158,4198.56784,4195.87633,4198.20863,
2026-09-28T04:30:00Z,4197.27331,4200.61743,4197.27331,4197.90175,
2026-09-28T04:35:00Z,4198.11654,4198.11654,4196.74333,4196.81769,
2026-09-28T04:40:00Z,4196.97055,4199.56325,4196.27171,4199.4653,
2026-09-28T04:45:00Z,4199.25675,4199.45631,4197.27177,4197.37135,
2026-09-28T04:50:00Z,4197.44914,4197.72807,4196.3544,4196.44941,
2026-09-28T04:55:00Z,4196.5622,4196.89292,4195.56491,4196.82831,
2026-09-28T05:00:00Z,4196.80869,4198.35872,4194.9828,4198.01373,
2026-09-28T05:05:00Z,4197.4831,4197.4831,4190.41234,4190.69425,
2026-09-28T05:10:00Z,4190.54881,4192.76267,4190.54881,4192.54109,
2026-09-28T05:15:00Z,4192.20643,4194.1752,4190.36511,4191.18991,
2026-09-28T05:20:00Z,4192.75769,4192.75769,4186.20228,4186.34914,
2026-09-28T05:25:00Z,4186.67352,4192.16903,4186.67352,4191.75854,
2026-09-28T05:30:00Z,4190.8991,4191.48892,4184.8527,4185.26665,
2026-09-28T05:35:00Z,4185.85577,4186.72807,4183.58281,4183.88638,
2026-09-28T05:40:00Z,4184.48141,4184.48141,4180.39696,4183.11821,
2026-09-28T05:45:00Z,4182.48838,4184.15671,4180.25249,4180.52677,
2026-09-28T05:50:00Z,4180.99872,4181.64994,4180.29313,4181.51859,
2026-09-28T05:55:00Z,4181.10953,4185.03773,4180.37471,4180.87209,
2026-09-28T06:00:00Z,4181.61242,4181.72827,4175.0167,4176.78253,
2026-09-28T06:05:00Z,4176.48555,4181.65092,4175.39651,4181.2606,
2026-09-28T06:10:00Z,4180.48311,4180.75179,4179.20428,4179.36208,
2026-09-28T06:15:00Z,4179.53828,4180.42724,4175.92941,4176.58058,
2026-09-28T06:20:00Z,4178.00849,4178.00849,4172.22964,4172.569,
2026-09-28T06:25:00Z,4173.16713,4174.23534,4169.62015,4169.89346,
2026-09-28T06:30:00Z,4170.40409,4174.31959,4168.43062,4174.09957,
2026-09-28T06:35:00Z,4173.62652,4177.95044,4172.9295,4176.05512,
2026-09-28T06:40:00Z,4175.14556,4177.27918,4174.26938,4174.58981,
2026-09-28T06:45:00Z,4175.05849,4175.6135,4172.22964,4175.22308,
2026-09-28T06:50:00Z,4174.63329,4176.23721,4170.42615,4172.74054,
2026-09-28T06:55:00Z,4172.72747,4172.72747,4162.67743,4164.49563,
2026-09-28T07:00:00Z,4164.08699,4165.97234,4162.67743,4163.49421,
2026-09-28T07:05:00Z,4164.14166,4166.1265,4161.81122,4163.70116,
2026-09-28T07:10:00Z,4162.8304,4166.1459,4161.09682,4161.4597,
2026-09-28T07:15:00Z,4162.11743,4164.41094,4160.59913,4162.48653,
2026-09-28T07:20:00Z,4162.53443,4164.06413,4157.76473,4157.90232,
2026-09-28T07:25:00Z,4157.8669,4161.81122,4157.31271,4160.54711,
2026-09-28T07:30:00Z,4160.05709,4160.05709,4157.13989,4158.60629,
2026-09-28T07:35:00Z,4158.45424,4158.45424,4152.82392,4153.22638,
2026-09-28T07:40:00Z,4154.204,4158.69583,4153.85893,4154.22256,
2026-09-28T07:45:00Z,4154.91712,4156.79428,4153.55448,4156.56484,
2026-09-28T07:50:00Z,4156.0856,4156.15671,4151.28487,4152.06569,
2026-09-28T07:55:00Z,4153.24017,4160.10666,4151.27236,4151.70337,
2026-09-28T08:00:00Z,4152.97568,4158.34997,4152.97568,4157.19301,
2026-09-28T08:05:00Z,4157.26718,4159.83567,4156.44873,4157.55894,
2026-09-28T08:10:00Z,4157.33188,4157.33188,4151.12576,4152.00018,
2026-09-28T08:15:00Z,4153.22807,4158.45413,4152.45196,4152.78162,
2026-09-28T08:20:00Z,4153.45617,4153.45617,4147.83516,4148.45222,
2026-09-28T08:25:00Z,4149.82187,4152.65147,4145.59323,4146.19297,
2026-09-28T08:30:00Z,4147.04176,4147.31254,4144.14227,4147.06223,
2026-09-28T08:35:00Z,4146.72483,4150.39143,4143.70364,4143.84616,
2026-09-28T08:40:00Z,4144.07327,4150.75544,4143.53195,4150.20912,
2026-09-28T08:45:00Z,4150.07515,4152.47903,4149.03328,4150.46955,
2026-09-28T08:50:00Z,4151.23175,4151.23175,4145.24954,4147.56842,
2026-09-28T08:55:00Z,4147.13889,4148.60096,4144.93529,4145.40154,
2026-09-28T09:00:00Z,4146.36191,4146.38128,4143.36027,4143.49039,
2026-09-28T09:05:00Z,4143.68088,4146.45271,4142.17133,4146.10418,
2026-09-28T09:10:00Z,4146.65454,4146.65454,4141.1297,4142.66803,
2026-09-28T09:15:00Z,4142.579,4146.20273,4139.69385,4145.09626,
2026-09-28T09:20:00Z,4142.35616,4148.68901,4142.35616,4148.52604,
2026-09-28T09:25:00Z,4148.16026,4148.16026,4144.90591,4145.10928,
2026-09-28T09:30:00Z,4145.53846,4146.6022,4143.71691,4143.99448,
2026-09-28T09:35:00Z,4144.53607,4148.17273,4142.88635,4145.7014,
2026-09-28T09:40:00Z,4146.22732,4150.75544,4145.14951,4150.61894,
2026-09-28T09:45:00Z,4150.41195,4154.19541,4150.40075,4153.7113,
2026-09-28T09:50:00Z,4152.72808,4156.85203,4152.72808,4156.69379,
2026-09-28T09:55:00Z,4156.19836,4157.13989,4154.29339,4156.05841,
2026-09-28T10:00:00Z,4155.42218,4158.92476,4153.14166,4158.24787,
2026-09-28T10:05:00Z,4156.90498,4159.67846,4154.20405,4154.714,
2026-09-28T10:10:00Z,4155.60118,4157.31271,4153.93299,4155.08744,
2026-09-28T10:15:00Z,4155.03433,4157.78974,4153.78731,4154.00275,
2026-09-28T10:20:00Z,4154.38834,4155.0671,4152.30661,4154.94076,
2026-09-28T10:25:00Z,4154.62297,4158.17706,4153.76648,4157.14608,
2026-09-28T10:30:00Z,4157.25124,4158.17706,4154.72184,4156.87444,
2026-09-28T10:35:00Z,4156.61598,4158.34997,4155.49525,4157.09123,
2026-09-28T10:40:00Z,4157.13358,4159.24054,4156.2235,4156.7798,
2026-09-28T10:45:00Z,4157.67182,4157.67182,4155.0671,4155.87528,
2026-09-28T10:50:00Z,4155.38568,4158.00416,4155.38568,4157.94149,
2026-09-28T10:55:00Z,4157.75091,4157.75091,4156.44873,4156.56339,
2026-09-28T11:00:00Z,4156.767,4157.13989,4150.41673,4150.74568,
2026-09-28T11:05:00Z,4151.21001,4152.85102,4149.72197,4152.56397,
2026-09-28T11:10:00Z,4152.19062,4154.44929,4149.03328,4149.64448,
2026-09-28T11:15:00Z,4149.59807,4154.54923,4149.59807,4150.72448,
2026-09-28T11:20:00Z,4151.76461,4154.20405,4149.03328,4153.99116,
2026-09-28T11:25:00Z,4153.55931,4155.93051,4152.1342,4155.28811,
2026-09-28T11:30:00Z,4154.61379,4155.93051,4151.78942,4152.67376,
2026-09-28T11:35:00Z,4152.83533,4152.90978,4148.95235,4149.00073,
2026-09-28T11:40:00Z,4149.16144,4151.9618,4147.71437,4151.46473,
2026-09-28T11:45:00Z,4151.14344,4155.2983,4150.76658,4151.4927,
2026-09-28T11:50:00Z,4151.9079,4151.9079,4148.51691,4151.46042,
2026-09-28T11:55:00Z,4150.58552,4153.34136,4148.51691,4149.70852,
2026-09-28T12:00:00Z,4150.43746,4153.90548,4146.96857,4152.01366,
2026-09-28T12:05:00Z,4147.42235,4169.11506,4147.42235,4162.93052,
2026-09-28T12:10:00Z,4163.91705,4165.27824,4162.85072,4164.89519,
2026-09-28T12:15:00Z,4164.44813,4166.84029,4164.44813,4164.97162,
2026-09-28T12:20:00Z,4165.16571,4171.18545,4162.32184,4162.92347,
2026-09-28T12:25:00Z,4163.64826,4163.64826,4154.54923,4155.07321,
2026-09-28T12:30:00Z,4156.04771,4156.04771,4149.89418,4151.18997,
2026-09-28T12:35:00Z,4150.49079,4152.99639,4148.32225,4148.75507,
2026-09-28T12:40:00Z,4149.55794,4149.55794,4144.18067,4144.42427,
2026-09-28T12:45:00Z,4144.80334,4148.92174,4143.70364,4148.27041,
2026-09-28T12:50:00Z,4146.87684,4151.5791,4146.87684,4151.08053,
2026-09-28T12:55:00Z,4149.77496,4155.23976,4148.61252,4154.32923,
2026-09-28T13:00:00Z,4154.17824,4154.17824,4144.39057,4148.97569,
2026-09-28T13:05:00Z,4147.96224,4150.0664,4147.96224,4148.37935,
2026-09-28T13:10:00Z,4148.72971,4149.82615,4146.93331,4149.28403,
2026-09-28T13:15:00Z,4148.37136,4150.39817,4146.02708,4146.40535,
2026-09-28T13:20:00Z,4147.16226,4147.54182,4145.4365,4146.65436,
2026-09-28T13:25:00Z,4146.75762,4148.68901,4143.61392,4144.02032,
2026-09-28T13:30:00Z,4144.88507,4145.93698,4140.86408,4141.51891,
2026-09-28T13:35:00Z,4142.71,4150.0664,4138.04519,4149.51792,
2026-09-28T13:40:00Z,4148.46666,4150.0664,4144.55159,4149.20205,
2026-09-28T13:45:00Z,4149.11795,4158.96712,4146.66219,4158.06457,
2026-09-28T13:50:00Z,4156.84273,4160.25294,4153.6864,4157.16666,
2026-09-28T13:55:00Z,4156.85944,4158.86879,4156.10324,4158.6925,
2026-09-28T14:00:00Z,4158.32861,4158.64845,4146.86531,4148.18693,
2026-09-28T14:05:00Z,4150.39041,4150.39041,4141.86426,4142.25932,
2026-09-28T14:10:00Z,4142.86762,4142.86762,4140.4076,4140.91035,
2026-09-28T14:15:00Z,4141.947,4141.947,4138.05661,4138.67448,
2026-09-28T14:20:00Z,4139.49789,4143.53195,4137.18919,4143.2724,
2026-09-28T14:25:00Z,4142.66356,4143.45803,4140.20775,4140.6021,
2026-09-28T14:30:00Z,4141.35235,4142.84531,4135.82034,4136.89592,
2026-09-28T14:35:00Z,4136.6705,4137.01804,4132.74373,4132.95358,
2026-09-28T14:40:00Z,4133.29307,4134.28513,4123.77534,4124.00019,
2026-09-28T14:45:00Z,4124.42341,4124.42341,4114.37976,4114.89649,
2026-09-28T14:50:00Z,4115.89842,4120.14338,4114.37976,4115.78229,
2026-09-28T14:55:00Z,4115.95624,4120.26894,4113.02595,4116.78585,
2026-09-28T15:00:00Z,4115.0354,4121.54108,4115.0354,4121.27887,
2026-09-28T15:05:00Z,4120.89398,4122.86127,4120.82252,4122.01133,
2026-09-28T15:10:00Z,4121.97488,4121.97488,4118.44652,4119.32013,
2026-09-28T15:15:00Z,4119.24452,4125.31632,4118.78681,4124.76899,
2026-09-28T15:20:00Z,4124.08357,4126.60656,4120.48292,4124.86149,
2026-09-28T15:25:00Z,4124.24529,4125.07219,4122.52133,4124.99552,
2026-09-28T15:30:00Z,4124.75993,4127.09258,4121.33201,4123.14295,
2026-09-28T15:35:00Z,4123.1335,4125.24236,4120.99233,4123.0319,
2026-09-28T15:40:00Z,4124.68967,4124.68967,4119.8039,4120.53986,
2026-09-28T15:45:00Z,4121.12732,4121.12732,4116.41214,4119.22848,
2026-09-28T15:50:00Z,4118.71574,4122.35723,4116.40978,4118.71959,
2026-09-28T15:55:00Z,4119.20334,4124.56177,4118.95543,4122.83778,
2026-09-28T16:00:00Z,4122.99952,4123.71134,4121.16217,4121.36906,
2026-09-28T16:05:00Z,4121.7409,4124.07312,4121.33201,4121.53085,
2026-09-28T16:10:00Z,4121.85148,4121.85148,4117.76817,4117.94395,
2026-09-28T16:15:00Z,4118.23787,4128.47824,4116.32349,4127.68162,
2026-09-28T16:20:00Z,4126.83271,4132.5366,4124.39165,4130.48737,
2026-09-28T16:25:00Z,4130.94043,4147.65657,4130.94043,4146.61474,
2026-09-28T16:30:00Z,4146.40271,4146.40271,4136.8469,4137.29501,
2026-09-28T16:35:00Z,4137.88996,4139.58876,4134.98555,4136.80003,
2026-09-28T16:40:00Z,4138.05547,4138.05547,4132.48527,4132.69868,
2026-09-28T16:45:00Z,4133.0443,4133.0443,4129.67169,4130.92522,
2026-09-28T16:50:00Z,4130.68875,4132.56044,4128.80321,4131.96616,
2026-09-28T16:55:00Z,4130.75031,4133.08535,4128.81916,4128.94353,
2026-09-28T17:00:00Z,4129.10246,4129.10246,4127.75333,4127.83363,
2026-09-28T17:05:00Z,4128.03122,4128.98964,4126.60422,4127.05143,
2026-09-28T17:10:00Z,4126.90932,4146.62465,4120.25308,4142.28667,
2026-09-28T17:15:00Z,4142.34564,4142.34564,4134.99791,4135.50486,
2026-09-28T17:20:00Z,4136.60383,4136.60383,4134.28146,4136.44453,
2026-09-28T17:25:00Z,4136.25781,4137.36036,4135.63793,4135.98482,
2026-09-28T17:30:00Z,4136.05969,4139.41551,4135.47827,4137.70653,
2026-09-28T17:35:00Z,4138.1074,4138.1074,4135.13625,4135.41838,
2026-09-28T17:40:00Z,4135.93271,4138.90154,4134.28146,4137.6682,
2026-09-28T17:45:00Z,4137.84567,4138.28236,4134.90605,4135.47201,
2026-09-28T17:50:00Z,4136.15622,4140.10102,4136.15622,4137.80403,
2026-09-28T17:55:00Z,4137.99051,4138.4056,4134.45239,4134.76424,
2026-09-28T18:00:00Z,4135.32151,4136.2162,4134.0071,4135.8509,
2026-09-28T18:05:00Z,4135.02985,4137.87396,4135.02985,4135.60246,
2026-09-28T18:10:00Z,4135.94152,4138.21643,4134.96527,4135.10667,
2026-09-28T18:15:00Z,4135.34518,4135.82034,4133.93964,4134.08767,
2026-09-28T18:20:00Z,4134.31328,4137.36036,4134.28146,4135.50424,
2026-09-28T18:25:00Z,4136.2649,4136.2649,4134.28146,4135.03762,
2026-09-28T18:30:00Z,4135.16583,4136.86067,4132.58243,4134.52505,
2026-09-28T18:35:00Z,4133.83206,4135.13625,4131.90774,4134.64598,
2026-09-28T18:40:00Z,4134.60979,4139.07285,4134.11055,4138.94749,
2026-09-28T18:45:00Z,4138.68751,4139.07285,4137.52359,4138.7187,
2026-09-28T18:50:00Z,4138.23066,4139.92962,4138.12613,4139.79637,
2026-09-28T18:55:00Z,4139.6843,4140.27243,4139.07285,4140.20908,
2026-09-28T19:00:00Z,4140.07962,4141.17276,4132.06066,4135.05212,
2026-09-28T19:05:00Z,4134.48829,4135.66351,4131.5485,4131.73872,
2026-09-28T19:10:00Z,4131.94373,4132.74373,4131.94373,4132.70634,
2026-09-28T19:15:00Z,4132.59614,4134.79429,4132.06066,4133.93341,
2026-09-28T19:20:00Z,4134.05893,4136.25695,4132.06066,4132.26183,
2026-09-28T19:25:00Z,4132.59103,4134.67133,4132.06066,4134.60192,
2026-09-28T19:30:00Z,4134.5096,4134.741,4130.0128,4130.50504,
2026-09-28T19:35:00Z,4131.29988,4134.26963,4130.0128,4131.2376,
2026-09-28T19:40:00Z,4133.20007,4133.20007,4128.98964,4129.56122,
2026-09-28T19:45:00Z,4129.73317,4129.81311,4126.43394,4126.70072,
2026-09-28T19:50:00Z,4127.13145,4127.13145,4124.87316,4125.16841,
2026-09-28T19:55:00Z,4125.54985,4125.54985,4122.69129,4123.36795,
2026-09-28T20:00:00Z,4124.32547,4124.32547,4120.82252,4121.66701,
2026-09-28T20:05:00Z,4121.50103,4121.73731,4117.76817,4117.92292,
2026-09-28T20:10:00Z,4118.20627,4121.48069,4118.09531,4120.94759,
2026-09-28T20:15:00Z,4119.66392,4122.74696,4119.66392,4122.61927,
2026-09-28T20:20:00Z,4122.27413,4123.37127,4121.8419,4123.29428,
2026-09-28T20:25:00Z,4122.90337,4123.04515,4116.92054,4117.12885,
2026-09-28T20:30:00Z,4117.56822,4118.27691,4116.84663,4118.16343,
2026-09-28T20:35:00Z,4118.26367,4118.26367,4115.3957,4116.30828,
2026-09-28T20:40:00Z,4116.07777,4118.78696,4114.54905,4114.85176,
2026-09-28T20:45:00Z,4115.35687,4115.35687,4112.18028,4112.3365,
2026-09-28T20:50:00Z,4112.60237,4113.74796,4111.79963,4113.59358,
2026-09-28T20:55:00Z,4113.35556,4115.34472,4112.99365,4115.07518,
2026-09-28T21:00:00Z,4114.67004,4115.56507,4114.67004,4115.22292,
2026-09-28T21:05:00Z,4115.24072,4115.51689,4114.71835,4115.34425,
2026-09-28T21:10:00Z,4115.27229,4115.53499,4115.18183,4115.34595,
2026-09-28T21:15:00Z,4115.27111,4115.42823,4115.17184,4115.35535,
2026-09-28T21:20:00Z,4115.23625,4115.38381,4115.22634,4115.23755,
2026-09-28T21:25:00Z,4115.2699,4115.48636,4115.21858,4115.34482,
2026-09-28T21:30:00Z,4115.26868,4115.38709,4115.05699,4115.29058,
2026-09-28T21:35:00Z,4115.21538,4115.42273,4115.13091,4115.17384,
2026-09-28T21:40:00Z,4115.19464,4115.31852,4115.05699,4115.28972,
2026-09-28T21:45:00Z,4115.25356,4115.44532,4115.19594,4115.34001,
2026-09-28T21:50:00Z,4115.2594,4115.4215,4115.18584,4115.32541,
2026-09-28T21:55:00Z,4115.2696,4115.3648,4114.16569,4114.51775,
2026-09-28T22:00:00Z,4115.00016,4119.87428,4113.53353,4119.3704,
2026-09-28T22:05:00Z,4118.0797,4122.66456,4118.0797,4122.54711,
2026-09-28T22:10:00Z,4122.5118,4122.52133,4119.97363,4121.87085,
2026-09-28T22:15:00Z,4121.23868,4123.5413,4121.13512,4123.33625,
2026-09-28T22:20:00Z,4123.26255,4126.68397,4122.75805,4126.4835,
2026-09-28T22:25:00Z,4126.1355,4126.43394,4124.10553,4126.2783,
2026-09-28T22:30:00Z,4125.959,4126.12329,4121.50188,4122.74233,
2026-09-28T22:35:00Z,4122.5444,4123.91651,4122.5444,4123.81698,
2026-09-28T22:40:00Z,4123.61758,4126.09341,4122.69129,4124.55321,
2026-09-28T22:45:00Z,4124.7839,4124.90203,4124.04308,4124.10146,
2026-09-28T22:50:00Z,4124.27837,4125.04817,4120.523,4120.67603,
2026-09-28T22:55:00Z,4120.86238,4121.91791,4120.86238,4121.67322,
2026-09-28T23:00:00Z,4121.69238,4123.20125,4121.64564,4122.30744,
2026-09-28T23:05:00Z,4122.39589,4123.5413,4121.91583,4122.86391,
2026-09-28T23:10:00Z,4122.84585,4124.90203,4122.36236,4123.83705,
2026-09-28T23:15:00Z,4124.01656,4125.84255,4123.87801,4124.77838,
2026-09-28T23:20:00Z,4124.6831,4126.26367,4124.09324,4126.12977,
2026-09-28T23:25:00Z,4125.71804,4128.81916,4125.22387,4128.35861,
2026-09-28T23:30:00Z,4128.37236,4129.20936,4127.71754,4129.01342,
2026-09-28T23:35:00Z,4128.62902,4128.62902,4125.75295,4127.63741,
2026-09-28T23:40:00Z,4127.34127,4127.96698,4126.60422,4127.80185,
2026-09-28T23:45:00Z,4127.68821,4127.9173,4122.52133,4123.07033,
2026-09-28T23:50:00Z,4123.19563,4124.90203,4122.86127,4124.85409,
2026-09-28T23:55:00Z,4124.7348,4126.94482,4123.99154,4126.74751,
2026-09-29T00:00:00Z,4126.42031,4126.94482,4124.42984,4124.76337,
2026-09-29T00:05:00Z,4125.32501,4126.12195,4123.90881,4124.08968,
2026-09-29T00:10:00Z,4124.34784,4124.6342,4120.48292,4122.52154,
2026-09-29T00:15:00Z,4122.02882,4122.86127,4114.04564,4114.56011,
2026-09-29T00:20:00Z,4115.49766,4118.85684,4115.49766,4115.79321,
2026-09-29T00:25:00Z,4116.29883,4122.35139,4116.29883,4121.86295,
2026-09-29T00:30:00Z,4120.67481,4124.40143,4120.48292,4123.70264,
2026-09-29T00:35:00Z,4122.20249,4126.43394,4122.20249,4123.77225,
2026-09-29T00:40:00Z,4123.96389,4123.96389,4121.20417,4121.62639,
2026-09-29T00:45:00Z,4122.4808,4122.4808,4116.41214,4116.51405,
2026-09-29T00:50:00Z,4117.13159,4120.73349,4114.21048,4116.67586,
2026-09-29T00:55:00Z,4116.39428,4120.91818,4114.66295,4120.37016,
2026-09-29T01:00:00Z,4119.59682,4125.75295,4112.09033,4121.13955,
2026-09-29T01:05:00Z,4121.77921,4125.88997,4114.54905,4119.7769,
2026-09-29T01:10:00Z,4119.01565,4123.8814,4119.01565,4123.63983,
2026-09-29T01:15:00Z,4122.97186,4129.45316,4117.42908,4118.01915,
2026-09-29T01:20:00Z,4119.64029,4129.73915,4119.64029,4127.31229,
2026-09-29T01:25:00Z,4127.86928,4131.1403,4127.31712,4130.605,
2026-09-29T01:30:00Z,4129.93381,4132.62686,4127.45584,4130.58819,
2026-09-29T01:35:00Z,4130.09667,4131.3208,4126.13125,4126.63797,
2026-09-29T01:40:00Z,4127.68769,4132.91453,4125.24236,4132.14113,
2026-09-29T01:45:00Z,4131.5292,4136.67577,4130.82545,4136.44285,
2026-09-29T01:50:00Z,4136.01748,4136.81539,4131.37781,4135.37387,
2026-09-29T01:55:00Z,4134.51904,4135.9914,4134.28146,4135.88627,
2026-09-29T02:00:00Z,4135.6129,4135.6129,4130.90045,4131.27622,
2026-09-29T02:05:00Z,4131.85541,4131.85541,4126.94482,4127.27152,
2026-09-29T02:10:00Z,4127.71525,4132.46675,4127.71525,4132.24365,
2026-09-29T02:15:00Z,4131.93431,4134.54896,4131.00161,4133.91833,
2026-09-29T02:20:00Z,4133.1324,4135.47827,4131.5485,4134.49961,
2026-09-29T02:25:00Z,4133.70727,4135.74187,4132.40217,4134.15152,
2026-09-29T02:30:00Z,4133.09199,4137.70275,4132.69116,4135.41744,
2026-09-29T02:35:00Z,4135.72371,4138.64771,4133.25618,4136.58468,
2026-09-29T02:40:00Z,4135.71474,4137.36036,4131.60964,4136.50825,
2026-09-29T02:45:00Z,4135.71694,4138.16703,4135.71694,4137.14551,
2026-09-29T02:50:00Z,4137.55848,4138.38768,4136.67577,4136.76943,
2026-09-29T02:55:00Z,4136.82363,4139.3213,4136.82363,4139.15027,
2026-09-29T03:00:00Z,4138.85644,4139.67467,4136.34181,4139.31956,
2026-09-29T03:05:00Z,4138.22017,4138.73024,4134.36249,4136.43973,
2026-09-29T03:10:00Z,4137.51781,4137.51781,4134.28146,4135.36911,
2026-09-29T03:15:00Z,4135.11045,4136.81156,4134.28146,4134.75045,
2026-09-29T03:20:00Z,4134.93992,4136.8982,4133.69071,4136.64116,
2026-09-29T03:25:00Z,4136.29901,4139.80697,4136.29901,4139.22354,
2026-09-29T03:30:00Z,4138.12654,4140.27243,4138.04519,4138.18952,
2026-09-29T03:35:00Z,4138.46204,4138.90494,4137.17884,4138.75303,
2026-09-29T03:40:00Z,4138.34276,4141.11306,4137.81237,4138.99667,
2026-09-29T03:45:00Z,4139.92098,4139.92098,4134.21348,4137.1055,
2026-09-29T03:50:00Z,4136.75655,4137.70275,4135.01132,4135.74266,
2026-09-29T03:55:00Z,4135.61159,4135.61159,4132.06066,4132.76899,
2026-09-29T04:00:00Z,4132.79016,4133.93964,4131.71921,4131.97752,
2026-09-29T04:05:00Z,4131.99375,4132.40217,4131.03648,4131.40919,
2026-09-29T04:10:00Z,4131.29001,4132.58409,4129.86264,4131.76966,
2026-09-29T04:15:00Z,4131.49272,4131.71921,4130.81657,4131.64809,
2026-09-29T04:20:00Z,4131.56246,4131.56246,4129.84224,4129.94325,
2026-09-29T04:25:00Z,4130.08836,4130.24034,4128.98964,4129.52096,
2026-09-29T04:30:00Z,4129.41875,4132.39044,4127.80541,4128.30163,
2026-09-29T04:35:00Z,4128.96627,4128.96627,4125.24236,4125.37272,
2026-09-29T04:40:00Z,4125.42132,4127.79658,4125.42132,4127.60303,
2026-09-29T04:45:00Z,4127.22066,4127.82478,4126.27744,4126.54276,
2026-09-29T04:50:00Z,4126.76428,4128.66238,4126.76428,4127.88265,
2026-09-29T04:55:00Z,4128.16415,4128.8877,4126.60422,4127.10775,
2026-09-29T05:00:00Z,4127.03419,4128.81916,4126.94482,4128.34982,
2026-09-29T05:05:00Z,4128.35393,4130.0212,4126.09341,4129.61519,
2026-09-29T05:10:00Z,4128.64394,4130.6952,4127.81254,4129.25885,
2026-09-29T05:15:00Z,4129.09945,4132.06066,4127.6262,4131.67392,
2026-09-29T05:20:00Z,4130.79226,4132.91453,4129.84224,4132.72138,
2026-09-29T05:25:00Z,4132.32315,4132.45675,4129.67169,4129.88084,
2026-09-29T05:30:00Z,4130.30595,4132.09589,4122.69129,4123.08116,
2026-09-29T05:35:00Z,4123.78484,4132.34329,4122.75711,4130.43149,
2026-09-29T05:40:00Z,4125.66636,4138.63034,4125.66636,4137.1805,
2026-09-29T05:45:00Z,4134.46551,4140.78675,4134.45239,4137.01756,
2026-09-29T05:50:00Z,4136.65886,4143.39246,4135.8345,4142.55443,
2026-09-29T05:55:00Z,4140.45982,4144.39057,4136.50465,4137.02525,
2026-09-29T06:00:00Z,4137.75736,4142.48419,4136.37775,4142.00023,
2026-09-29T06:05:00Z,4141.2681,4144.53113,4140.47739,4144.2098,
2026-09-29T06:10:00Z,4143.77523,4147.92442,4143.21547,4147.38036,
2026-09-29T06:15:00Z,4146.50109,4148.34481,4140.6153,4140.93666,
2026-09-29T06:20:00Z,4141.72599,4145.24954,4141.36532,4144.41925,
2026-09-29T06:25:00Z,4144.50404,4144.50404,4141.98733,4143.9378,
2026-09-29T06:30:00Z,4143.71597,4145.08859,4142.97707,4144.97649,
2026-09-29T06:35:00Z,4144.7691,4144.7691,4142.84531,4143.37402,
2026-09-29T06:40:00Z,4143.12094,4145.42138,4143.01,4145.14671,
2026-09-29T06:45:00Z,4144.57438,4145.07512,4142.15889,4142.59354,
2026-09-29T06:50:00Z,4142.51124,4143.31353,4139.92962,4141.73518,
2026-09-29T06:55:00Z,4141.44344,4141.8743,4139.41551,4139.58354,
2026-09-29T07:00:00Z,4139.80907,4140.65558,4136.16247,4139.48977,
2026-09-29T07:05:00Z,4138.205,4144.73412,4138.205,4144.61366,
2026-09-29T07:10:00Z,4144.36371,4144.43959,4143.01694,4144.17216,
2026-09-29T07:15:00Z,4144.00405,4145.07772,4142.60182,4143.74372,
2026-09-29T07:20:00Z,4143.30589,4146.16398,4143.30589,4145.35107,
2026-09-29T07:25:00Z,4145.3994,4149.03328,4145.3994,4147.61247,
2026-09-29T07:30:00Z,4147.77955,4148.04399,4141.81577,4142.1594,
2026-09-29T07:35:00Z,4142.09386,4146.11249,4142.09386,4145.73654,
2026-09-29T07:40:00Z,4144.76905,4146.7966,4142.73753,4143.16669,
2026-09-29T07:45:00Z,4143.89308,4143.89308,4141.98733,4142.7155,
2026-09-29T07:50:00Z,4142.57985,4143.17051,4140.78675,4141.00239,
2026-09-29T07:55:00Z,4141.45155,4142.63171,4139.92962,4140.5258,
2026-09-29T08:00:00Z,4140.25873,4143.53195,4140.25873,4143.42485,
2026-09-29T08:05:00Z,4143.26084,4143.26084,4137.87396,4138.04956,
2026-09-29T08:10:00Z,4138.48138,4141.00144,4138.04519,4140.68565,
2026-09-29T08:15:00Z,4140.28084,4144.56233,4140.28084,4142.64474,
2026-09-29T08:20:00Z,4142.97253,4146.10888,4142.36754,4142.9522,
2026-09-29T08:25:00Z,4144.1101,4144.1101,4140.44386,4140.80029,
2026-09-29T08:30:00Z,4140.8745,4141.82854,4139.33068,4139.72772,
2026-09-29T08:35:00Z,4140.48087,4140.48087,4138.21643,4140.01032,
2026-09-29T08:40:00Z,4139.15949,4140.95822,4138.90154,4139.68153,
2026-09-29T08:45:00Z,4139.51427,4141.71032,4139.22974,4141.39787,
2026-09-29T08:50:00Z,4140.68146,4141.98733,4139.92962,4140.28851,
2026-09-29T08:55:00Z,4140.32187,4142.31732,4137.70275,4137.88654,
2026-09-29T09:00:00Z,4137.89469,4142.83536,4137.89469,4142.63293,
2026-09-29T09:05:00Z,4142.2515,4145.96709,4140.78675,4141.53914,
2026-09-29T09:10:00Z,4141.58787,4143.18892,4140.78675,4140.93127,
2026-09-29T09:15:00Z,4141.12011,4142.86318,4139.35589,4142.73863,
2026-09-29T09:20:00Z,4142.56954,4143.44752,4141.20097,4141.59228,
2026-09-29T09:25:00Z,4142.42376,4142.42376,4140.6153,4141.74421,
2026-09-29T09:30:00Z,4141.38014,4141.98733,4139.75824,4139.82835,
2026-09-29T09:35:00Z,4140.02449,4142.33048,4139.39801,4142.14856,
2026-09-29T09:40:00Z,4141.79314,4145.58508,4140.81972,4144.95302,
2026-09-29T09:45:00Z,4143.96836,4147.48455,4143.96836,4147.29289,
2026-09-29T09:50:00Z,4146.85237,4147.37293,4140.32581,4141.14652,
2026-09-29T09:55:00Z,4142.9305,4148.34481,4142.9305,4145.56802,
2026-09-29T10:00:00Z,4145.80025,4146.77045,4143.38859,4143.69435,
2026-09-29T10:05:00Z,4144.42908,4150.23864,4144.42908,4150.10131,
2026-09-29T10:10:00Z,4149.77948,4150.07389,4149.36429,4149.60449,
2026-09-29T10:15:00Z,4149.57237,4149.57237,4148.17273,4148.40244,
2026-09-29T10:20:00Z,4148.78071,4149.91262,4147.14055,4147.28572,
2026-09-29T10:25:00Z,4147.33176,4149.20543,4147.33176,4147.96777,
2026-09-29T10:30:00Z,4148.03583,4150.75544,4147.57297,4148.66089,
2026-09-29T10:35:00Z,4148.78753,4149.54977,4147.82861,4148.74331,
2026-09-29T10:40:00Z,4148.83555,4149.85064,4148.58854,4148.87193,
2026-09-29T10:45:00Z,4148.9706,4152.1342,4148.9706,4151.47271,
2026-09-29T10:50:00Z,4151.518,4152.67884,4151.40866,4152.59103,
2026-09-29T10:55:00Z,4152.42881,4154.54923,4151.27236,4154.42347,
2026-09-29T11:00:00Z,4154.1598,4155.23976,4153.16887,4154.36041,
2026-09-29T11:05:00Z,4154.64105,4156.39414,4153.52485,4155.32662,
2026-09-29T11:10:00Z,4154.95339,4155.58511,4153.97336,4154.22784,
2026-09-29T11:15:00Z,4154.76348,4158.00416,4154.76348,4157.47262,
2026-09-29T11:20:00Z,4157.52575,4160.39139,4156.83425,4160.17207,
2026-09-29T11:25:00Z,4159.53895,4160.94537,4159.45006,4160.73309,
2026-09-29T11:30:00Z,4160.4327,4160.4327,4157.31271,4159.1638,
2026-09-29T11:35:00Z,4159.04603,4159.04603,4156.82269,4157.03304,
2026-09-29T11:40:00Z,4157.33043,4158.77846,4151.27236,4151.57845,
2026-09-29T11:45:00Z,4151.85006,4153.1136,4150.92773,4151.08092,
2026-09-29T11:50:00Z,4151.49996,4159.80265,4151.49996,4158.98434,
2026-09-29T11:55:00Z,4157.11784,4157.11784,4153.34136,4153.4626,
2026-09-29T12:00:00Z,4153.60717,4157.59424,4153.45441,4155.32919,
2026-09-29T12:05:00Z,4155.94637,4158.69583,4154.03149,4154.20098,
2026-09-29T12:10:00Z,4154.44478,4155.16168,4151.61705,4152.49595,
2026-09-29T12:15:00Z,4152.02827,4156.79428,4152.02827,4153.08851,
2026-09-29T12:20:00Z,4154.38514,4154.38514,4149.20543,4149.50787,
2026-09-29T12:25:00Z,4150.06961,4153.73486,4148.25188,4151.78306,
2026-09-29T12:30:00Z,4152.39645,4158.03136,4152.39645,4157.77019,
2026-09-29T12:35:00Z,4157.24989,4157.24989,4154.3241,4156.23064,
2026-09-29T12:40:00Z,4156.27675,4156.27675,4151.9618,4155.56011,
2026-09-29T12:45:00Z,4154.85178,4156.44873,4152.30661,4154.44705,
2026-09-29T12:50:00Z,4153.7658,4157.05441,4150.41089,4150.91233,
2026-09-29T12:55:00Z,4151.71135,4152.54595,4148.5687,4149.12475,
2026-09-29T13:00:00Z,4150.13833,4155.0671,4150.13833,4154.76946,
2026-09-29T13:05:00Z,4154.16367,4158.94712,4153.85893,4158.67016,
2026-09-29T13:10:00Z,4158.29227,4159.56886,4156.44873,4157.13254,
2026-09-29T13:15:00Z,4156.6333,4159.02079,4156.41464,4158.88116,
2026-09-29T13:20:00Z,4158.50807,4159.3856,4156.69293,4158.89288,
2026-09-29T13:25:00Z,4158.06057,4159.73378,4155.23976,4156.23268,
2026-09-29T13:30:00Z,4155.98157,4161.39394,4152.82392,4153.23057,
2026-09-29T13:35:00Z,4154.04372,4160.94537,4154.04372,4158.94415,
2026-09-29T13:40:00Z,4159.68995,4163.02402,4156.36521,4157.59555,
2026-09-29T13:45:00Z,4160.00638,4160.77224,4154.20405,4160.36651,
2026-09-29T13:50:00Z,4160.2981,4163.19734,4156.79428,4162.92953,
2026-09-29T13:55:00Z,4162.32553,4162.82294,4157.92877,4158.37291,
2026-09-29T14:00:00Z,4159.1264,4164.55607,4157.06564,4164.20185,
2026-09-29T14:05:00Z,4163.74994,4168.40317,4163.74994,4168.02516,
2026-09-29T14:10:00Z,4167.13756,4168.75104,4164.98285,4166.26275,
2026-09-29T14:15:00Z,4166.13057,4171.24599,4166.06843,4170.34672,
2026-09-29T14:20:00Z,4168.48701,4175.71405,4168.32579,4173.26997,
2026-09-29T14:25:00Z,4173.51291,4175.53659,4171.44994,4172.90744,
2026-09-29T14:30:00Z,4173.29948,4173.58479,4168.43623,4168.84687,
2026-09-29T14:35:00Z,4169.42571,4170.57764,4162.33091,4164.70147,
2026-09-29T14:40:00Z,4163.97349,4170.00553,4163.97349,4169.62124,
2026-09-29T14:45:00Z,4169.0823,4169.0823,4162.95026,4165.00554,
2026-09-29T14:50:00Z,4164.89714,4168.22975,4162.86333,4166.76566,
2026-09-29T14:55:00Z,4167.01783,4172.22964,4166.98897,4171.99589,
2026-09-29T15:00:00Z,4171.49336,4171.49336,4167.36123,4168.44823,
2026-09-29T15:05:00Z,4168.48304,4169.79401,4163.19734,4163.58341,
2026-09-29T15:10:00Z,4164.2646,4164.77516,4161.81122,4161.84904,
2026-09-29T15:15:00Z,4161.94273,4162.3261,4160.35547,4160.69927,
2026-09-29T15:20:00Z,4161.4138,4161.4138,4154.37664,4154.80984,
2026-09-29T15:25:00Z,4155.61384,4156.96708,4149.7414,4150.21563,
2026-09-29T15:30:00Z,4151.17771,4157.37187,4147.65241,4156.56114,
2026-09-29T15:35:00Z,4154.92343,4159.17437,4154.92343,4156.18253,
2026-09-29T15:40:00Z,4156.74173,4158.43372,4154.37664,4154.49696,
2026-09-29T15:45:00Z,4154.60391,4159.22035,4153.63872,4158.97499,
2026-09-29T15:50:00Z,4158.59429,4159.56075,4155.27885,4155.79032,
2026-09-29T15:55:00Z,4156.46625,4158.69583,4154.37664,4158.52228,
2026-09-29T16:00:00Z,4157.94141,4157.94141,4154.01345,4154.55522,
2026-09-29T16:05:00Z,4155.54414,4155.54414,4151.27236,4151.50835,
2026-09-29T16:10:00Z,4151.527,4154.50722,4151.28204,4151.86801,
2026-09-29T16:15:00Z,4153.03884,4153.03884,4150.41089,4150.55763,
2026-09-29T16:20:00Z,4150.80214,4152.27075,4150.29765,4151.81539,
2026-09-29T16:25:00Z,4151.23701,4154.02579,4151.23701,4153.91368,
2026-09-29T16:30:00Z,4153.76045,4154.34568,4153.16887,4153.5192,
2026-09-29T16:35:00Z,4153.43765,4154.91863,4152.45609,4152.93408,
2026-09-29T16:40:00Z,4153.77084,4153.77084,4149.0558,4149.84091,
2026-09-29T16:45:00Z,4151.60645,4151.60645,4145.24954,4148.17786,
2026-09-29T16:50:00Z,4147.83081,4150.41089,4147.31254,4147.55943,
2026-09-29T16:55:00Z,4147.98345,4147.98345,4144.45985,4144.65905,
2026-09-29T17:00:00Z,4145.12124,4146.78277,4144.95879,4145.17404,
2026-09-29T17:05:00Z,4145.66418,4147.98845,4144.73412,4144.87373,
2026-09-29T17:10:00Z,4145.01164,4148.00066,4144.47809,4147.24772,
2026-09-29T17:15:00Z,4147.37749,4147.9484,4146.42032,4146.52771,
2026-09-29T17:20:00Z,4146.39304,4148.37256,4146.10888,4147.88088,
2026-09-29T17:25:00Z,4147.6501,4147.76301,4147.14055,4147.17254,
2026-09-29T17:30:00Z,4147.2573,4148.86114,4147.11727,4148.44312,
2026-09-29T17:35:00Z,4148.3563,4148.3563,4145.37846,4145.76179,
2026-09-29T17:40:00Z,4146.2649,4146.2649,4144.13123,4145.02391,
2026-09-29T17:45:00Z,4144.89709,4147.28423,4143.1886,4144.95803,
2026-09-29T17:50:00Z,4144.52787,4146.45271,4143.61235,4144.01093,
2026-09-29T17:55:00Z,4144.5219,4144.5219,4142.62417,4143.00197,
2026-09-29T18:00:00Z,4142.97008,4160.69433,4142.19646,4160.32478,
2026-09-29T18:05:00Z,4159.68075,4164.41094,4157.65841,4158.03515,
2026-09-29T18:10:00Z,4158.80559,4166.67545,4157.99513,4165.7377,
2026-09-29T18:15:00Z,4163.64098,4169.62015,4163.64098,4167.6308,
2026-09-29T18:20:00Z,4168.12489,4168.12489,4164.59531,4167.37322,
2026-09-29T18:25:00Z,4166.85205,4167.80718,4162.46054,4167.07596,
2026-09-29T18:30:00Z,4166.08464,4170.02745,4162.75235,4162.88506,
2026-09-29T18:35:00Z,4163.04462,4173.93877,4162.33091,4172.51839,
2026-09-29T18:40:00Z,4169.01322,4175.88842,4169.01322,4170.7369,
2026-09-29T18:45:00Z,4171.32457,4171.32457,4166.49306,4166.67404,
2026-09-29T18:50:00Z,4166.98005,4171.88152,4164.8404,4171.3665,
2026-09-29T18:55:00Z,4170.37172,4171.42989,4168.20541,4170.92714,
2026-09-29T19:00:00Z,4170.18517,4172.11991,4169.9472,4171.92333,
2026-09-29T19:05:00Z,4171.6649,4172.48335,4170.76528,4172.29337,
2026-09-29T19:10:00Z,4172.05817,4172.05817,4168.56526,4168.61271,
2026-09-29T19:15:00Z,4168.76763,4170.13369,4167.99685,4169.88507,
2026-09-29T19:20:00Z,4169.55181,4171.18545,4169.55181,4169.93238,
2026-09-29T19:25:00Z,4170.24548,4170.78322,4169.09864,4170.64712,
2026-09-29T19:30:00Z,4170.19986,4171.35945,4170.19986,4170.40866,
2026-09-29T19:35:00Z,4170.54562,4173.32894,4170.54562,4172.96796,
2026-09-29T19:40:00Z,4172.04485,4173.6227,4170.5953,4172.23284,
2026-09-29T19:45:00Z,4171.93142,4171.97666,4170.31569,4171.39455,
2026-09-29T19:50:00Z,4171.22447,4174.20689,4170.66355,4173.37555,
2026-09-29T19:55:00Z,4171.99194,4175.77361,4171.99194,4173.53845,
2026-09-29T20:00:00Z,4173.61382,4177.98203,4173.27435,4174.53623,
2026-09-29T20:05:00Z,4174.42513,4175.5095,4173.95875,4175.39679,
2026-09-29T20:10:00Z,4175.17059,4175.53969,4172.40372,4173.00353,
2026-09-29T20:15:00Z,4173.31322,4173.97112,4171.53346,4173.81167,
2026-09-29T20:20:00Z,4173.34183,4174.85871,4173.34183,4174.79348,
2026-09-29T20:25:00Z,4174.6418,4175.91298,4173.1109,4173.60197,
2026-09-29T20:30:00Z,4174.44276,4178.1566,4174.44276,4177.95435,
2026-09-29T20:35:00Z,4177.44016,4180.5929,4177.44016,4180.02769,
2026-09-29T20:40:00Z,4178.56438,4184.8008,4178.56438,4184.26582,
2026-09-29T20:45:00Z,4184.20962,4184.62569,4182.17557,4182.62025,
2026-09-29T20:50:00Z,4183.35287,4183.35287,4179.72832,4179.84538,
2026-09-29T20:55:00Z,4180.00598,4182.17145,4179.8643,4181.99954,
2026-09-29T21:00:00Z,4181.67766,4183.05028,4181.67766,4182.86985,
2026-09-29T21:05:00Z,4182.78156,4182.9491,4182.70035,4182.87208,
2026-09-29T21:10:00Z,4182.79809,4182.9157,4182.52541,4182.81792,
2026-09-29T21:15:00Z,4182.66711,4182.97573,4182.64502,4182.72798,
2026-09-29T21:20:00Z,4182.80174,4183.33528,4182.58867,4182.89266,
2026-09-29T21:25:00Z,4182.81423,4183.03074,4182.73999,4182.87196,
2026-09-29T21:30:00Z,4182.8083,4182.97004,4182.5061,4182.89997,
2026-09-29T21:35:00Z,4182.78929,4182.97454,4182.70035,4182.81801,
2026-09-29T21:40:00Z,4182.81094,4182.97417,4182.68567,4182.87155,
2026-09-29T21:45:00Z,4182.79332,4183.01127,4182.65282,4182.91209,
2026-09-29T21:50:00Z,4182.85272,4182.97172,4182.70035,4182.71905,
2026-09-29T21:55:00Z,4182.76485,4182.89297,4182.69172,4182.79674,
2026-09-29T22:00:00Z,4182.74234,4184.45058,4182.52723,4183.56143,
2026-09-29T22:05:00Z,4183.48292,4183.48292,4181.1264,4182.70963,
2026-09-29T22:10:00Z,4182.6709,4182.70035,4181.70754,4181.81073,
2026-09-29T22:15:00Z,4181.94921,4181.94921,4181.28166,4181.40896,
2026-09-29T22:20:00Z,4181.32096,4182.52541,4181.04529,4182.32325,
2026-09-29T22:25:00Z,4182.22633,4182.40797,4180.89366,4181.0243,
2026-09-29T22:30:00Z,4181.18062,4181.62695,4179.23741,4179.3437,
2026-09-29T22:35:00Z,4179.47676,4179.47676,4176.93497,4177.93289,
2026-09-29T22:40:00Z,4177.81375,4178.68037,4177.80749,4178.02094,
2026-09-29T22:45:00Z,4178.08511,4178.68037,4177.71438,4178.63489,
2026-09-29T22:50:00Z,4178.48766,4178.76095,4177.80749,4177.90922,
2026-09-29T22:55:00Z,4177.91627,4180.07775,4177.91627,4178.78214,
2026-09-29T23:00:00Z,4178.96088,4180.77679,4178.84907,4180.74203,
2026-09-29T23:05:00Z,4180.6043,4181.20253,4179.49752,4180.82894,
2026-09-29T23:10:00Z,4180.9355,4182.05385,4180.5422,4181.97158,
2026-09-29T23:15:00Z,4181.85126,4183.75031,4181.81982,4183.63601,
2026-09-29T23:20:00Z,4183.38208,4183.38208,4180.21607,4180.29331,
2026-09-29T23:25:00Z,4180.44994,4181.82579,4180.44994,4181.73783,
2026-09-29T23:30:00Z,4181.5283,4181.88041,4178.68037,4179.52047,
2026-09-29T23:35:00Z,4179.33741,4180.07775,4179.10769,4179.87682,
2026-09-29T23:40:00Z,4179.79711,4180.81894,4179.23763,4179.71729,
2026-09-29T23:45:00Z,4180.09436,4184.81358,4180.09436,4184.58727,
2026-09-29T23:50:00Z,4183.94657,4186.41241,4183.94657,4186.05705,
2026-09-29T23:55:00Z,4185.11442,4187.64029,4185.11442,4185.32373,
2026-09-30T00:00:00Z,4185.57299,4187.45774,4183.05028,4183.41928,
2026-09-30T00:05:00Z,4184.10867,4184.94238,4183.22527,4184.89171,
2026-09-30T00:10:00Z,4184.72331,4186.76543,4184.3635,4186.39062,
2026-09-30T00:15:00Z,4185.6542,4185.6542,4182.12462,4183.55332,
2026-09-30T00:20:00Z,4183.35987,4184.3669,4181.47606,4181.61569,
2026-09-30T00:25:00Z,4181.74363,4183.09435,4181.74363,4182.84416,
2026-09-30T00:30:00Z,4182.34982,4183.57528,4180.77679,4182.79641,
2026-09-30T00:35:00Z,4182.08169,4183.94378,4179.20428,4179.26763,
2026-09-30T00:40:00Z,4179.38318,4181.1264,4178.88307,4179.19889,
2026-09-30T00:45:00Z,4179.69363,4179.69363,4177.82124,4178.03665,
2026-09-30T00:50:00Z,4178.43363,4179.93525,4177.10944,4179.78915,
2026-09-30T00:55:00Z,4179.51492,4179.90303,4178.00462,4178.42446,
2026-09-30T01:00:00Z,4178.98645,4181.65092,4175.40145,4177.43364,
2026-09-30T01:05:00Z,4178.03395,4178.95118,4174.66811,4174.86359,
2026-09-30T01:10:00Z,4175.23001,4176.14,4172.83765,4173.15961,
2026-09-30T01:15:00Z,4173.79116,4174.49635,4171.82198,4172.05972,
2026-09-30T01:20:00Z,4172.37066,4172.37066,4169.27246,4169.51034,
2026-09-30T01:25:00Z,4169.91392,4170.84135,4168.92483,4168.99532,
2026-09-30T01:30:00Z,4169.09661,4173.97112,4168.41377,4171.05173,
2026-09-30T01:35:00Z,4171.10831,4171.53346,4168.58859,4168.92617,
2026-09-30T01:40:00Z,4169.60931,4170.01937,4167.87279,4168.31397,
2026-09-30T01:45:00Z,4168.62806,4171.53346,4168.28228,4171.14809,
2026-09-30T01:50:00Z,4170.94989,4172.05557,4169.4463,4171.95437,
2026-09-30T01:55:00Z,4171.75971,4172.22964,4171.53346,4171.76479,
2026-09-30T02:00:00Z,4171.86931,4174.66811,4171.34577,4173.79454,
2026-09-30T02:05:00Z,4173.78743,4177.63295,4173.52907,4176.91762,
2026-09-30T02:10:00Z,4176.98239,4178.00486,4176.06281,4176.15194,
2026-09-30T02:15:00Z,4176.41144,4178.85499,4176.41144,4178.7135,
2026-09-30T02:20:00Z,4178.43977,4179.90303,4177.35897,4179.75604,
2026-09-30T02:25:00Z,4179.51674,4179.51674,4175.0167,4176.82469,
2026-09-30T02:30:00Z,4176.6266,4177.56587,4172.40372,4172.79965,
2026-09-30T02:35:00Z,4172.71324,4178.50577,4172.71324,4178.34493,
2026-09-30T02:40:00Z,4178.09515,4178.68186,4175.53969,4177.44277,
2026-09-30T02:45:00Z,4176.74447,4183.75031,4176.08277,4182.80662,
2026-09-30T02:50:00Z,4182.84561,4184.31985,4181.55667,4182.26023,
2026-09-30T02:55:00Z,4183.74954,4183.74954,4179.28688,4179.88936,
2026-09-30T03:00:00Z,4180.70301,4182.05232,4178.50577,4181.97682,
2026-09-30T03:05:00Z,4181.81646,4182.00984,4179.93312,4180.12739,
2026-09-30T03:10:00Z,4180.47792,4180.60645,4178.8324,4180.37055,
2026-09-30T03:15:00Z,4179.88393,4180.07775,4177.91103,4179.8697,
2026-09-30T03:20:00Z,4179.53498,4180.23403,4179.28197,4179.43849,
2026-09-30T03:25:00Z,4179.67693,4180.58503,4178.81009,4179.75116,
2026-09-30T03:30:00Z,4179.18934,4180.4638,4175.9867,4176.22095,
2026-09-30T03:35:00Z,4176.62741,4177.01025,4173.72214,4176.84402,
2026-09-30T03:40:00Z,4176.42865,4177.28393,4174.12428,4176.05514,
2026-09-30T03:45:00Z,4175.11809,4176.7605,4173.53074,4174.08659,
2026-09-30T03:50:00Z,4173.93633,4173.93633,4170.30318,4170.82726,
2026-09-30T03:55:00Z,4171.69124,4174.66811,4171.69124,4173.33003,
2026-09-30T04:00:00Z,4173.4419,4175.37451,4172.03309,4173.66458,
2026-09-30T04:05:00Z,4174.39721,4175.88842,4172.57782,4172.7676,
2026-09-30T04:10:00Z,4173.08197,4173.6227,4172.49929,4172.99423,
2026-09-30T04:15:00Z,4173.05504,4177.87247,4172.84864,4177.76406,
2026-09-30T04:20:00Z,4177.59925,4177.63295,4176.41163,4176.8652,
2026-09-30T04:25:00Z,4176.9028,4179.02963,4176.82427,4178.11322,
2026-09-30T04:30:00Z,4178.38973,4178.86481,4177.30049,4178.72321,
2026-09-30T04:35:00Z,4178.49157,4183.22527,4178.49157,4182.97756,
2026-09-30T04:40:00Z,4182.38821,4184.27549,4181.42425,4182.22728,
2026-09-30T04:45:00Z,4182.89105,4182.89105,4179.26701,4181.22344,
2026-09-30T04:50:00Z,4180.88408,4180.88408,4177.66765,4178.86153,
2026-09-30T04:55:00Z,4178.38976,4179.20428,4178.1566,4178.52197,
2026-09-30T05:00:00Z,4178.5836,4182.35048,4177.88508,4179.63706,
2026-09-30T05:05:00Z,4179.92377,4181.01073,4176.74081,4177.52264,
2026-09-30T05:10:00Z,4178.59629,4178.59629,4172.57782,4172.97941,
2026-09-30T05:15:00Z,4173.6952,4173.71776,4165.62526,4168.77012,
2026-09-30T05:20:00Z,4167.67887,4171.01147,4167.67887,4170.51322,
2026-09-30T05:25:00Z,4170.50575,4174.21639,4170.41988,4173.45099,
2026-09-30T05:30:00Z,4171.67728,4180.42724,4171.67728,4178.94166,
2026-09-30T05:35:00Z,4178.64209,4179.18134,4175.0167,4175.27008,
2026-09-30T05:40:00Z,4175.62839,4177.10944,4174.8424,4176.93922,
2026-09-30T05:45:00Z,4176.58124,4176.67022,4175.19101,4175.36213,
2026-09-30T05:50:00Z,4175.41577,4175.87294,4174.66811,4175.40163,
2026-09-30T05:55:00Z,4175.05662,4179.051,4174.66811,4178.14247,
2026-09-30T06:00:00Z,4176.91483,4181.10358,4176.91483,4179.53199,
2026-09-30T06:05:00Z,4178.758,4182.17557,4178.758,4180.8728,
2026-09-30T06:10:00Z,4181.03096,4184.27549,4180.10506,4182.97401,
2026-09-30T06:15:00Z,4183.15203,4184.45058,4181.03423,4181.55243,
2026-09-30T06:20:00Z,4182.4209,4182.4209,4179.37894,4181.79373,
2026-09-30T06:25:00Z,4181.05148,4182.91949,4180.16653,4181.5927,
2026-09-30T06:30:00Z,4181.40339,4181.40339,4179.72832,4180.22089,
2026-09-30T06:35:00Z,4180.13065,4181.47606,4179.55362,4181.39499,
2026-09-30T06:40:00Z,4181.14533,4181.91862,4179.55362,4181.56413,
2026-09-30T06:45:00Z,4181.09344,4182.17557,4180.07775,4180.46407,
2026-09-30T06:50:00Z,4180.42624,4193.39959,4179.64617,4192.89128,
2026-09-30T06:55:00Z,4191.95261,4194.63087,4191.95261,4194.52383,
2026-09-30T07:00:00Z,4193.93973,4194.9828,4190.31171,4194.84698,
2026-09-30T07:05:00Z,4194.55136,4197.09561,4193.04793,4196.9178,
2026-09-30T07:10:00Z,4196.47798,4196.47798,4193.22375,4194.59087,
2026-09-30T07:15:00Z,4194.07499,4196.91946,4194.07499,4194.87516,
2026-09-30T07:20:00Z,4195.18287,4201.21746,4194.14844,4200.75649,
2026-09-30T07:25:00Z,4200.1129,4201.63675,4194.45493,4195.24781,
2026-09-30T07:30:00Z,4195.48682,4196.25908,4194.10309,4194.98963,
2026-09-30T07:35:00Z,4194.83048,4198.91783,4193.07405,4197.35635,
2026-09-30T07:40:00Z,4197.82853,4197.82853,4195.78874,4196.17583,
2026-09-30T07:45:00Z,4196.85519,4196.85519,4191.52945,4194.5109,
2026-09-30T07:50:00Z,4193.98253,4196.74333,4191.81757,4196.64284,
2026-09-30T07:55:00Z,4196.51916,4196.51916,4192.41439,4192.6859,
2026-09-30T08:00:00Z,4193.24994,4196.03894,4193.24994,4195.96774,
2026-09-30T08:05:00Z,4195.76524,4195.9953,4193.75131,4195.77913,
2026-09-30T08:10:00Z,4195.62117,4195.62117,4194.34729,4195.19349,
2026-09-30T08:15:00Z,4195.04446,4198.85218,4194.48027,4198.40329,
2026-09-30T08:20:00Z,4197.8301,4200.97463,4197.34964,4200.30483,
2026-09-30T08:25:00Z,4200.35264,4201.51999,4198.50533,4198.76362,
2026-09-30T08:30:00Z,4199.13297,4200.90063,4198.05955,4199.17591,
2026-09-30T08:35:00Z,4199.05073,4202.08493,4199.05073,4201.90496,
2026-09-30T08:40:00Z,4201.36819,4202.38696,4197.97658,4199.39169,
2026-09-30T08:45:00Z,4199.16505,4199.96746,4197.62414,4199.63764,
2026-09-30T08:50:00Z,4199.01979,4199.01979,4194.9828,4195.43525,
2026-09-30T08:55:00Z,4196.41529,4196.41529,4192.16903,4193.34805,
2026-09-30T09:00:00Z,4193.13757,4193.13757,4191.68307,4193.06277,
2026-09-30T09:05:00Z,4192.92813,4193.75131,4191.2905,4192.45897,
2026-09-30T09:10:00Z,4192.32196,4192.32196,4187.95544,4188.18977,
2026-09-30T09:15:00Z,4188.08946,4191.11484,4188.08946,4189.18017,
2026-09-30T09:20:00Z,4189.12894,4189.12894,4184.92695,4185.24331,
2026-09-30T09:25:00Z,4185.88141,4187.95544,4182.53731,4187.73769,
2026-09-30T09:30:00Z,4187.25147,4190.23675,4186.37753,4190.09968,
2026-09-30T09:35:00Z,4189.87809,4190.67208,4188.52055,4190.35733,
2026-09-30T09:40:00Z,4189.76211,4189.76211,4187.254,4187.71517,
2026-09-30T09:45:00Z,4187.81295,4190.33151,4185.32625,4187.03785,
2026-09-30T09:50:00Z,4186.81994,4188.13084,4186.42102,4186.60097,
2026-09-30T09:55:00Z,4186.67148,4189.00804,4186.20453,4188.47876,
2026-09-30T10:00:00Z,4188.42654,4189.57805,4186.34486,4189.30183,
2026-09-30T10:05:00Z,4188.88753,4190.23675,4187.254,4187.44715,
2026-09-30T10:10:00Z,4187.72563,4188.58531,4186.72807,4188.36152,
2026-09-30T10:15:00Z,4187.7077,4189.00804,4186.179,4186.71634,
2026-09-30T10:20:00Z,4187.56214,4188.65712,4185.15108,4188.50794,
2026-09-30T10:25:00Z,4188.24292,4190.41234,4186.37753,4188.12659,
2026-09-30T10:30:00Z,4188.40146,4189.00804,4187.9255,4188.0924,
2026-09-30T10:35:00Z,4188.37899,4189.35903,4186.72807,4188.53233,
2026-09-30T10:40:00Z,4188.60646,4188.65712,4184.62569,4184.76927,
2026-09-30T10:45:00Z,4184.99074,4185.53801,4183.05028,4185.43109,
2026-09-30T10:50:00Z,4185.22917,4185.62391,4181.82579,4183.04763,
2026-09-30T10:55:00Z,4182.0482,4185.85182,4182.0482,4185.67113,
2026-09-30T11:00:00Z,4185.49448,4185.49448,4184.43016,4185.14793,
2026-09-30T11:05:00Z,4184.98447,4184.98447,4181.10313,4181.30196,
2026-09-30T11:10:00Z,4181.6599,4181.6599,4179.02963,4180.06485,
2026-09-30T11:15:00Z,4179.92783,4180.07775,4178.68037,4178.7728,
2026-09-30T11:20:00Z,4178.86868,4182.00067,4176.21218,4181.62621,
2026-09-30T11:25:00Z,4181.08639,4184.45058,4181.08639,4183.9358,
2026-09-30T11:30:00Z,4183.60825,4185.35566,4182.84774,4183.93497,
2026-09-30T11:35:00Z,4184.2187,4192.16903,4184.2187,4191.75118,
2026-09-30T11:40:00Z,4191.50798,4191.50798,4186.94159,4188.42099,
2026-09-30T11:45:00Z,4188.41319,4188.41319,4183.22527,4183.45197,
2026-09-30T11:50:00Z,4183.99994,4186.20228,4183.99994,4186.12628,
2026-09-30T11:55:00Z,4186.00356,4186.34645,4184.62569,4184.68293,
2026-09-30T12:00:00Z,4184.91504,4189.71007,4184.91504,4189.37043,
2026-09-30T12:05:00Z,4188.76236,4189.93626,4185.8112,4187.94817,
2026-09-30T12:10:00Z,4187.80423,4193.569,4186.10573,4192.68846,
2026-09-30T12:15:00Z,4191.23906,4194.63087,4190.58794,4190.87348,
2026-09-30T12:20:00Z,4190.76185,4191.49593,4183.40027,4187.52748,
2026-09-30T12:25:00Z,4185.82631,4191.92963,4185.82631,4191.37451,
2026-09-30T12:30:00Z,4190.51731,4220.12154,4189.52179,4213.123,
2026-09-30T12:35:00Z,4213.98824,4217.80758,4206.14203,4212.23061,
2026-09-30T12:40:00Z,4209.1637,4214.60783,4205.03764,4210.43632,
2026-09-30T12:45:00Z,4211.12747,4220.14543,4205.74505,4214.86332,
2026-09-30T12:50:00Z,4213.30981,4214.95743,4207.86871,4208.86106,
2026-09-30T12:55:00Z,4209.6785,4215.14079,4205.92194,4206.62248,
2026-09-30T13:00:00Z,4207.82128,4214.43021,4207.82128,4209.96296,
2026-09-30T13:05:00Z,4211.26349,4211.26349,4206.78901,4207.53291,
2026-09-30T13:10:00Z,4209.24386,4209.24386,4202.38696,4202.53912,
2026-09-30T13:15:00Z,4202.74357,4203.9114,4197.4076,4197.66802,
2026-09-30T13:20:00Z,4198.17627,4198.17627,4191.81757,4192.01638,
2026-09-30T13:25:00Z,4192.17065,4197.09561,4191.49092,4194.31432,
2026-09-30T13:30:00Z,4195.10116,4195.10116,4189.53454,4189.99531,
2026-09-30T13:35:00Z,4190.74699,4195.5857,4184.62569,4185.24539,
2026-09-30T13:40:00Z,4186.35747,4187.34366,4183.05028,4183.49175,
2026-09-30T13:45:00Z,4184.10492,4184.83119,4177.45843,4183.37003,
2026-09-30T13:50:00Z,4182.58998,4183.22527,4178.1566,4181.07743,
2026-09-30T13:55:00Z,4179.38337,4184.35002,4178.18834,4178.56707,
2026-09-30T14:00:00Z,4179.35078,4179.35078,4175.82563,4178.05487,
2026-09-30T14:05:00Z,4177.20586,4182.71349,4176.06281,4176.61941,
2026-09-30T14:10:00Z,4177.71202,4182.17557,4177.71202,4181.50043,
2026-09-30T14:15:00Z,4181.38416,4182.34859,4176.66162,4177.75147,
2026-09-30T14:20:00Z,4179.48297,4179.48297,4173.6227,4174.12514,
2026-09-30T14:25:00Z,4174.30113,4174.49384,4171.01147,4171.14946,
2026-09-30T14:30:00Z,4171.39255,4174.64917,4168.4035,4168.98627,
2026-09-30T14:35:00Z,4170.04119,4171.08883,4165.97234,4166.9874,
2026-09-30T14:40:00Z,4167.21285,4172.22964,4167.00641,4171.68961,
2026-09-30T14:45:00Z,4171.49885,4172.40372,4170.31569,4172.27253,
2026-09-30T14:50:00Z,4172.20037,4174.23625,4170.14178,4173.20208,
2026-09-30T14:55:00Z,4171.90674,4177.3814,4167.03165,4167.5117,
2026-09-30T15:00:00Z,4168.54566,4168.54566,4162.85072,4163.0965,
2026-09-30T15:05:00Z,4163.12056,4169.80214,4159.06912,4159.58126,
2026-09-30T15:10:00Z,4160.47063,4164.71438,4160.47063,4164.29387,
2026-09-30T15:15:00Z,4163.18576,4165.53832,4158.17706,4160.41306,
2026-09-30T15:20:00Z,4160.13016,4160.13016,4156.6215,4157.39731,
2026-09-30T15:25:00Z,4157.59498,4158.90501,4151.27236,4154.24289,
2026-09-30T15:30:00Z,4152.70187,4162.85072,4152.70187,4162.76504,
2026-09-30T15:35:00Z,4162.55301,4165.07329,4156.10324,4158.04028,
2026-09-30T15:40:00Z,4157.67572,4158.55725,4156.27598,4156.48402,
2026-09-30T15:45:00Z,4156.89435,4160.02534,4156.2446,4159.57069,
2026-09-30T15:50:00Z,4158.99183,4162.40592,4155.41242,4155.6955,
2026-09-30T15:55:00Z,4156.18057,4157.07926,4154.06014,4155.48605,
2026-09-30T16:00:00Z,4155.26384,4161.29166,4155.26384,4161.05227,
2026-09-30T16:05:00Z,4160.54578,4160.8815,4157.48555,4157.60345,
2026-09-30T16:10:00Z,4157.7237,4160.38115,4157.7237,4159.70906,
2026-09-30T16:15:00Z,4158.42824,4161.5006,4157.48292,4157.8293,
2026-09-30T16:20:00Z,4158.24255,4163.12272,4158.24255,4163.04578,
2026-09-30T16:25:00Z,4162.87193,4163.03559,4159.71117,4159.96122,
2026-09-30T16:30:00Z,4160.55436,4161.65158,4157.59992,4158.17688,
2026-09-30T16:35:00Z,4159.30186,4160.77224,4156.6215,4160.49362,
2026-09-30T16:40:00Z,4159.75941,4160.94537,4159.04176,4160.54984,
2026-09-30T16:45:00Z,4160.13311,4160.8446,4157.48555,4158.97424,
2026-09-30T16:50:00Z,4158.86253,4160.25294,4158.17706,4158.50661,
2026-09-30T16:55:00Z,4158.89901,4158.89901,4156.96708,4157.57589,
2026-09-30T17:00:00Z,4157.70003,4158.05753,4155.41242,4155.7097,
2026-09-30T17:05:00Z,4156.12202,4157.20402,4154.55829,4155.04048,
2026-09-30T17:10:00Z,4154.89345,4156.3614,4151.05889,4155.69546,
2026-09-30T17:15:00Z,4154.91693,4155.16076,4150.08597,4150.2942,
2026-09-30T17:20:00Z,4150.87749,4153.94687,4150.58316,4153.55354,
2026-09-30T17:25:00Z,4152.94775,4155.76471,4152.70133,4153.03432,
2026-09-30T17:30:00Z,4153.79569,4156.6215,4151.88047,4152.68587,
2026-09-30T17:35:00Z,4154.35079,4154.35079,4150.75544,4153.0779,
2026-09-30T17:40:00Z,4152.62069,4153.92812,4151.7456,4151.97959,
2026-09-30T17:45:00Z,4152.36245,4152.36245,4147.23455,4147.53532,
2026-09-30T17:50:00Z,4148.24173,4151.61705,4148.24173,4149.0827,
2026-09-30T17:55:00Z,4149.18195,4151.61814,4148.62079,4151.37947,
2026-09-30T18:00:00Z,4151.06765,4152.07346,4149.20543,4150.02535,
2026-09-30T18:05:00Z,4149.87268,4151.23752,4147.82861,4150.12425,
2026-09-30T18:10:00Z,4149.17814,4150.92773,4149.17814,4149.51789,
2026-09-30T18:15:00Z,4149.81088,4150.75544,4149.37759,4149.54732,
2026-09-30T18:20:00Z,4149.82079,4151.28722,4149.40674,4151.00936,
2026-09-30T18:25:00Z,4150.41006,4154.20405,4150.41006,4153.99294,
2026-09-30T18:30:00Z,4153.63707,4154.72184,4152.67117,4152.99924,
2026-09-30T18:35:00Z,4153.66111,4154.54923,4152.30661,4154.41715,
2026-09-30T18:40:00Z,4154.10664,4154.56512,4151.72766,4152.44969,
2026-09-30T18:45:00Z,4152.36722,4152.47903,4150.72658,4150.95871,
2026-09-30T18:50:00Z,4151.38885,4151.41432,4150.56195,4151.28709,
2026-09-30T18:55:00Z,4151.06423,4151.78942,4150.23864,4151.08535,
2026-09-30T19:00:00Z,4150.78767,4153.15949,4150.78767,4152.19285,
2026-09-30T19:05:00Z,4152.49008,4154.03149,4152.1342,4153.04924,
2026-09-30T19:10:00Z,4152.81865,4152.81865,4148.07187,4148.79502,
2026-09-30T19:15:00Z,4149.9583,4152.99639,4149.9583,4152.55203,
2026-09-30T19:20:00Z,4152.19519,4156.27598,4152.19519,4154.0164,
2026-09-30T19:25:00Z,4154.24457,4154.72184,4152.47903,4154.54742,
2026-09-30T19:30:00Z,4154.27931,4155.41242,4153.68501,4155.31975,
2026-09-30T19:35:00Z,4155.12012,4156.16339,4153.6864,4153.76784,
2026-09-30T19:40:00Z,4153.86012,4155.99984,4150.75544,4150.93828,
2026-09-30T19:45:00Z,4151.37077,4154.54923,4150.75544,4154.15773,
2026-09-30T19:50:00Z,4153.41598,4157.31271,4151.09814,4156.80703,
2026-09-30T19:55:00Z,4155.84146,4156.10324,4153.51387,4153.80648,
2026-09-30T20:00:00Z,4154.03586,4156.2474,4151.27236,4151.44239,
2026-09-30T20:05:00Z,4152.09253,4155.65671,4152.09253,4153.89783,
2026-09-30T20:10:00Z,4154.40199,4156.96708,4154.40199,4156.24665,
2026-09-30T20:15:00Z,4156.16771,4157.01006,4154.89447,4155.14443,
2026-09-30T20:20:00Z,4155.14348,4157.13989,4154.52687,4157.08881,
2026-09-30T20:25:00Z,4156.88475,4157.57145,4156.87758,4157.44198,
2026-09-30T20:30:00Z,4157.08398,4157.65841,4156.8637,4156.96155,
2026-09-30T20:35:00Z,4157.20961,4159.90682,4157.20961,4159.78458,
2026-09-30T20:40:00Z,4159.55593,4159.73378,4158.52289,4159.09932,
2026-09-30T20:45:00Z,4158.90106,4160.23108,4157.14353,4157.37159,
2026-09-30T20:50:00Z,4157.77709,4158.40706,4156.72327,4158.09349,
2026-09-30T20:55:00Z,4157.53884,4159.60455,4156.27598,4156.46018,
2026-09-30T21:00:00Z,4156.83517,4157.65841,4156.83517,4157.44898,
2026-09-30T21:05:00Z,4157.36262,4157.52648,4157.31206,4157.40306,
2026-09-30T21:10:00Z,4157.34544,4157.50835,4157.31271,4157.4506,
2026-09-30T21:15:00Z,4157.39133,4157.51567,4157.13989,4157.3695,
2026-09-30T21:20:00Z,4157.3156,4157.52513,4157.27982,4157.43685,
2026-09-30T21:25:00Z,4157.34622,4157.59556,4157.26695,4157.45824,
2026-09-30T21:30:00Z,4157.34067,4157.5568,4157.13989,4157.49321,
2026-09-30T21:35:00Z,4157.39762,4157.75127,4157.13979,4157.52344,
2026-09-30T21:40:00Z,4157.57469,4157.62126,4157.28736,4157.45701,
2026-09-30T21:45:00Z,4157.36762,4157.48845,4157.26424,4157.44445,
2026-09-30T21:50:00Z,4157.31411,4157.68126,4157.31271,4157.60699,
2026-09-30T21:55:00Z,4157.49699,4157.58861,4157.31271,4157.45581,
2026-09-30T22:00:00Z,4157.41814,4161.81122,4157.41814,4159.69115,
2026-09-30T22:05:00Z,4159.59873,4160.83517,4158.40251,4158.65685,
2026-09-30T22:10:00Z,4159.14705,4159.14705,4155.7578,4155.81072,
2026-09-30T22:15:00Z,4155.91653,4156.6215,4155.17244,4155.35454,
2026-09-30T22:20:00Z,4155.67428,4156.79428,4154.98718,4156.73882,
2026-09-30T22:25:00Z,4156.58282,4156.58282,4155.54155,4155.77308,
2026-09-30T22:30:00Z,4156.01402,4156.53598,4155.91775,4156.10052,
2026-09-30T22:35:00Z,4156.18268,4156.34256,4155.41242,4156.24575,
2026-09-30T22:40:00Z,4156.04038,4156.04038,4155.0671,4155.09812,
2026-09-30T22:45:00Z,4155.13624,4155.33169,4153.99929,4155.231,
2026-09-30T22:50:00Z,4155.2027,4155.24486,4153.85893,4154.02954,
2026-09-30T22:55:00Z,4154.2778,4154.72627,4153.80036,4153.88509,
2026-09-30T23:00:00Z,4154.01376,4154.54923,4153.6864,4154.24836,
2026-09-30T23:05:00Z,4154.09217,4154.29221,4153.20954,4153.30983,
2026-09-30T23:10:00Z,4153.43421,4153.62036,4152.1342,4152.34822,
2026-09-30T23:15:00Z,4152.33542,4153.19367,4152.1342,4153.09583,
2026-09-30T23:20:00Z,4152.95762,4155.22073,4152.23454,4154.25299,
2026-09-30T23:25:00Z,4154.65683,4155.54781,4153.85893,4154.52977,
2026-09-30T23:30:00Z,4154.45689,4154.72184,4153.6864,4154.19857,
2026-09-30T23:35:00Z,4154.1103,4155.58511,4153.82915,4155.46632,
2026-09-30T23:40:00Z,4155.33921,4155.58511,4154.54923,4154.80799,
2026-09-30T23:45:00Z,4154.95207,4156.13962,4154.95207,4155.98447,
2026-09-30T23:50:00Z,4155.77753,4156.48778,4155.37057,4155.57599,
2026-09-30T23:55:00Z,4155.95361,4156.33058,4155.0671,4156.19392,
2026-10-01T00:00:00Z,4155.74531,4156.92854,4151.63011,4152.10522,
2026-10-01T00:05:00Z,4153.14633,4153.14633,4150.92773,4151.72604,
2026-10-01T00:10:00Z,4151.57887,4153.51387,4150.64734,4152.38374,
2026-10-01T00:15:00Z,4152.51117,4152.6546,4142.77503,4143.9742,
2026-10-01T00:20:00Z,4146.48036,4146.48036,4140.95822,4145.11928,
2026-10-01T00:25:00Z,4143.5453,4148.77279,4143.5453,4145.27982,
2026-10-01T00:30:00Z,4146.25787,4146.25787,4140.44386,4140.81154,
2026-10-01T00:35:00Z,4141.47295,4142.68652,4140.44386,4142.38308,
2026-10-01T00:40:00Z,4141.72239,4144.58166,4139.77873,4143.71706,
2026-10-01T00:45:00Z,4141.78193,4145.59323,4141.78193,4143.72684,
2026-10-01T00:50:00Z,4144.22194,4145.07772,4140.44386,4140.64606,
2026-10-01T00:55:00Z,4140.98738,4146.10888,4140.44386,4145.80568,
2026-10-01T01:00:00Z,4145.21519,4152.38771,4145.21519,4151.74268,
2026-10-01T01:05:00Z,4150.14538,4159.73378,4150.14538,4159.34142,
2026-10-01T01:10:00Z,4158.75704,4161.29166,4158.28129,4160.51364,
2026-10-01T01:15:00Z,4160.28589,4162.85072,4159.04176,4162.68953,
2026-10-01T01:20:00Z,4162.23776,4164.33196,4161.47834,4164.26916,
2026-10-01T01:25:00Z,4163.99727,4164.58437,4160.25294,4161.24059,
2026-10-01T01:30:00Z,4161.10201,4164.06413,4159.38774,4163.81221,
2026-10-01T01:35:00Z,4163.36347,4163.80871,4161.84526,4161.95102,
2026-10-01T01:40:00Z,4162.11044,4163.52221,4161.37123,4161.84052,
2026-10-01T01:45:00Z,4162.00239,4162.15766,4160.42603,4161.09426,
2026-10-01T01:50:00Z,4160.7485,4163.71737,4160.7485,4161.44353,
2026-10-01T01:55:00Z,4161.62228,4162.0752,4158.22986,4158.43361,
2026-10-01T02:00:00Z,4158.78972,4158.78972,4155.7578,4156.88032,
2026-10-01T02:05:00Z,4156.63773,4156.63773,4152.65147,4154.02256,
2026-10-01T02:10:00Z,4153.83477,4155.23976,4152.65147,4155.18841,
2026-10-01T02:15:00Z,4155.00886,4156.44873,4152.99639,4153.29283,
2026-10-01T02:20:00Z,4153.76844,4155.23976,4152.30661,4155.03767,
2026-10-01T02:25:00Z,4154.65949,4156.15595,4151.78942,4153.10701,
2026-10-01T02:30:00Z,4153.07413,4155.23976,4152.99639,4155.10461,
2026-10-01T02:35:00Z,4154.69741,4155.93051,4154.69741,4154.82323,
2026-10-01T02:40:00Z,4154.98319,4156.00079,4154.54721,4155.79781,
2026-10-01T02:45:00Z,4155.51142,4158.00416,4153.6137,4156.79199,
2026-10-01T02:50:00Z,4156.86374,4160.42603,4155.91965,4160.19245,
2026-10-01T02:55:00Z,4159.70776,4162.70875,4158.55458,4158.85623,
2026-10-01T03:00:00Z,4159.63848,4162.92852,4159.63848,4162.03667,
2026-10-01T03:05:00Z,4162.14355,4165.92953,4161.98443,4165.54733,
2026-10-01T03:10:00Z,4164.58599,4167.8823,4164.58599,4166.14497,
2026-10-01T03:15:00Z,4166.41603,4168.79553,4164.75782,4165.3126,
2026-10-01T03:20:00Z,4165.21896,4165.52817,4164.41094,4164.92489,
2026-10-01T03:25:00Z,4164.67127,4165.10475,4163.76871,4164.5662,
2026-10-01T03:30:00Z,4164.20903,4166.17544,4164.06413,4164.94003,
2026-10-01T03:35:00Z,4164.61654,4165.27824,4163.37066,4163.79128,
2026-10-01T03:40:00Z,4164.01724,4169.71264,4161.87267,4169.60891,
2026-10-01T03:45:00Z,4169.40206,4173.25581,4169.40206,4172.84794,
2026-10-01T03:50:00Z,4171.76552,4176.25976,4171.76552,4174.2001,
2026-10-01T03:55:00Z,4174.37674,4177.28393,4174.37674,4175.47667,
2026-10-01T04:00:00Z,4175.54948,4176.06281,4175.36534,4176.02353,
2026-10-01T04:05:00Z,4175.93131,4176.23721,4175.36534,4176.03137,
2026-10-01T04:10:00Z,4175.93389,4177.66877,4175.51441,4177.13619,
2026-10-01T04:15:00Z,4177.26215,4179.63402,4172.22964,4172.53566,
2026-10-01T04:20:00Z,4172.99432,4172.99432,4171.88152,4172.50661,
2026-10-01T04:25:00Z,4172.21813,4172.97854,4172.21813,4172.2956,
2026-10-01T04:30:00Z,4172.35605,4176.11006,4172.0756,4175.72423,
2026-10-01T04:35:00Z,4174.95227,4176.7605,4174.8424,4176.53263,
2026-10-01T04:40:00Z,4176.36916,4176.36916,4175.19101,4175.57307,
2026-10-01T04:45:00Z,4175.46446,4177.98203,4175.45116,4177.91606,
2026-10-01T04:50:00Z,4177.76437,4178.50307,4177.76437,4178.36649,
2026-10-01T04:55:00Z,4178.17157,4180.1869,4178.1566,4178.52928,
2026-10-01T05:00:00Z,4179.216,4182.93152,4179.216,4182.56045,
2026-10-01T05:05:00Z,4181.81863,4183.22527,4181.65092,4182.61254,
2026-10-01T05:10:00Z,4182.40532,4182.87531,4181.28207,4182.76569,
2026-10-01T05:15:00Z,4182.52053,4183.40027,4182.17557,4183.22617,
2026-10-01T05:20:00Z,4183.10087,4184.4531,4182.64639,4184.38342,
2026-10-01T05:25:00Z,4184.26507,4187.60469,4184.03972,4186.76995,
2026-10-01T05:30:00Z,4186.68831,4189.36738,4186.37753,4188.95609,
2026-10-01T05:35:00Z,4188.26405,4192.52054,4188.26405,4191.13335,
2026-10-01T05:40:00Z,4191.52163,4191.52163,4188.12028,4188.93516,
2026-10-01T05:45:00Z,4188.67265,4189.18353,4187.39373,4187.99043,
2026-10-01T05:50:00Z,4187.97442,4188.48168,4185.50142,4185.67405,
2026-10-01T05:55:00Z,4185.87235,4187.83862,4185.48458,4187.55714,
2026-10-01T06:00:00Z,4186.99287,4190.75939,4186.99287,4190.61413,
2026-10-01T06:05:00Z,4190.33966,4191.64187,4188.98574,4190.42723,
2026-10-01T06:10:00Z,4190.56729,4192.15472,4190.56729,4191.97415,
2026-10-01T06:15:00Z,4191.66153,4192.52149,4189.71007,4189.9541,
2026-10-01T06:20:00Z,4190.26369,4190.41234,4188.65712,4189.93354,
2026-10-01T06:25:00Z,4190.15144,4190.15144,4187.78006,4189.3055,
2026-10-01T06:30:00Z,4188.77084,4190.76356,4188.65712,4189.84417,
2026-10-01T06:35:00Z,4189.73549,4189.73549,4186.17794,4186.46497,
2026-10-01T06:40:00Z,4186.82829,4188.18446,4181.65092,4183.01935,
2026-10-01T06:45:00Z,4182.41761,4184.8008,4182.41761,4184.59154,
2026-10-01T06:50:00Z,4184.21465,4184.21465,4180.60201,4183.00844,
2026-10-01T06:55:00Z,4183.15851,4185.85296,4182.09792,4182.81543,
2026-10-01T07:00:00Z,4184.28249,4184.31469,4179.90303,4180.57471,
2026-10-01T07:05:00Z,4180.51865,4180.71734,4179.37894,4179.63678,
2026-10-01T07:10:00Z,4179.54802,4181.59958,4174.19594,4175.06705,
2026-10-01T07:15:00Z,4176.81389,4176.81389,4171.17463,4172.02946,
2026-10-01T07:20:00Z,4172.26844,4173.0431,4162.03998,4162.58135,
2026-10-01T07:25:00Z,4163.40355,4163.40355,4156.10324,4156.62427,
2026-10-01T07:30:00Z,4156.67507,4165.10475,4155.41242,4164.72297,
2026-10-01T07:35:00Z,4163.94917,4164.51132,4160.59913,4161.94225,
2026-10-01T07:40:00Z,4161.56815,4162.85748,4159.68267,4162.44857,
2026-10-01T07:45:00Z,4162.5208,4166.1459,4162.14918,4163.92033,
2026-10-01T07:50:00Z,4165.12256,4166.04498,4161.98443,4165.06744,
2026-10-01T07:55:00Z,4164.27849,4166.49306,4163.37066,4163.50826,
2026-10-01T08:00:00Z,4163.61673,4166.32422,4163.40798,4164.16729,
2026-10-01T08:05:00Z,4164.22679,4167.8823,4162.76408,4163.1808,
2026-10-01T08:10:00Z,4164.00169,4164.00169,4158.69583,4159.15424,
2026-10-01T08:15:00Z,4159.34414,4161.03103,4158.2321,4158.64844,
2026-10-01T08:20:00Z,4159.24261,4159.24261,4155.7578,4158.027,
2026-10-01T08:25:00Z,4157.58268,4163.53647,4156.27598,4160.17727,
2026-10-01T08:30:00Z,4161.31601,4161.31601,4154.72184,4156.89662,
2026-10-01T08:35:00Z,4155.8439,4158.69583,4155.8439,4157.31326,
2026-10-01T08:40:00Z,4157.43235,4159.86766,4150.06484,4150.31898,
2026-10-01T08:45:00Z,4150.89388,4153.83642,4150.0664,4153.67969,
2026-10-01T08:50:00Z,4153.37383,4157.12826,4150.75544,4151.18238,
2026-10-01T08:55:00Z,4151.92912,4154.54923,4151.40639,4153.35088,
2026-10-01T09:00:00Z,4153.1488,4156.50493,4152.19494,4153.78104,
2026-10-01T09:05:00Z,4154.44417,4159.90682,4154.44417,4159.78402,
2026-10-01T09:10:00Z,4159.56817,4161.46484,4159.56817,4161.44301,
2026-10-01T09:15:00Z,4161.3921,4161.63802,4160.37997,4160.5117,
2026-10-01T09:20:00Z,4160.72364,4161.67085,4159.60005,4161.29657,
2026-10-01T09:25:00Z,4160.54285,4162.33091,4159.30159,4160.79939,
2026-10-01T09:30:00Z,4160.67457,4162.26164,4159.56075,4162.00085,
2026-10-01T09:35:00Z,4161.43829,4163.02148,4160.94537,4162.54178,
2026-10-01T09:40:00Z,4162.28908,4162.73545,4161.63802,4161.96882,
2026-10-01T09:45:00Z,4161.90666,4163.63376,4161.11851,4163.47788,
2026-10-01T09:50:00Z,4163.23475,4163.23475,4159.37769,4159.84329,
2026-10-01T09:55:00Z,4160.58942,4160.58942,4153.85893,4156.35765,
2026-10-01T10:00:00Z,4156.06354,4156.66587,4150.02881,4150.56131,
2026-10-01T10:05:00Z,4151.42486,4155.24477,4151.42486,4155.02718,
2026-10-01T10:10:00Z,4154.42805,4158.39413,4152.79601,4158.24665,
2026-10-01T10:15:00Z,4157.86714,4162.82365,4156.64209,4162.40278,
2026-10-01T10:20:00Z,4161.8111,4164.93128,4161.8111,4162.44266,
2026-10-01T10:25:00Z,4163.04707,4166.39071,4163.04707,4164.18289,
2026-10-01T10:30:00Z,4165.07728,4168.86746,4165.07728,4167.27812,
2026-10-01T10:35:00Z,4167.71589,4172.05557,4167.71589,4169.03368,
2026-10-01T10:40:00Z,4169.52285,4172.57782,4168.05602,4172.33445,
2026-10-01T10:45:00Z,4171.84606,4176.92988,4171.69827,4176.80307,
2026-10-01T10:50:00Z,4176.83303,4177.68942,4172.57782,4177.37736,
2026-10-01T10:55:00Z,4176.71956,4178.18397,4174.20493,4174.50325,
2026-10-01T11:00:00Z,4175.13942,4176.23721,4172.22964,4173.73714,
2026-10-01T11:05:00Z,4174.2592,4174.2592,4171.46003,4172.0516,
2026-10-01T11:10:00Z,4171.92544,4172.29352,4169.89973,4170.21162,
2026-10-01T11:15:00Z,4170.84301,4170.84301,4167.5349,4167.61362,
2026-10-01T11:20:00Z,4167.75736,4169.79401,4167.01392,4169.67621,
2026-10-01T11:25:00Z,4169.46495,4172.92606,4169.25835,4172.72498,
2026-10-01T11:30:00Z,4172.27252,4172.92606,4170.98564,4172.35488,
2026-10-01T11:35:00Z,4172.43726,4176.99085,4171.26833,4174.63365,
2026-10-01T11:40:00Z,4175.45426,4180.42167,4175.45426,4180.22381,
2026-10-01T11:45:00Z,4179.8754,4184.45058,4178.55938,4184.17668,
2026-10-01T11:50:00Z,4183.6293,4183.6293,4182.33118,4183.5267,
2026-10-01T11:55:00Z,4183.31966,4185.32625,4182.75951,4183.55409,
2026-10-01T12:00:00Z,4184.04421,4185.50142,4182.27937,4185.28827,
2026-10-01T12:05:00Z,4184.50945,4184.95619,4178.33117,4178.45106,
2026-10-01T12:10:00Z,4178.60008,4179.19515,4176.7605,4177.01895,
2026-10-01T12:15:00Z,4177.07536,4179.72832,4176.06281,4179.41625,
2026-10-01T12:20:00Z,4178.77659,4179.90303,4175.71405,4176.11058,
2026-10-01T12:25:00Z,4176.73065,4178.63463,4175.17883,4177.192,
2026-10-01T12:30:00Z,4177.69349,4184.10042,4177.69349,4183.28497,
2026-10-01T12:35:00Z,4183.24221,4184.4979,4182.70035,4182.79585,
2026-10-01T12:40:00Z,4182.95189,4187.04034,4182.70035,4183.24985,
2026-10-01T12:45:00Z,4183.61546,4187.19446,4182.35048,4183.82183,
2026-10-01T12:50:00Z,4184.41912,4185.15108,4180.60201,4180.87201,
2026-10-01T12:55:00Z,4181.34086,4182.66144,4179.72832,4180.591,
2026-10-01T13:00:00Z,4180.5435,4180.60201,4177.38932,4178.69328,
2026-10-01T13:05:00Z,4179.00872,4179.00872,4175.27172,4175.54056,
2026-10-01T13:10:00Z,4176.06887,4176.06887,4173.87822,4174.65368,
2026-10-01T13:15:00Z,4174.46904,4174.7964,4170.48962,4172.11705,
2026-10-01T13:20:00Z,4171.19216,4175.50773,4170.94173,4172.55993,
2026-10-01T13:25:00Z,4173.62447,4173.62447,4168.34,4168.81146,
2026-10-01T13:30:00Z,4169.78066,4173.11456,4167.70859,4172.51563,
2026-10-01T13:35:00Z,4171.49381,4171.49381,4165.62526,4165.76036,
2026-10-01T13:40:00Z,4165.94383,4166.39,4159.56075,4161.63245,
2026-10-01T13:45:00Z,4160.78598,4164.93128,4160.1393,4163.47823,
2026-10-01T13:50:00Z,4163.61473,4164.81318,4161.76312,4164.7325,
2026-10-01T13:55:00Z,4164.55204,4165.45174,4160.25294,4165.1298,
2026-10-01T14:00:00Z,4164.49608,4164.98174,4154.89447,4155.21207,
2026-10-01T14:05:00Z,4155.73533,4160.59913,4152.30661,4159.87392,
2026-10-01T14:10:00Z,4158.72395,4160.07987,4152.93257,4153.65706,
2026-10-01T14:15:00Z,4155.2625,4157.34756,4151.03037,4155.24326,
2026-10-01T14:20:00Z,4155.57951,4160.65562,4155.50542,4159.88449,
2026-10-01T14:25:00Z,4158.20607,4165.79879,4158.20607,4160.18175,
2026-10-01T14:30:00Z,4160.9747,4167.36123,4159.51353,4167.12352,
2026-10-01T14:35:00Z,4166.89488,4173.9029,4163.84027,4167.07913,
2026-10-01T14:40:00Z,4169.27593,4175.58645,4166.84029,4167.78728,
2026-10-01T14:45:00Z,4168.70747,4168.70747,4164.06413,4166.75853,
2026-10-01T14:50:00Z,4166.13836,4170.06724,4161.63802,4164.46299,
2026-10-01T14:55:00Z,4164.06484,4166.72193,4161.17029,4162.23121,
2026-10-01T15:00:00Z,4164.54882,4164.54882,4154.37664,4154.87224,
2026-10-01T15:05:00Z,4155.25143,4156.44846,4152.1342,4153.44785,
2026-10-01T15:10:00Z,4154.12853,4156.4466,4150.53465,4155.28311,
2026-10-01T15:15:00Z,4154.61888,4161.129,4154.61888,4160.6417,
2026-10-01T15:20:00Z,4159.48045,4168.6323,4157.81089,4160.59456,
2026-10-01T15:25:00Z,4160.95337,4168.05602,4160.95337,4167.77812,
2026-10-01T15:30:00Z,4167.21693,4167.23406,4157.94667,4158.71582,
2026-10-01T15:35:00Z,4160.36523,4172.23552,4156.96708,4171.31402,
2026-10-01T15:40:00Z,4169.19201,4173.27435,4167.01392,4167.4824,
2026-10-01T15:45:00Z,4167.90279,4172.54271,4165.82159,4166.6626,
2026-10-01T15:50:00Z,4167.3417,4169.21483,4159.87379,4160.58873,
2026-10-01T15:55:00Z,4161.74819,4171.0397,4161.74819,4168.73153,
2026-10-01T16:00:00Z,4169.06074,4172.22707,4169.06074,4170.13422,
2026-10-01T16:05:00Z,4170.63614,4177.16074,4170.63614,4176.75749,
2026-10-01T16:10:00Z,4175.99792,4177.86451,4170.70577,4170.99591,
2026-10-01T16:15:00Z,4171.5605,4171.88152,4169.4463,4171.70657,
2026-10-01T16:20:00Z,4171.06495,4171.06495,4166.66667,4166.85419,
2026-10-01T16:25:00Z,4166.81068,4170.28068,4164.93128,4165.25228,
2026-10-01T16:30:00Z,4166.03292,4170.8375,4166.03292,4169.75545,
2026-10-01T16:35:00Z,4169.25368,4170.14178,4164.41094,4164.70374,
2026-10-01T16:40:00Z,4165.18058,4166.70349,4162.85072,4166.22061,
2026-10-01T16:45:00Z,4165.63211,4167.18757,4164.93128,4167.05296,
2026-10-01T16:50:00Z,4166.77489,4166.77489,4160.59913,4162.35405,
2026-10-01T16:55:00Z,4162.10125,4162.41464,4159.55807,4162.19112,
2026-10-01T17:00:00Z,4161.78005,4166.57813,4161.78005,4166.13937,
2026-10-01T17:05:00Z,4165.44961,4171.98498,4165.44961,4171.73142,
2026-10-01T17:10:00Z,4171.28821,4173.27435,4171.18545,4171.39061,
2026-10-01T17:15:00Z,4171.73154,4173.97112,4169.94881,4170.27159,
2026-10-01T17:20:00Z,4170.85741,4176.7605,4170.85741,4176.1266,
2026-10-01T17:25:00Z,4176.19406,4176.95102,4172.41589,4172.99836,
2026-10-01T17:30:00Z,4173.92642,4183.22527,4170.8216,4174.22265,
2026-10-01T17:35:00Z,4174.85974,4178.50577,4173.44309,4178.29442,
2026-10-01T17:40:00Z,4178.17874,4178.17874,4174.8424,4176.77129,
2026-10-01T17:45:00Z,4176.35148,4179.94896,4176.35148,4177.48006,
2026-10-01T17:50:00Z,4177.85886,4178.90016,4174.77455,4177.2392,
2026-10-01T17:55:00Z,4176.62617,4179.41354,4167.70859,4168.21836,
2026-10-01T18:00:00Z,4168.47933,4173.6227,4167.75656,4168.8643,
2026-10-01T18:05:00Z,4171.11945,4171.11945,4164.23753,4166.37186,
2026-10-01T18:10:00Z,4165.80188,4173.27081,4165.80188,4172.90076,
2026-10-01T18:15:00Z,4172.27056,4174.35063,4170.25114,4174.07118,
2026-10-01T18:20:00Z,4173.58117,4178.83443,4170.48962,4177.68632,
2026-10-01T18:25:00Z,4176.14351,4181.96739,4172.05557,4173.43133,
2026-10-01T18:30:00Z,4173.16732,4176.61721,4171.88152,4175.84216,
2026-10-01T18:35:00Z,4174.52305,4183.22527,4174.52305,4178.43774,
2026-10-01T18:40:00Z,4178.1647,4178.95464,4176.12671,4178.02568,
2026-10-01T18:45:00Z,4178.14001,4178.68037,4177.4868,4178.20185,
2026-10-01T18:50:00Z,4178.01697,4178.01697,4176.06281,4176.75833,
2026-10-01T18:55:00Z,4176.6989,4177.03396,4175.62578,4176.95239,
2026-10-01T19:00:00Z,4176.8369,4177.28926,4174.8424,4175.03301,
2026-10-01T19:05:00Z,4175.22338,4176.50859,4173.44852,4175.52467,
2026-10-01T19:10:00Z,4174.76715,4177.04966,4174.76715,4176.84531,
2026-10-01T19:15:00Z,4176.45105,4178.50577,4175.65382,4175.90729,
2026-10-01T19:20:00Z,4176.59899,4180.17292,4176.59899,4178.28155,
2026-10-01T19:25:00Z,4178.52728,4179.74449,4175.71405,4176.55962,
2026-10-01T19:30:00Z,4176.3964,4179.02963,4176.35187,4177.08067,
2026-10-01T19:35:00Z,4177.32007,4177.32007,4175.36534,4175.44762,
2026-10-01T19:40:00Z,4175.5781,4176.58606,4174.49384,4175.31358,
2026-10-01T19:45:00Z,4175.34609,4176.7605,4174.49384,4174.62671,
2026-10-01T19:50:00Z,4174.85168,4178.85499,4174.49384,4176.88972,
2026-10-01T19:55:00Z,4176.75372,4176.75372,4175.71405,4175.79952,
2026-10-01T20:00:00Z,4175.96643,4179.41686,4175.86503,4178.05746,
2026-10-01T20:05:00Z,4178.78535,4178.78535,4176.23721,4177.19648,
2026-10-01T20:10:00Z,4176.89178,4177.90523,4176.89178,4177.8121,
2026-10-01T20:15:00Z,4177.54428,4179.72832,4177.25458,4178.7233,
2026-10-01T20:20:00Z,4179.12263,4179.12263,4177.98203,4178.4334,
2026-10-01T20:25:00Z,4178.30203,4178.69176,4175.0167,4175.66769,
2026-10-01T20:30:00Z,4175.56294,4175.88842,4175.23355,4175.86417,
2026-10-01T20:35:00Z,4175.71775,4175.71775,4173.97112,4174.28009,
2026-10-01T20:40:00Z,4174.14204,4174.86536,4173.27435,4173.43034,
2026-10-01T20:45:00Z,4173.71245,4177.28393,4173.71245,4177.10231,
2026-10-01T20:50:00Z,4176.62002,4178.50577,4176.23721,4177.12196,
2026-10-01T20:55:00Z,4177.07006,4177.61656,4176.58606,4177.44582,
2026-10-01T21:00:00Z,4177.21832,4179.02128,4177.10808,4178.94035,
2026-10-01T21:05:00Z,4178.82622,4179.04222,4178.68037,4178.8782,
2026-10-01T21:10:00Z,4178.83172,4178.94159,4178.50577,4178.58843,
2026-10-01T21:15:00Z,4178.62165,4179.14381,4178.62165,4179.05558,
2026-10-01T21:20:00Z,4178.87042,4179.04813,4178.68037,4178.84277,
2026-10-01T21:25:00Z,4178.81375,4178.9982,4178.46296,4178.87829,
2026-10-01T21:30:00Z,4178.82594,4178.96271,4178.68037,4178.89814,
2026-10-01T21:35:00Z,4178.80128,4179.04142,4178.50577,4178.56769,
2026-10-01T21:40:00Z,4178.68627,4179.02027,4178.68037,4178.83496,
2026-10-01T21:45:00Z,4178.86165,4179.04803,4178.68037,4178.72557,
2026-10-01T21:50:00Z,4178.74581,4179.02963,4178.68037,4178.73597,
2026-10-01T21:55:00Z,4178.74168,4179.02358,4178.74168,4178.93631,
2026-10-01T22:00:00Z,4178.83753,4180.10026,4175.0167,4175.65653,
2026-10-01T22:05:00Z,4176.62373,4176.7605,4174.61659,4175.3345,
2026-10-01T22:10:00Z,4175.67969,4175.67969,4172.57782,4172.81839,
2026-10-01T22:15:00Z,4173.12635,4173.73889,4172.57169,4172.65907,
2026-10-01T22:20:00Z,4172.61129,4172.85758,4172.05557,4172.1265,
2026-10-01T22:25:00Z,4172.26226,4173.14496,4172.05557,4172.12425,
2026-10-01T22:30:00Z,4172.17442,4175.36534,4171.98426,4175.17937,
2026-10-01T22:35:00Z,4174.93592,4176.06281,4174.93592,4175.88738,
2026-10-01T22:40:00Z,4175.85944,4176.41163,4175.71405,4175.96649,
2026-10-01T22:45:00Z,4175.99885,4176.49755,4175.96894,4176.34792,
2026-10-01T22:50:00Z,4176.31654,4176.62548,4175.86219,4176.49879,
2026-10-01T22:55:00Z,4176.32543,4179.02963,4175.65376,4178.92148,
2026-10-01T23:00:00Z,4178.74196,4179.22865,4178.30534,4179.02382,
2026-10-01T23:05:00Z,4178.74969,4179.68238,4177.80749,4177.93935,
2026-10-01T23:10:00Z,4178.10875,4180.60201,4176.95,4179.0469,
2026-10-01T23:15:00Z,4179.19042,4181.22565,4179.19042,4180.99014,
2026-10-01T23:20:00Z,4180.30593,4182.87531,4179.97028,4180.86412,
2026-10-01T23:25:00Z,4181.30459,4181.30459,4179.66426,4180.91171,
2026-10-01T23:30:00Z,4180.59589,4182.1874,4180.38297,4181.90709,
2026-10-01T23:35:00Z,4181.51566,4183.35335,4180.04871,4180.28341,
2026-10-01T23:40:00Z,4180.70638,4180.70638,4177.45843,4177.51536,
2026-10-01T23:45:00Z,4177.67024,4180.66955,4177.67024,4180.32148,
2026-10-01T23:50:00Z,4179.83907,4183.57528,4179.83907,4183.07607,
2026-10-01T23:55:00Z,4183.12311,4183.16734,4182.17557,4182.31486,
2026-10-02T00:00:00Z,4182.53336,4182.53336,4178.39039,4178.69725,
2026-10-02T00:05:00Z,4179.23969,4179.23969,4175.53969,4175.73641,
2026-10-02T00:10:00Z,4175.75652,4177.24325,4169.27246,4169.68503,
2026-10-02T00:15:00Z,4170.56496,4171.81467,4168.05602,4168.94911,
2026-10-02T00:20:00Z,4168.84489,4170.31569,4167.36123,4167.44455,
2026-10-02T00:25:00Z,4167.65541,4168.96984,4164.41094,4166.26381,
2026-10-02T00:30:00Z,4165.99313,4167.18757,4157.75079,4166.53666,
2026-10-02T00:35:00Z,4165.0838,4165.0838,4160.07987,4160.40312,
2026-10-02T00:40:00Z,4160.96766,4161.29166,4159.21474,4160.73976,
2026-10-02T00:45:00Z,4160.64126,4162.15766,4158.09956,4161.84024,
2026-10-02T00:50:00Z,4161.22969,4161.22969,4158.86879,4160.60265,
2026-10-02T00:55:00Z,4160.23467,4160.25294,4155.28087,4158.75847,
2026-10-02T01:00:00Z,4158.66683,4158.66683,4148.68901,4148.9589,
2026-10-02T01:05:00Z,4149.33012,4149.33012,4142.11517,4146.12391,
2026-10-02T01:10:00Z,4146.06962,4146.06962,4134.45239,4139.61037,
2026-10-02T01:15:00Z,4139.10505,4145.24954,4139.10505,4143.45135,
2026-10-02T01:20:00Z,4143.48901,4145.59323,4143.48901,4145.41415,
2026-10-02T01:25:00Z,4144.86688,4148.17146,4143.94226,4146.35957,
2026-10-02T01:30:00Z,4146.22872,4149.37759,4146.22872,4148.93559,
2026-10-02T01:35:00Z,4148.04811,4150.0988,4146.45271,4149.81477,
2026-10-02T01:40:00Z,4149.04257,4151.78942,4147.48455,4147.81986,
2026-10-02T01:45:00Z,4148.38541,4149.74032,4146.07331,4149.41849,
2026-10-02T01:50:00Z,4148.96559,4150.93291,4146.41335,4146.66837,
2026-10-02T01:55:00Z,4146.96282,4151.78942,4145.82074,4151.72174,
2026-10-02T02:00:00Z,4151.53004,4152.40598,4148.00066,4151.85622,
2026-10-02T02:05:00Z,4150.43371,4155.8766,4150.07631,4154.59545,
2026-10-02T02:10:00Z,4154.83338,4157.28782,4153.14546,4153.33643,
2026-10-02T02:15:00Z,4153.44691,4159.70653,4153.44691,4159.34036,
2026-10-02T02:20:00Z,4158.86717,4160.94681,4156.6115,4156.85612,
2026-10-02T02:25:00Z,4157.24977,4161.23641,4156.10324,4160.85246,
2026-10-02T02:30:00Z,4160.00394,4161.81122,4156.79428,4157.10843,
2026-10-02T02:35:00Z,4157.65262,4158.67006,4156.2705,4157.74584,
2026-10-02T02:40:00Z,4157.52773,4157.69743,4155.71966,4155.83785,
2026-10-02T02:45:00Z,4156.09927,4161.98443,4156.09927,4161.50176,
2026-10-02T02:50:00Z,4160.56944,4162.84365,4160.42603,4162.58209,
2026-10-02T02:55:00Z,4162.14338,4165.79879,4159.27187,4165.3851,
2026-10-02T03:00:00Z,4164.68387,4172.48001,4162.57034,4172.02404,
2026-10-02T03:05:00Z,4171.05723,4173.1002,4169.06612,4169.47834,
2026-10-02T03:10:00Z,4170.06352,4171.88152,4168.22975,4171.66541,
2026-10-02T03:15:00Z,4171.35244,4172.22166,4170.33202,4170.56852,
2026-10-02T03:20:00Z,4170.6428,4173.32815,4170.29235,4173.26087,
2026-10-02T03:25:00Z,4173.21666,4175.11219,4172.21016,4174.74167,
2026-10-02T03:30:00Z,4174.58663,4177.78312,4172.75193,4173.11287,
2026-10-02T03:35:00Z,4173.11258,4175.71424,4172.92606,4174.51741,
2026-10-02T03:40:00Z,4173.80141,4175.16847,4173.6227,4173.72444,
2026-10-02T03:45:00Z,4173.96261,4174.40949,4171.88152,4172.06773,
2026-10-02T03:50:00Z,4172.32026,4173.84033,4171.83992,4172.64383,
2026-10-02T03:55:00Z,4172.7691,4177.98203,4172.53482,4177.01688,
2026-10-02T04:00:00Z,4177.13179,4185.32625,4177.13179,4184.97557,
2026-10-02T04:05:00Z,4184.3099,4185.85182,4181.60352,4183.88949,
2026-10-02T04:10:00Z,4184.11556,4186.37753,4183.28841,4186.10133,
2026-10-02T04:15:00Z,4185.56416,4186.72807,4183.70364,4184.44753,
2026-10-02T04:20:00Z,4184.8136,4188.00256,4183.22511,4186.89966,
2026-10-02T04:25:00Z,4187.37029,4188.65712,4185.95613,4188.01561,
2026-10-02T04:30:00Z,4187.81949,4190.5864,4187.43036,4188.39591,
2026-10-02T04:35:00Z,4189.01306,4189.01306,4182.7356,4183.19895,
2026-10-02T04:40:00Z,4184.20975,4184.20975,4182.17557,4182.65254,
2026-10-02T04:45:00Z,4182.65555,4183.30799,4182.32899,4182.46356,
2026-10-02T04:50:00Z,4182.80847,4183.40027,4181.81776,4182.35284,
2026-10-02T04:55:00Z,4182.26249,4183.43513,4181.82579,4183.20847,
2026-10-02T05:00:00Z,4182.59816,4185.67661,4182.3525,4184.60827,
2026-10-02T05:05:00Z,4184.83316,4188.65712,4184.33354,4188.37638,
2026-10-02T05:10:00Z,4187.8277,4193.50502,4187.07868,4188.82928,
2026-10-02T05:15:00Z,4190.04394,4190.04394,4187.254,4188.44675,
2026-10-02T05:20:00Z,4187.51635,4190.4628,4187.01347,4188.95608,
2026-10-02T05:25:00Z,4188.7794,4188.7794,4186.72807,4186.78593,
2026-10-02T05:30:00Z,4186.81616,4188.13084,4186.20228,4186.7001,
2026-10-02T05:35:00Z,4186.70349,4189.89969,4186.68228,4189.80917,
2026-10-02T05:40:00Z,4189.61102,4190.47055,4187.67276,4190.26828,
2026-10-02T05:45:00Z,4189.72401,4189.72401,4183.92536,4184.09455,
2026-10-02T05:50:00Z,4184.35972,4186.35212,4183.40027,4183.9204,
2026-10-02T05:55:00Z,4184.17193,4187.19516,4183.40027,4186.65442,
2026-10-02T06:00:00Z,4185.82758,4193.73031,4185.82758,4192.30055,
2026-10-02T06:05:00Z,4190.42938,4196.21501,4190.42938,4194.03251,
2026-10-02T06:10:00Z,4193.87143,4196.08757,4192.52054,4195.69297,
2026-10-02T06:15:00Z,4195.10004,4195.10004,4187.254,4187.87302,
2026-10-02T06:20:00Z,4187.92104,4191.11484,4187.92104,4190.90566,
2026-10-02T06:25:00Z,4190.82545,4191.81757,4188.51968,4190.46622,
2026-10-02T06:30:00Z,4190.85906,4190.85906,4186.37753,4186.55668,
2026-10-02T06:35:00Z,4186.85708,4187.26702,4181.82579,4183.48455,
2026-10-02T06:40:00Z,4183.07345,4184.93607,4180.60201,4180.69955,
2026-10-02T06:45:00Z,4180.87974,4181.35388,4179.72832,4179.83827,
2026-10-02T06:50:00Z,4179.87994,4180.42724,4178.14436,4179.50539,
2026-10-02T06:55:00Z,4178.98474,4183.61213,4177.63295,4178.03725,
2026-10-02T07:00:00Z,4179.11119,4181.82579,4179.11119,4181.38905,
2026-10-02T07:05:00Z,4181.26532,4182.1072,4178.68037,4180.67131,
2026-10-02T07:10:00Z,4180.7218,4186.22513,4179.47393,4185.31381,
2026-10-02T07:15:00Z,4183.75963,4188.75625,4183.75963,4184.97153,
2026-10-02T07:20:00Z,4184.92732,4187.42934,4184.24198,4185.93331,
2026-10-02T07:25:00Z,4186.37746,4188.48168,4184.74696,4185.28995,
2026-10-02T07:30:00Z,4186.22713,4186.64097,4184.10042,4186.488,
2026-10-02T07:35:00Z,4186.17956,4186.72807,4182.52541,4183.13792,
2026-10-02T07:40:00Z,4183.10781,4183.92536,4181.88744,4182.1308,
2026-10-02T07:45:00Z,4182.59572,4183.57528,4181.14444,4182.73333,
2026-10-02T07:50:00Z,4182.51615,4185.15108,4182.51615,4184.35207,
2026-10-02T07:55:00Z,4184.64633,4193.45519,4184.60427,4192.18363,
2026-10-02T08:00:00Z,4189.18791,4189.18791,4182.95298,4188.77152,
2026-10-02T08:05:00Z,4188.03441,4195.5108,4187.51455,4195.07175,
2026-10-02T08:10:00Z,4194.20623,4194.45493,4188.30625,4188.60112,
2026-10-02T08:15:00Z,4189.07074,4189.56523,4184.56101,4185.05937,
2026-10-02T08:20:00Z,4186.10774,4187.27714,4183.64237,4184.20935,
2026-10-02T08:25:00Z,4184.71039,4184.71039,4183.28907,4184.44089,
2026-10-02T08:30:00Z,4184.21716,4186.20228,4181.5645,4181.85537,
2026-10-02T08:35:00Z,4182.42929,4184.97594,4180.43087,4183.20203,
2026-10-02T08:40:00Z,4183.58492,4185.03677,4181.33165,4182.16921,
2026-10-02T08:45:00Z,4182.05089,4182.05089,4179.90303,4180.70052,
2026-10-02T08:50:00Z,4180.10673,4183.75031,4178.92563,4183.13926,
2026-10-02T08:55:00Z,4183.03654,4186.20228,4182.88477,4185.22086,
2026-10-02T09:00:00Z,4185.32141,4185.50142,4181.17236,4181.37333,
2026-10-02T09:05:00Z,4181.92136,4182.90454,4181.82579,4182.84531,
2026-10-02T09:10:00Z,4182.78452,4188.13084,4182.531,4187.80818,
2026-10-02T09:15:00Z,4187.1762,4187.21911,4185.15108,4185.32512,
2026-10-02T09:20:00Z,4185.61585,4186.83163,4184.8008,4186.60002,
2026-10-02T09:25:00Z,4186.21888,4187.60469,4184.97594,4185.66344,
2026-10-02T09:30:00Z,4185.74335,4188.13084,4185.74335,4186.09143,
2026-10-02T09:35:00Z,4186.2421,4187.26409,4181.65092,4181.92335,
2026-10-02T09:40:00Z,4182.33976,4185.15108,4182.10359,4184.5724,
2026-10-02T09:45:00Z,4184.81181,4184.81181,4179.90303,4183.02808,
2026-10-02T09:50:00Z,4181.64186,4187.22841,4181.64186,4186.46813,
2026-10-02T09:55:00Z,4185.0659,4188.13084,4184.45058,4184.66501,
2026-10-02T10:00:00Z,4184.99459,4185.22705,4181.89209,4182.14035,
2026-10-02T10:05:00Z,4182.70987,4183.6062,4178.85499,4178.97826,
2026-10-02T10:10:00Z,4179.18661,4179.60476,4169.09864,4169.68009,
2026-10-02T10:15:00Z,4170.80263,4173.98739,4170.80263,4173.49957,
2026-10-02T10:20:00Z,4172.76497,4172.76497,4166.59654,4169.25561,
2026-10-02T10:25:00Z,4169.00102,4174.14534,4165.80627,4173.79158,
2026-10-02T10:30:00Z,4173.03343,4177.09842,4173.03343,4176.49384,
2026-10-02T10:35:00Z,4175.02316,4179.02963,4175.02316,4177.60896,
2026-10-02T10:40:00Z,4177.70211,4181.06359,4177.70211,4180.73108,
2026-10-02T10:45:00Z,4180.0856,4182.89008,4180.0856,4182.61719,
2026-10-02T10:50:00Z,4182.20524,4182.20524,4180.3408,4180.45268,
2026-10-02T10:55:00Z,4180.59992,4182.71112,4179.5407,4181.54136,
2026-10-02T11:00:00Z,4181.70064,4184.59394,4181.70064,4182.38408,
2026-10-02T11:05:00Z,4183.13637,4187.254,4183.13637,4187.07428,
2026-10-02T11:10:00Z,4186.67256,4187.64567,4184.10042,4185.41637,
2026-10-02T11:15:00Z,4185.28252,4188.30625,4183.57528,4184.50193,
2026-10-02T11:20:00Z,4184.55773,4186.72807,4183.40027,4184.49323,
2026-10-02T11:25:00Z,4184.2953,4184.84709,4181.28654,4181.80573,
2026-10-02T11:30:00Z,4182.95385,4182.95385,4180.17165,4180.30213,
2026-10-02T11:35:00Z,4180.46232,4182.00067,4179.72832,4181.66176,
2026-10-02T11:40:00Z,4181.70036,4181.74782,4178.50577,4179.98086,
2026-10-02T11:45:00Z,4179.71255,4179.72832,4178.24569,4178.36016,
2026-10-02T11:50:00Z,4178.64138,4181.47606,4177.10944,4181.21883,
2026-10-02T11:55:00Z,4180.75699,4185.15108,4180.01453,4183.02931,
2026-10-02T12:00:00Z,4183.32922,4183.32922,4178.6292,4178.83281,
2026-10-02T12:05:00Z,4179.19274,4180.95158,4178.26584,4180.64397,
2026-10-02T12:10:00Z,4180.6362,4183.15945,4176.12563,4176.82872,
2026-10-02T12:15:00Z,4178.35665,4180.25382,4175.19101,4179.37758,
2026-10-02T12:20:00Z,4177.88863,4182.00067,4177.88863,4178.42312,
2026-10-02T12:25:00Z,4179.17375,4182.48722,4175.03591,4182.05372,
2026-10-02T12:30:00Z,4181.02382,4223.50805,4165.50315,4214.37925,
2026-10-02T12:35:00Z,4215.58994,4225.47114,4215.51514,4221.9031,
2026-10-02T12:40:00Z,4220.89164,4223.07608,4206.80661,4212.74208,
2026-10-02T12:45:00Z,4211.18805,4216.49921,4208.57708,4211.61591,
2026-10-02T12:50:00Z,4211.83119,4215.03993,4201.12956,4202.75782,
2026-10-02T12:55:00Z,4205.82994,4218.06996,4205.82994,4216.95542,
2026-10-02T13:00:00Z,4214.95934,4225.64969,4214.95934,4221.03501,
2026-10-02T13:05:00Z,4221.74497,4223.22744,4204.68402,4205.10025,
2026-10-02T13:10:00Z,4205.6127,4207.12649,4197.97658,4198.40331,
2026-10-02T13:15:00Z,4199.07275,4200.5753,4191.99329,4192.33414,
2026-10-02T13:20:00Z,4192.96459,4192.96459,4185.15108,4185.58583,
2026-10-02T13:25:00Z,4186.26176,4194.1832,4186.26176,4193.72785,
2026-10-02T13:30:00Z,4192.54797,4195.77489,4190.41234,4195.52689,
2026-10-02T13:35:00Z,4194.82558,4199.56508,4193.39959,4198.58562,
2026-10-02T13:40:00Z,4196.97269,4200.85301,4186.84631,4188.0174,
2026-10-02T13:45:00Z,4190.78552,4191.81757,4184.25041,4191.53216,
2026-10-02T13:50:00Z,4190.94646,4192.81423,4183.05028,4183.74538,
2026-10-02T13:55:00Z,4185.14538,4191.64187,4179.20428,4190.70785,
2026-10-02T14:00:00Z,4188.68884,4194.41033,4182.95232,4193.40966,
2026-10-02T14:05:00Z,4191.37036,4197.08804,4183.57528,4184.42296,
2026-10-02T14:10:00Z,4185.06777,4188.10518,4181.47606,4185.38264,
2026-10-02T14:15:00Z,4184.36314,4189.35903,4184.36314,4187.50838,
2026-10-02T14:20:00Z,4186.99074,4193.98633,4181.30122,4181.59803,
2026-10-02T14:25:00Z,4182.21923,4183.8717,4174.14534,4174.69358,
2026-10-02T14:30:00Z,4175.59873,4176.41034,4170.31569,4172.58908,
2026-10-02T14:35:00Z,4172.62425,4177.98203,4171.8658,4172.50437,
2026-10-02T14:40:00Z,4173.39153,4181.1264,4173.39153,4177.53985,
2026-10-02T14:45:00Z,4177.96094,4179.35428,4173.21937,4173.59358,
2026-10-02T14:50:00Z,4174.0904,4176.99747,4161.22275,4161.98585,
2026-10-02T14:55:00Z,4163.0605,4164.49233,4155.41242,4156.49652,
2026-10-02T15:00:00Z,4157.03693,4159.86591,4151.47623,4151.8957,
2026-10-02T15:05:00Z,4152.5513,4153.51387,4145.07772,4147.11734,
2026-10-02T15:10:00Z,4146.96252,4147.49198,4142.50207,4145.06271,
2026-10-02T15:15:00Z,4144.24775,4145.59323,4140.04252,4143.6212,
2026-10-02T15:20:00Z,4143.12605,4143.70322,4139.9927,4140.81029,
2026-10-02T15:25:00Z,4141.88747,4145.07772,4134.96527,4142.45299,
2026-10-02T15:30:00Z,4142.97488,4146.70539,4140.95822,4145.94302,
2026-10-02T15:35:00Z,4144.02979,4147.74592,4141.98733,4142.40136,
2026-10-02T15:40:00Z,4143.1895,4143.1895,4137.36036,4138.80824,
2026-10-02T15:45:00Z,4138.62879,4138.62879,4132.40217,4136.79373,
2026-10-02T15:50:00Z,4136.083,4136.91006,4130.18189,4130.58672,
2026-10-02T15:55:00Z,4131.14026,4133.26528,4125.92318,4126.46256,
2026-10-02T16:00:00Z,4126.56539,4130.52458,4125.92318,4130.43391,
2026-10-02T16:05:00Z,4130.23533,4134.31457,4128.81916,4132.72495,
2026-10-02T16:10:00Z,4132.88994,4135.90509,4132.88994,4135.51436,
2026-10-02T16:15:00Z,4134.89852,4138.55895,4134.89852,4138.44425,
2026-10-02T16:20:00Z,4138.21611,4140.95822,4136.13679,4139.29321,
2026-10-02T16:25:00Z,4139.37127,4139.37127,4134.45239,4135.14931,
2026-10-02T16:30:00Z,4135.08889,4138.90154,4134.28146,4138.69555,
2026-10-02T16:35:00Z,4138.28471,4141.25893,4137.26317,4137.62448,
2026-10-02T16:40:00Z,4138.46943,4140.10102,4134.62334,4135.75169,
2026-10-02T16:45:00Z,4135.51612,4138.90154,4134.28146,4137.61308,
2026-10-02T16:50:00Z,4137.70894,4138.93267,4137.62309,4138.77754,
2026-10-02T16:55:00Z,4138.45376,4139.58687,4138.15001,4139.52047,
2026-10-02T17:00:00Z,4139.21142,4141.98733,4137.36036,4141.93942,
2026-10-02T17:05:00Z,4141.8264,4142.11352,4137.94771,4138.10097,
2026-10-02T17:10:00Z,4138.35897,4139.22702,4136.50465,4136.65205,
2026-10-02T17:15:00Z,4137.04349,4138.99921,4135.30725,4136.56328,
2026-10-02T17:20:00Z,4136.90792,4138.73024,4133.8692,4134.79562,
2026-10-02T17:25:00Z,4136.03515,4136.56134,4129.67169,4132.85035,
2026-10-02T17:30:00Z,4131.64134,4138.69074,4131.64134,4138.06041,
2026-10-02T17:35:00Z,4137.01152,4139.41551,4136.50465,4136.69217,
2026-10-02T17:40:00Z,4136.98742,4137.44732,4136.43275,4137.39967,
2026-10-02T17:45:00Z,4137.16335,4138.94577,4135.9914,4137.9326,
2026-10-02T17:50:00Z,4137.52746,4140.10102,4137.50689,4139.76192,
2026-10-02T17:55:00Z,4139.7132,4140.69626,4133.4785,4133.79508,
2026-10-02T18:00:00Z,4133.93437,4137.57958,4133.93437,4137.11556,
2026-10-02T18:05:00Z,4135.8914,4138.90154,4135.8914,4138.11224,
2026-10-02T18:10:00Z,4138.16225,4140.78051,4137.07628,4140.526,
2026-10-02T18:15:00Z,4139.79697,4141.1297,4136.16247,4136.39201,
2026-10-02T18:20:00Z,4136.72734,4138.73024,4136.34715,4137.32176,
2026-10-02T18:25:00Z,4137.52201,4140.12744,4136.77034,4139.83308,
2026-10-02T18:30:00Z,4139.11812,4140.44386,4138.21643,4140.21424,
2026-10-02T18:35:00Z,4139.73211,4141.81577,4138.73024,4140.56961,
2026-10-02T18:40:00Z,4140.88116,4142.67368,4138.83779,4142.55111,
2026-10-02T18:45:00Z,4142.27317,4143.32436,4141.47271,4142.46064,
2026-10-02T18:50:00Z,4142.59994,4143.70364,4142.33048,4142.86352,
2026-10-02T18:55:00Z,4142.78023,4145.88631,4142.16823,4145.10167,
2026-10-02T19:00:00Z,4144.09821,4147.31254,4143.53195,4143.88905,
2026-10-02T19:05:00Z,4144.42568,4146.01285,4144.39919,4145.76099,
2026-10-02T19:10:00Z,4145.0506,4148.32243,4145.0506,4146.93339,
2026-10-02T19:15:00Z,4147.02589,4149.18068,4144.44739,4146.4204,
2026-10-02T19:20:00Z,4145.69508,4148.51055,4145.69508,4148.2122,
2026-10-02T19:25:00Z,4147.72526,4148.68901,4147.31254,4148.33498,
2026-10-02T19:30:00Z,4148.02049,4149.39772,4148.02049,4148.68801,
2026-10-02T19:35:00Z,4148.61316,4149.37759,4147.10797,4147.40875,
2026-10-02T19:40:00Z,4147.90698,4147.90698,4143.76459,4144.16007,
2026-10-02T19:45:00Z,4144.98699,4144.98699,4141.93412,4142.05822,
2026-10-02T19:50:00Z,4142.2317,4143.36027,4139.88549,4143.11388,
2026-10-02T19:55:00Z,4142.63683,4146.69869,4142.47428,4146.32778,
2026-10-02T20:00:00Z,4145.79408,4147.48455,4144.04708,4144.32276,
2026-10-02T20:05:00Z,4144.74354,4144.74544,4142.50207,4142.59923,
2026-10-02T20:10:00Z,4142.84345,4144.03308,4141.47271,4142.90138,
2026-10-02T20:15:00Z,4142.55455,4143.53195,4141.90917,4143.43724,
2026-10-02T20:20:00Z,4143.13427,4143.95147,4142.67368,4143.67332,
2026-10-02T20:25:00Z,4142.93179,4145.05318,4142.93179,4143.03885,
2026-10-02T20:30:00Z,4143.09443,4143.39106,4141.64423,4141.96284,
2026-10-02T20:35:00Z,4141.88831,4142.08866,4139.41551,4139.55001,
2026-10-02T20:40:00Z,4139.76188,4140.07357,4138.62036,4138.88088,
2026-10-02T20:45:00Z,4138.90277,4138.90277,4136.82177,4136.90237,
2026-10-02T20:50:00Z,4136.99377,4139.00752,4136.50465,4138.74602,
2026-10-02T20:55:00Z,4138.37304,4142.01212,4138.37304,4141.52795,
2026-10-02T21:00:00Z,4140.4695,4143.47287,4137.53155,4137.64446,
2026-10-02T21:05:00Z,4137.79844,4137.79844,4137.4922,4137.53449,
2026-10-02T21:10:00Z,4137.55185,4137.66749,4137.52611,4137.53786,
2026-10-02T21:15:00Z,4137.55014,4137.73368,4137.49018,4137.6248,
2026-10-02T21:20:00Z,4137.54842,4137.70777,4137.53155,4137.63379,
2026-10-02T21:25:00Z,4137.56065,4137.74765,4137.49246,4137.53392,
2026-10-02T21:30:00Z,4137.55483,4137.62355,4137.18919,4137.51949,
2026-10-02T21:35:00Z,4137.40858,4137.73132,4137.40858,4137.62509,
2026-10-02T21:40:00Z,4137.54497,4137.70665,4137.53155,4137.61702,
2026-10-02T21:45:00Z,4137.54867,4137.7308,4137.48661,4137.52936,
2026-10-02T21:50:00Z,4137.54895,4137.68637,4137.51006,4137.53672,
2026-10-02T21:55:00Z,4137.55019,4137.73476,4137.49107,4137.63165,
2026-10-02T22:00:00Z,4137.54867,4137.89437,4137.53155,4137.80386,
2026-10-02T22:05:00Z,4137.51031,4138.04519,4137.51031,4137.54434,
2026-10-02T22:10:00Z,4137.58656,4137.70061,4137.51735,4137.53961,
2026-10-02T22:15:00Z,4137.55297,4137.72179,4137.48152,4137.62266,
2026-10-02T22:20:00Z,4137.53578,4137.70864,4137.51637,4137.60601,
2026-10-02T22:25:00Z,4137.5468,4137.72705,4137.47663,4137.51155,
2026-10-02T22:30:00Z,4137.53761,4137.69805,4137.49326,4137.59726,
2026-10-02T22:35:00Z,4137.54682,4137.72847,4137.48538,4137.63343,
2026-10-02T22:40:00Z,4137.54493,4137.72162,4137.51476,4137.599,
2026-10-02T22:45:00Z,4137.54537,4137.73302,4137.48746,4137.51811,
2026-10-02T22:50:00Z,4137.54556,4137.70517,4137.48926,4137.59011,
2026-10-02T22:55:00Z,4137.54513,4137.72384,4137.48489,4137.63363,
2026-10-02T23:00:00Z,4137.54288,4137.72373,4137.50445,4137.60551,
2026-10-02T23:05:00Z,4137.54515,4137.73476,4137.49413,4137.51988,
2026-10-02T23:10:00Z,4137.54867,4137.71461,4137.49109,4137.58953,
2026-10-02T23:15:00Z,4137.54867,4137.71303,4137.48033,4137.6283,
2026-10-02T23:20:00Z,4137.53568,4137.71821,4137.49454,4137.60133,
2026-10-02T23:25:00Z,4137.5403,4137.72505,4137.4851,4137.50486,
2026-10-02T23:30:00Z,4137.53598,4137.71243,4137.47475,4137.57741,
2026-10-02T23:35:00Z,4137.54021,4137.71716,4137.48682,4137.63777,
2026-10-02T23:40:00Z,4137.5449,4137.7303,4137.49689,4137.61522,
2026-10-02T23:45:00Z,4137.54699,4137.73014,4137.50011,4137.51447,
2026-10-02T23:50:00Z,4137.54559,4137.72176,4137.48198,4137.57527,
2026-10-02T23:55:00Z,4137.54691,4137.71152,4137.48921,4137.63827,
2026-10-03T00:00:00Z,4137.5449,4137.73986,4137.49985,4137.61861,
2026-10-03T00:05:00Z,4137.54525,4137.72734,4137.50826,4137.51592,
2026-10-03T00:10:00Z,4137.54696,4137.72879,4137.48661,4137.5808,
2026-10-03T00:15:00Z,4137.54867,4137.70884,4137.49411,4137.64171,
2026-10-03T00:20:00Z,4137.54867,4137.72449,4137.48392,4137.61675,
2026-10-03T00:25:00Z,4137.54172,4137.71614,4137.50307,4137.50421,
2026-10-03T00:30:00Z,4137.536,4137.72843,4137.482,4137.58477,
2026-10-03T00:35:00Z,4137.54699,4137.69818,4137.49679,4137.63782,
2026-10-03T00:40:00Z,4137.5449,4137.72868,4137.48511,4137.62804,
2026-10-03T00:45:00Z,4137.54519,4137.71699,4137.51346,4137.51346,
2026-10-03T00:50:00Z,4137.54387,4137.73035,4137.48338,4137.58796,
2026-10-03T00:55:00Z,4137.54492,4137.69036,4137.50191,4137.63687,
2026-10-03T01:00:00Z,4137.54491,4137.73705,4137.49063,4137.62732,
2026-10-03T01:05:00Z,4137.54319,4137.70571,4137.50618,4137.50618,
2026-10-03T01:10:00Z,4137.53596,4137.72622,4137.47739,4137.59391,
2026-10-03T01:15:00Z,4137.54534,4137.68189,4137.50787,4137.63544,
2026-10-03T01:20:00Z,4137.54492,4137.72564,4137.48489,4137.63808,
2026-10-03T01:25:00Z,4137.54684,4137.7069,4137.518,4137.518,
2026-10-03T01:30:00Z,4137.54557,4137.73303,4137.48763,4137.6008,
2026-10-03T01:35:00Z,4137.54721,4137.67095,4137.51304,4137.6318,
2026-10-03T01:40:00Z,4137.54322,4137.71991,4137.48032,4137.64149,
2026-10-03T01:45:00Z,4137.54224,4137.69406,4137.51339,4137.51339,
2026-10-03T01:50:00Z,4137.53901,4137.7268,4137.47652,4137.60115,
2026-10-03T01:55:00Z,4137.54244,4137.65876,4137.51616,4137.62075,
2026-10-03T02:00:00Z,4137.53407,4137.72013,4137.48018,4137.63634,
2026-10-03T02:05:00Z,4137.5396,4137.69195,4137.52266,4137.52266,
2026-10-03T02:10:00Z,4137.54554,4137.73728,4137.4855,4137.61222,
2026-10-03T02:15:00Z,4137.54903,4137.67406,4137.52871,4137.62669,
2026-10-03T02:20:00Z,4137.54324,4137.72959,4137.48753,4137.53498,
2026-10-03T02:25:00Z,4137.54505,4137.68159,4137.52397,4137.52397,
2026-10-03T02:30:00Z,4137.54381,4137.72553,4137.48147,4137.61342,
2026-10-03T02:35:00Z,4137.54545,4137.6816,4137.53155,4137.61654,
2026-10-03T02:40:00Z,4137.53588,4137.72102,4137.48212,4137.53142,
2026-10-03T02:45:00Z,4137.53945,4137.67423,4137.52274,4137.52728,
2026-10-03T02:50:00Z,4137.54405,4137.73336,4137.4887,4137.62224,
2026-10-03T02:55:00Z,4137.5497,4137.69753,4137.53155,4137.63408,
2026-10-03T03:00:00Z,4137.55748,4137.73225,4137.48862,4137.53324,
2026-10-03T03:05:00Z,4137.54819,4137.66294,4137.52239,4137.53108,
2026-10-03T03:10:00Z,4137.54377,4137.72703,4137.47652,4137.61845,
2026-10-03T03:15:00Z,4137.54257,4137.69508,4137.53155,4137.62134,
2026-10-03T03:20:00Z,4137.54867,4137.72171,4137.47677,4137.52215,
2026-10-03T03:25:00Z,4137.53866,4137.67249,4137.51104,4137.53281,
2026-10-03T03:30:00Z,4137.54375,4137.73302,4137.48725,4137.62647,
2026-10-03T03:35:00Z,4137.54589,4137.71112,4137.53155,4137.62421,
2026-10-03T03:40:00Z,4137.55572,4137.72216,4137.47976,4137.52227,
2026-10-03T03:45:00Z,4137.54182,4137.67797,4137.50614,4137.53435,
2026-10-03T03:50:00Z,4137.54373,4137.72614,4137.48223,4137.62326,
2026-10-03T03:55:00Z,4137.53982,4137.71155,4137.52547,4137.60557,
2026-10-03T04:00:00Z,4137.54146,4137.72664,4137.48366,4137.52277,
2026-10-03T04:05:00Z,4137.54495,4137.68818,4137.5003,4137.60995,
2026-10-03T04:10:00Z,4137.55363,4137.73032,4137.49178,4137.63082,
2026-10-03T04:15:00Z,4137.54374,4137.72324,4137.52132,4137.60249,
2026-10-03T04:20:00Z,4137.54338,4137.72012,4137.48016,4137.51484,
2026-10-03T04:25:00Z,4137.53918,4137.68621,4137.48958,4137.59407,
2026-10-03T04:30:00Z,4137.54196,4137.72838,4137.48027,4137.63351,
2026-10-03T04:35:00Z,4137.54588,4137.72178,4137.50977,4137.59273,
2026-10-03T04:40:00Z,4137.5346,4137.72959,4137.48751,4137.51807,
2026-10-03T04:45:00Z,4137.54492,4137.70319,4137.4909,4137.58948,
2026-10-03T04:50:00Z,4137.54353,4137.72549,4137.48318,4137.63534,
2026-10-03T04:55:00Z,4137.54524,4137.72715,4137.49798,4137.60333,
2026-10-03T05:00:00Z,4137.54162,4137.73133,4137.49092,4137.51643,
2026-10-03T05:05:00Z,4137.54524,4137.70981,4137.48419,4137.58527,
2026-10-03T05:10:00Z,4137.54362,4137.72184,4137.48193,4137.63682,
2026-10-03T05:15:00Z,4137.54558,4137.72839,4137.50043,4137.59823,
2026-10-03T05:20:00Z,4137.53326,4137.72867,4137.49509,4137.51519,
2026-10-03T05:25:00Z,4137.54491,4137.71516,4137.48514,4137.58188,
2026-10-03T05:30:00Z,4137.5453,4137.71717,4137.48335,4137.63779,
2026-10-03T05:35:00Z,4137.54558,4137.72862,4137.49347,4137.61534,
2026-10-03T05:40:00Z,4137.54345,4137.73024,4137.50182,4137.51619,
2026-10-03T05:45:00Z,4137.54696,4137.71817,4137.48372,4137.58369,
2026-10-03T05:50:00Z,4137.55378,4137.71152,4137.47888,4137.63829,
2026-10-03T05:55:00Z,4137.54695,4137.72621,4137.4805,4137.61294,
2026-10-03T06:00:00Z,4137.53323,4137.72379,4137.50324,4137.51079,
2026-10-03T06:05:00Z,4137.54216,4137.72371,4137.48318,4137.58561,
2026-10-03T06:10:00Z,4137.55381,4137.70517,4137.48905,4137.63828,
2026-10-03T06:15:00Z,4137.54559,4137.73132,4137.47906,4137.61821,
2026-10-03T06:20:00Z,4137.53504,4137.68566,4137.50862,4137.50954,
2026-10-03T06:25:00Z,4137.53399,4137.72892,4137.46184,4137.58124,
2026-10-03T06:30:00Z,4137.5435,4137.69232,4137.50381,4137.63275,
2026-10-03T06:35:00Z,4137.53739,4137.73737,4137.45281,4137.61907,
2026-10-03T06:40:00Z,4137.53006,4137.71548,4137.51517,4137.51517,
2026-10-03T06:45:00Z,4137.54491,4137.72855,4137.48681,4137.58002,
2026-10-03T06:50:00Z,4137.53648,4137.68412,4137.48842,4137.63157,
2026-10-03T06:55:00Z,4137.54144,4137.72302,4137.47337,4137.62711,
2026-10-03T07:00:00Z,4137.53522,4137.69933,4137.5114,4137.5114,
2026-10-03T07:05:00Z,4137.53879,4137.71934,4137.48269,4137.59027,
2026-10-03T07:10:00Z,4137.54163,4137.68173,4137.51458,4137.6356,
2026-10-03T07:15:00Z,4137.54361,4137.73452,4137.48319,4137.63703,
2026-10-03T07:20:00Z,4137.54364,4137.70374,4137.51974,4137.51974,
2026-10-03T07:25:00Z,4137.54631,4137.72963,4137.48758,4137.59718,
2026-10-03T07:30:00Z,4137.54341,4137.67267,4137.51104,4137.63352,
2026-10-03T07:35:00Z,4137.54556,4137.72837,4137.48192,4137.64076,
2026-10-03T07:40:00Z,4137.54367,4137.68795,4137.52038,4137.52038,
2026-10-03T07:45:00Z,4137.54339,4137.72004,4137.47983,4137.5922,
2026-10-03T07:50:00Z,4137.53264,4137.66291,4137.5168,4137.63113,
2026-10-03T07:55:00Z,4137.54585,4137.73032,4137.48334,4137.53612,
2026-10-03T08:00:00Z,4137.54386,4137.682,4137.52463,4137.52463,
2026-10-03T08:05:00Z,4137.54519,4137.72498,4137.48367,4137.5987,
2026-10-03T08:10:00Z,4137.53443,4137.66243,4137.51688,4137.62292,
2026-10-03T08:15:00Z,4137.54125,4137.72622,4137.4756,4137.53068,
2026-10-03T08:20:00Z,4137.53555,4137.67115,4137.52086,4137.52086,
2026-10-03T08:25:00Z,4137.53928,4137.71532,4137.47805,4137.60323,
2026-10-03T08:30:00Z,4137.53436,4137.67149,4137.52739,4137.61977,
2026-10-03T08:35:00Z,4137.54091,4137.72614,4137.47721,4137.52662,
2026-10-03T08:40:00Z,4137.53562,4137.66208,4137.51827,4137.52426,
2026-10-03T08:45:00Z,4137.53933,4137.71647,4137.47863,4137.60576,
2026-10-03T08:50:00Z,4137.53235,4137.67825,4137.53155,4137.61789,
2026-10-03T08:55:00Z,4137.54281,4137.72507,4137.48166,4137.52954,
2026-10-03T09:00:00Z,4137.54206,4137.6629,4137.51726,4137.53443,
2026-10-03T09:05:00Z,4137.55042,4137.73028,4137.48508,4137.62136,
2026-10-03T09:10:00Z,4137.545,4137.68892,4137.53155,4137.61215,
2026-10-03T09:15:00Z,4137.54101,4137.72309,4137.47338,4137.5188,
2026-10-03T09:20:00Z,4137.53575,4137.66807,4137.50263,4137.53176,
2026-10-03T09:25:00Z,4137.53946,4137.72958,4137.48752,4137.62324,
2026-10-03T09:30:00Z,4137.543,4137.71493,4137.53155,4137.62276,
2026-10-03T09:35:00Z,4137.55339,4137.73461,4137.49346,4137.53327,
2026-10-03T09:40:00Z,4137.55524,4137.68874,4137.51742,4137.53773,
2026-10-03T09:45:00Z,4137.554,4137.73137,4137.48937,4137.62816,
2026-10-03T09:50:00Z,4137.54496,4137.71964,4137.53155,4137.61737,
2026-10-03T09:55:00Z,4137.55524,4137.72344,4137.47341,4137.51245,
2026-10-03T10:00:00Z,4137.53586,4137.68554,4137.48992,4137.53891,
2026-10-03T10:05:00Z,4137.55159,4137.74252,4137.49404,4137.64275,
2026-10-03T10:10:00Z,4137.55783,4137.72827,4137.53155,4137.61524,
2026-10-03T10:15:00Z,4137.55536,4137.74034,4137.4968,4137.5319,
2026-10-03T10:20:00Z,4137.55692,4137.70684,4137.50789,4137.6087,
2026-10-03T10:25:00Z,4137.55566,4137.72879,4137.48542,4137.63334,
2026-10-03T10:30:00Z,4137.54493,4137.72144,4137.51505,4137.60102,
2026-10-03T10:35:00Z,4137.54708,4137.7313,4137.48568,4137.51644,
2026-10-03T10:40:00Z,4137.54385,4137.70041,4137.48078,4137.58165,
2026-10-03T10:45:00Z,4137.53967,4137.71351,4137.47805,4137.62342,
2026-10-03T10:50:00Z,4137.53196,4137.71358,4137.50055,4137.60138,
2026-10-03T10:55:00Z,4137.54363,4137.72614,4137.48042,4137.5061,
2026-10-03T11:00:00Z,4137.53596,4137.70673,4137.47723,4137.58175,
2026-10-03T11:05:00Z,4137.54019,4137.7185,4137.48366,4137.63334,
2026-10-03T11:10:00Z,4137.54115,4137.72658,4137.50215,4137.60825,
2026-10-03T11:15:00Z,4137.54531,4137.73039,4137.49319,4137.51352,
2026-10-03T11:20:00Z,4137.54387,4137.71213,4137.47666,4137.57116,
2026-10-03T11:25:00Z,4137.53991,4137.70499,4137.48015,4137.62582,
2026-10-03T11:30:00Z,4137.5319,4137.72008,4137.48455,4137.60487,
2026-10-03T11:35:00Z,4137.53497,4137.71798,4137.49037,4137.50415,
2026-10-03T11:40:00Z,4137.53497,4137.71173,4137.47333,4137.56497,
2026-10-03T11:45:00Z,4137.53497,4137.7008,4137.47745,4137.62802,
2026-10-03T11:50:00Z,4137.53497,4137.72107,4137.48036,4137.60986,
2026-10-03T11:55:00Z,4137.53497,4137.71504,4137.49639,4137.50394,
2026-10-03T12:00:00Z,4137.53497,4137.71547,4137.47291,4137.56773,
2026-10-03T12:05:00Z,4137.53497,4137.69438,4137.48085,4137.62799,
2026-10-03T12:10:00Z,4137.53497,4137.72101,4137.47708,4137.61467,
2026-10-03T12:15:00Z,4137.53497,4137.71118,4137.50319,4137.50422,
2026-10-03T12:20:00Z,4137.53497,4137.71829,4137.47346,4137.5732,
2026-10-03T12:25:00Z,4137.53497,4137.6872,4137.48516,4137.62747,
2026-10-03T12:30:00Z,4137.53497,4137.71998,4137.47473,4137.61926,
2026-10-03T12:35:00Z,4137.53497,4137.70643,4137.50497,4137.50497,
2026-10-03T12:40:00Z,4137.53497,4137.72016,4137.47497,4137.57861,
2026-10-03T12:45:00Z,4137.53497,4137.67931,4137.49035,4137.62648,
2026-10-03T12:50:00Z,4137.53497,4137.71799,4137.47334,4137.62358,
2026-10-03T12:55:00Z,4137.53497,4137.70082,4137.5062,4137.5062,
2026-10-03T13:00:00Z,4137.53497,4137.72107,4137.47744,4137.58393,
2026-10-03T13:05:00Z,4137.53497,4137.67079,4137.49636,4137.62501,
2026-10-03T13:10:00Z,4137.53497,4137.71546,4137.47291,4137.62762,
2026-10-03T13:15:00Z,4137.53497,4137.6944,4137.5079,4137.5079,
2026-10-03T13:20:00Z,4137.53497,4137.72101,4137.47709,4137.58911,
2026-10-03T13:25:00Z,4137.53497,4137.66168,4137.50317,4137.62308,
2026-10-03T13:30:00Z,4137.53497,4137.71828,4137.47345,4137.63133,
2026-10-03T13:35:00Z,4137.53497,4137.68723,4137.51006,4137.51006,
2026-10-03T13:40:00Z,4137.53497,4137.71998,4137.47474,4137.5941,
2026-10-03T13:45:00Z,4137.53497,4137.65323,4137.5107,4137.62071,
2026-10-03T13:50:00Z,4137.53497,4137.72015,4137.47496,4137.63469,
2026-10-03T13:55:00Z,4137.53497,4137.67935,4137.51265,4137.51265,
2026-10-03T14:00:00Z,4137.53497,4137.718,4137.47334,4137.59888,
2026-10-03T14:05:00Z,4137.53497,4137.66278,4137.51891,4137.61791,
2026-10-03T14:10:00Z,4137.53497,4137.72107,4137.47742,4137.53084,
2026-10-03T14:15:00Z,4137.53497,4137.67082,4137.51565,4137.51565,
2026-10-03T14:20:00Z,4137.53497,4137.71544,4137.47291,4137.60339,
2026-10-03T14:25:00Z,4137.53497,4137.67182,4137.52773,4137.6147,
2026-10-03T14:30:00Z,4137.53497,4137.72101,4137.4771,4137.52646,
2026-10-03T14:35:00Z,4137.53497,4137.66172,4137.51795,4137.51905,
2026-10-03T14:40:00Z,4137.53497,4137.71827,4137.47345,4137.60762,
2026-10-03T14:45:00Z,4137.53497,4137.68027,4137.53497,4137.61111,
2026-10-03T14:50:00Z,4137.53497,4137.71999,4137.47474,4137.52239,
2026-10-03T14:55:00Z,4137.53497,4137.65319,4137.50981,4137.52282,
2026-10-03T15:00:00Z,4137.53497,4137.72015,4137.47496,4137.61152,
2026-10-03T15:05:00Z,4137.53497,4137.68808,4137.53497,4137.60718,
2026-10-03T15:10:00Z,4137.53497,4137.71801,4137.47334,4137.51867,
2026-10-03T15:15:00Z,4137.53497,4137.66274,4137.50236,4137.52692,
2026-10-03T15:20:00Z,4137.53497,4137.72107,4137.47741,4137.61507,
2026-10-03T15:25:00Z,4137.53497,4137.69517,4137.52674,4137.60292,
2026-10-03T15:30:00Z,4137.53497,4137.71543,4137.47291,4137.51531,
2026-10-03T15:35:00Z,4137.53497,4137.67178,4137.49564,4137.53133,
2026-10-03T15:40:00Z,4137.53497,4137.72102,4137.47711,4137.61823,
2026-10-03T15:45:00Z,4137.53497,4137.7015,4137.51798,4137.59837,
2026-10-03T15:50:00Z,4137.53497,4137.71826,4137.47345,4137.51234,
2026-10-03T15:55:00Z,4137.53497,4137.68024,4137.48972,4137.59128,
2026-10-03T16:00:00Z,4137.53497,4137.72,4137.47475,4137.62099,
2026-10-03T16:05:00Z,4137.53497,4137.70701,4137.50985,4137.59357,
2026-10-03T16:10:00Z,4137.53497,4137.72014,4137.47495,4137.5098,
2026-10-03T16:15:00Z,4137.53497,4137.68805,4137.48463,4137.58595,
2026-10-03T16:20:00Z,4137.53497,4137.71802,4137.47335,4137.62332,
2026-10-03T16:25:00Z,4137.53497,4137.71166,4137.50239,4137.58906,
2026-10-03T16:30:00Z,4137.53497,4137.72106,4137.4774,4137.5077,
2026-10-03T16:35:00Z,4137.53497,4137.69514,4137.48042,4137.58063,
2026-10-03T16:40:00Z,4137.53497,4137.71509,4137.47291,4137.62519,
2026-10-03T16:45:00Z,4137.53497,4137.71542,4137.49567,4137.59438,
2026-10-03T16:50:00Z,4137.53497,4137.72102,4137.48079,4137.50605,
2026-10-03T16:55:00Z,4137.53497,4137.70147,4137.47712,4137.57534,
2026-10-03T17:00:00Z,4137.53497,4137.71125,4137.47344,4137.62661,
2026-10-03T17:05:00Z,4137.53497,4137.71825,4137.48974,4137.59962,
2026-10-03T17:10:00Z,4137.53497,4137.72,4137.48508,4137.50487,
2026-10-03T17:15:00Z,4137.53497,4137.70699,4137.47476,4137.57014,
2026-10-03T17:20:00Z,4137.53497,4137.70651,4137.47494,4137.62755,
2026-10-03T17:25:00Z,4137.53497,4137.72014,4137.48465,4137.60477,
2026-10-03T17:30:00Z,4137.53497,4137.71803,4137.49025,4137.50416,
2026-10-03T17:35:00Z,4137.53497,4137.71164,4137.47335,4137.56506,
2026-10-03T17:40:00Z,4137.53497,4137.70092,4137.47739,4137.62802,
2026-10-03T17:45:00Z,4137.53497,4137.72106,4137.48044,4137.60976,
2026-10-03T17:50:00Z,4137.53497,4137.71511,4137.49626,4137.50394,
2026-10-03T17:55:00Z,4137.53497,4137.7154,4137.47291,4137.56762,
2026-10-03T18:00:00Z,4137.53497,4137.69451,4137.48077,4137.628,
2026-10-03T18:05:00Z,4137.53497,4137.72102,4137.47713,4137.61457,
2026-10-03T18:10:00Z,4137.53497,4137.71127,4137.50305,4137.50421,
2026-10-03T18:15:00Z,4137.53497,4137.71824,4137.47344,4137.57309,
2026-10-03T18:20:00Z,4137.53497,4137.68735,4137.48506,4137.62749,
2026-10-03T18:25:00Z,4137.53497,4137.72001,4137.47477,4137.61917,
2026-10-03T18:30:00Z,4137.53497,4137.70653,4137.50495,4137.50495,
2026-10-03T18:35:00Z,4137.53497,4137.72013,4137.47493,4137.5785,
2026-10-03T18:40:00Z,4137.53497,4137.67948,4137.49023,4137.6265,
2026-10-03T18:45:00Z,4137.53497,4137.71804,4137.47336,4137.6235,
2026-10-03T18:50:00Z,4137.53497,4137.70094,4137.50617,4137.50617,
2026-10-03T18:55:00Z,4137.53497,4137.72106,4137.47738,4137.58382,
2026-10-03T19:00:00Z,4137.53497,4137.67097,4137.49623,4137.62505,
2026-10-03T19:05:00Z,4137.53497,4137.71539,4137.47291,4137.62754,
2026-10-03T19:10:00Z,4137.53497,4137.69454,4137.50786,4137.50786,
2026-10-03T19:15:00Z,4137.53497,4137.72102,4137.47715,4137.589,
2026-10-03T19:20:00Z,4137.53497,4137.66188,4137.50302,4137.62313,
2026-10-03T19:25:00Z,4137.53497,4137.71823,4137.47343,4137.63126,
2026-10-03T19:30:00Z,4137.53497,4137.68738,4137.51001,4137.51001,
2026-10-03T19:35:00Z,4137.53497,4137.72002,4137.47478,4137.594,
2026-10-03T19:40:00Z,4137.53497,4137.65303,4137.51054,4137.62076,
2026-10-03T19:45:00Z,4137.53497,4137.72013,4137.47492,4137.63462,
2026-10-03T19:50:00Z,4137.53497,4137.67951,4137.51259,4137.51259,
2026-10-03T19:55:00Z,4137.53497,4137.71805,4137.47336,4137.59878,
2026-10-03T20:00:00Z,4137.53497,4137.66259,4137.51874,4137.61797,
2026-10-03T20:05:00Z,4137.53497,4137.72106,4137.47736,4137.53093,
2026-10-03T20:10:00Z,4137.53497,4137.671,4137.51559,4137.51559,
2026-10-03T20:15:00Z,4137.53497,4137.71538,4137.47291,4137.6033,
2026-10-03T20:20:00Z,4137.53497,4137.67164,4137.52755,4137.61477,
2026-10-03T20:25:00Z,4137.53497,4137.72102,4137.47716,4137.52655,
2026-10-03T20:30:00Z,4137.53497,4137.66191,4137.51812,4137.51898,
2026-10-03T20:35:00Z,4137.53497,4137.71822,4137.47343,4137.60754,
2026-10-03T20:40:00Z,4137.53497,4137.68011,4137.53497,4137.61119,
2026-10-03T20:45:00Z,4137.53497,4137.72002,4137.47478,4137.52247,
2026-10-03T20:50:00Z,4137.53497,4137.65299,4137.50997,4137.52274,
2026-10-03T20:55:00Z,4137.53497,4137.72012,4137.47491,4137.61145,
2026-10-03T21:00:00Z,4137.53497,4137.68792,4137.53497,4137.60726,
2026-10-03T21:05:00Z,4137.53497,4137.71806,4137.47336,4137.51874,
2026-10-03T21:10:00Z,4137.53497,4137.66255,4137.5025,4137.52684,
2026-10-03T21:15:00Z,4137.53497,4137.72106,4137.47735,4137.615,
2026-10-03T21:20:00Z,4137.53497,4137.69503,4137.52693,4137.60301,
2026-10-03T21:25:00Z,4137.53497,4137.71536,4137.47291,4137.51537,
2026-10-03T21:30:00Z,4137.53497,4137.6716,4137.49577,4137.53124,
2026-10-03T21:35:00Z,4137.53497,4137.72103,4137.47717,4137.61817,
2026-10-03T21:40:00Z,4137.53497,4137.70137,4137.51816,4137.59846,
2026-10-03T21:45:00Z,4137.53497,4137.71821,4137.47343,4137.5124,
2026-10-03T21:50:00Z,4137.53497,4137.68007,4137.48983,4137.59139,
2026-10-03T21:55:00Z,4137.53497,4137.72351,4137.47829,4137.62426,
2026-10-03T22:00:00Z,4137.5384,4137.71013,4137.51373,4137.59728,
2026-10-03T22:05:00Z,4137.5384,4137.72348,4137.47826,4137.51336,
2026-10-03T22:10:00Z,4137.5384,4137.69103,4137.48833,4137.58969,
2026-10-03T22:15:00Z,4137.5384,4137.72159,4137.47683,4137.62661,
2026-10-03T22:20:00Z,4137.5384,4137.71483,4137.50623,4137.59227,
2026-10-03T22:25:00Z,4137.5384,4137.72446,4137.48065,4137.51123,
2026-10-03T22:30:00Z,4137.5384,4137.69817,4137.48407,4137.58436,
2026-10-03T22:35:00Z,4137.5384,4137.71872,4137.47633,4137.62852,
2026-10-03T22:40:00Z,4137.5384,4137.71864,4137.49947,4137.59748,
2026-10-03T22:45:00Z,4137.5384,4137.72447,4137.48399,4137.50956,
2026-10-03T22:50:00Z,4137.5384,4137.70454,4137.48072,4137.57907,
2026-10-03T22:55:00Z,4137.5384,4137.71492,4137.47681,4137.62996,
2026-10-03T23:00:00Z,4137.5384,4137.72153,4137.49349,4137.60274,
2026-10-03T23:05:00Z,4137.5384,4137.72351,4137.48823,4137.50835,
2026-10-03T23:10:00Z,4137.5384,4137.71011,4137.4783,4137.57387,
2026-10-03T23:15:00Z,4137.5384,4137.71024,4137.47825,4137.63094,
2026-10-03T23:20:00Z,4137.5384,4137.72348,4137.48835,4137.60789,
2026-10-03T23:25:00Z,4137.5384,4137.7216,4137.49335,4137.50761,
2026-10-03T23:30:00Z,4137.5384,4137.71482,4137.47683,4137.56879,
2026-10-03T23:35:00Z,4137.5384,4137.7047,4137.48064,4137.63143,
2026-10-03T23:40:00Z,4137.5384,4137.72446,4137.48408,4137.6129,
2026-10-03T23:45:00Z,4137.5384,4137.71873,4137.4993,4137.50736,
2026-10-03T23:50:00Z,4137.5384,4137.71863,4137.47633,4137.57072,
2026-10-03T23:55:00Z,4137.5384,4137.69834,4137.48397,4137.63143,
2026-10-04T00:00:00Z,4137.5384,4137.72447,4137.48073,4137.61772,
2026-10-04T00:05:00Z,4137.5384,4137.71494,4137.50605,4137.5076,
2026-10-04T00:10:00Z,4137.5384,4137.72152,4137.4768,4137.57619,
2026-10-04T00:15:00Z,4137.5384,4137.69122,4137.48821,4137.63096,
2026-10-04T00:20:00Z,4137.5384,4137.72352,4137.4783,4137.62232,
2026-10-04T00:25:00Z,4137.5384,4137.71026,4137.50832,4137.50832,
2026-10-04T00:30:00Z,4137.5384,4137.72347,4137.47824,4137.58161,
2026-10-04T00:35:00Z,4137.5384,4137.68339,4137.49333,4137.63,
2026-10-04T00:40:00Z,4137.5384,4137.7216,4137.47684,4137.62667,
2026-10-04T00:45:00Z,4137.5384,4137.70472,4137.50951,4137.50951,
2026-10-04T00:50:00Z,4137.5384,4137.72446,4137.48063,4137.58693,
2026-10-04T00:55:00Z,4137.5384,4137.67491,4137.49928,4137.62857,
2026-10-04T01:00:00Z,4137.5384,4137.71874,4137.47633,4137.63074,
2026-10-04T01:05:00Z,4137.5384,4137.69837,4137.51118,4137.51118,
2026-10-04T01:10:00Z,4137.5384,4137.72448,4137.48074,4137.59212,
2026-10-04T01:15:00Z,4137.5384,4137.66585,4137.50602,4137.62668,
2026-10-04T01:20:00Z,4137.5384,4137.72151,4137.4768,4137.63447,
2026-10-04T01:25:00Z,4137.5384,4137.69125,4137.51329,4137.51329,
2026-10-04T01:30:00Z,4137.5384,4137.72353,4137.47831,4137.59713,
2026-10-04T01:35:00Z,4137.5384,4137.65628,4137.5135,4137.62434,
2026-10-04T01:40:00Z,4137.5384,4137.72346,4137.47823,4137.63786,
2026-10-04T01:45:00Z,4137.5384,4137.68342,4137.51585,4137.51585,
2026-10-04T01:50:00Z,4137.5384,4137.72161,4137.47684,4137.60193,
2026-10-04T01:55:00Z,4137.5384,4137.66546,4137.52166,4137.62157,
2026-10-04T02:00:00Z,4137.5384,4137.72446,4137.48062,4137.53462,
2026-10-04T02:05:00Z,4137.5384,4137.67495,4137.51882,4137.51882,
2026-10-04T02:10:00Z,4137.5384,4137.71876,4137.47633,4137.60647,
2026-10-04T02:15:00Z,4137.5384,4137.67454,4137.53043,4137.61839,
2026-10-04T02:20:00Z,4137.5384,4137.72448,4137.48075,4137.53022,
2026-10-04T02:25:00Z,4137.5384,4137.66589,4137.52205,4137.52219,
2026-10-04T02:30:00Z,4137.5384,4137.7215,4137.4768,4137.61072,
2026-10-04T02:35:00Z,4137.5384,4137.68305,4137.5384,4137.61484,
2026-10-04T02:40:00Z,4137.5384,4137.72353,4137.47832,4137.52613,
2026-10-04T02:45:00Z,4137.5384,4137.65632,4137.51386,4137.52593,
2026-10-04T02:50:00Z,4137.5384,4137.72346,4137.47822,4137.61465,
2026-10-04T02:55:00Z,4137.5384,4137.6909,4137.5384,4137.61093,
2026-10-04T03:00:00Z,4137.5384,4137.72162,4137.47684,4137.52237,
2026-10-04T03:05:00Z,4137.5384,4137.66542,4137.50635,4137.53001,
2026-10-04T03:10:00Z,4137.5384,4137.72445,4137.48061,4137.61823,
2026-10-04T03:15:00Z,4137.5384,4137.69806,4137.53089,4137.60669,
2026-10-04T03:20:00Z,4137.5384,4137.71877,4137.47633,4137.51898,
2026-10-04T03:25:00Z,4137.5384,4137.67451,4137.49957,4137.5344,
2026-10-04T03:30:00Z,4137.5384,4137.72448,4137.48076,4137.62142,
2026-10-04T03:35:00Z,4137.5384,4137.70445,4137.52208,4137.60216,
2026-10-04T03:40:00Z,4137.5384,4137.72149,4137.47679,4137.51599,
2026-10-04T03:45:00Z,4137.5384,4137.68301,4137.49358,4137.59513,
2026-10-04T03:50:00Z,4137.5384,4137.72354,4137.47833,4137.62421,
2026-10-04T03:55:00Z,4137.5384,4137.71002,4137.51389,4137.59738,
2026-10-04T04:00:00Z,4137.5384,4137.72345,4137.47822,4137.51341,
2026-10-04T04:05:00Z,4137.5384,4137.69087,4137.48843,4137.5898,
2026-10-04T04:10:00Z,4137.5384,4137.72163,4137.47685,4137.62657,
2026-10-04T04:15:00Z,4137.5384,4137.71475,4137.50638,4137.59238,
2026-10-04T04:20:00Z,4137.5384,4137.72445,4137.48059,4137.51127,
2026-10-04T04:25:00Z,4137.5384,4137.69803,4137.48415,4137.58447,
2026-10-04T04:30:00Z,4137.5384,4137.71878,4137.47633,4137.62849,
2026-10-04T04:35:00Z,4137.5384,4137.71858,4137.4996,4137.59738,
2026-10-04T04:40:00Z,4137.5384,4137.72448,4137.48391,4137.50959,
2026-10-04T04:45:00Z,4137.5384,4137.70442,4137.48077,4137.57918,
2026-10-04T04:50:00Z,4137.5384,4137.71501,4137.47679,4137.62994,
2026-10-04T04:55:00Z,4137.5384,4137.72148,4137.4936,4137.60263,
2026-10-04T05:00:00Z,4137.5384,4137.72354,4137.48813,4137.50837,
2026-10-04T05:05:00Z,4137.5384,4137.71,4137.47834,4137.57397,
2026-10-04T05:10:00Z,4137.5384,4137.71034,4137.47821,4137.63092,
2026-10-04T05:15:00Z,4137.5384,4137.72345,4137.48845,4137.60778,
2026-10-04T05:20:00Z,4137.5384,4137.72164,4137.49323,4137.50762,
2026-10-04T05:25:00Z,4137.5384,4137.71473,4137.47685,4137.56889,
2026-10-04T05:30:00Z,4137.5384,4137.70482,4137.48058,4137.63142,
2026-10-04T05:35:00Z,4137.5384,4137.72445,4137.48416,4137.61279,
2026-10-04T05:40:00Z,4137.5384,4137.7188,4137.49917,4137.50737,
2026-10-04T05:45:00Z,4137.5384,4137.71856,4137.47633,4137.57061,
2026-10-04T05:50:00Z,4137.5384,4137.69848,4137.48389,4137.63144,
2026-10-04T05:55:00Z,4137.5384,4137.72448,4137.48079,4137.61762,
2026-10-04T06:00:00Z,4137.5384,4137.71503,4137.5059,4137.50759,
2026-10-04T06:05:00Z,4137.5384,4137.72147,4137.47678,4137.57608,
2026-10-04T06:10:00Z,4137.5384,4137.69137,4137.48811,4137.63097,
2026-10-04T06:15:00Z,4137.5384,4137.72355,4137.47834,4137.62223,
2026-10-04T06:20:00Z,4137.5384,4137.71036,4137.5083,4137.5083,
2026-10-04T06:25:00Z,4137.5384,4137.72344,4137.4782,4137.5815,
2026-10-04T06:30:00Z,4137.5384,4137.68356,4137.49321,4137.63002,
2026-10-04T06:35:00Z,4137.5384,4137.72165,4137.47686,4137.62659,
2026-10-04T06:40:00Z,4137.5384,4137.70484,4137.50948,4137.50948,
2026-10-04T06:45:00Z,4137.5384,4137.72445,4137.48057,4137.58683,
2026-10-04T06:50:00Z,4137.5384,4137.67509,4137.49915,4137.6286,
2026-10-04T06:55:00Z,4137.5384,4137.71881,4137.47633,4137.63065,
2026-10-04T07:00:00Z,4137.5384,4137.69851,4137.51114,4137.51114,
2026-10-04T07:05:00Z,4137.5384,4137.72448,4137.4808,4137.59202,
2026-10-04T07:10:00Z,4137.5384,4137.66604,4137.50587,4137.62672,
2026-10-04T07:15:00Z,4137.5384,4137.72146,4137.47678,4137.6344,
2026-10-04T07:20:00Z,4137.5384,4137.6914,4137.51325,4137.51325,
2026-10-04T07:25:00Z,4137.5384,4137.72355,4137.47835,4137.59703,
2026-10-04T07:30:00Z,4137.5384,4137.65648,4137.51334,4137.62439,
2026-10-04T07:35:00Z,4137.5384,4137.72343,4137.47819,4137.63779,
2026-10-04T07:40:00Z,4137.5384,4137.68359,4137.51579,4137.51579,
2026-10-04T07:45:00Z,4137.5384,4137.72166,4137.47686,4137.60183,
2026-10-04T07:50:00Z,4137.5384,4137.66527,4137.52148,4137.62163,
2026-10-04T07:55:00Z,4137.5384,4137.72444,4137.48056,4137.53472,
2026-10-04T08:00:00Z,4137.5384,4137.67513,4137.51876,4137.51876,
2026-10-04T08:05:00Z,4137.5384,4137.71883,4137.47633,4137.60638,
2026-10-04T08:10:00Z,4137.5384,4137.67436,4137.53025,4137.61846,
2026-10-04T08:15:00Z,4137.5384,4137.72449,4137.48081,4137.53031,
2026-10-04T08:20:00Z,4137.5384,4137.66608,4137.52212,4137.52212,
2026-10-04T08:25:00Z,4137.5384,4137.72145,4137.47678,4137.61064,
2026-10-04T08:30:00Z,4137.5384,4137.68288,4137.5384,4137.61491,
2026-10-04T08:35:00Z,4137.5384,4137.72356,4137.47836,4137.52621,
2026-10-04T08:40:00Z,4137.5384,4137.65652,4137.51402,4137.52585,
2026-10-04T08:45:00Z,4137.5384,4137.72343,4137.47819,4137.61457,
2026-10-04T08:50:00Z,4137.5384,4137.69075,4137.5384,4137.61101,
2026-10-04T08:55:00Z,4137.5384,4137.72167,4137.47687,4137.52245,
2026-10-04T09:00:00Z,4137.5384,4137.66523,4137.5065,4137.52992,
2026-10-04T09:05:00Z,4137.5384,4137.72444,4137.48055,4137.61816,
2026-10-04T09:10:00Z,4137.5384,4137.69792,4137.53107,4137.60678,
2026-10-04T09:15:00Z,4137.5384,4137.71884,4137.47633,4137.51905,
2026-10-04T09:20:00Z,4137.5384,4137.67433,4137.4997,4137.5343,
2026-10-04T09:25:00Z,4137.5384,4137.72449,4137.48082,4137.62136,
2026-10-04T09:30:00Z,4137.5384,4137.70432,4137.52226,4137.60226,
2026-10-04T09:35:00Z,4137.5384,4137.72144,4137.47677,4137.51605,
2026-10-04T09:40:00Z,4137.5384,4137.68284,4137.4937,4137.59524,
2026-10-04T09:45:00Z,4137.5384,4137.72357,4137.47837,4137.62416,
2026-10-04T09:50:00Z,4137.5384,4137.70992,4137.51405,4137.59748,
2026-10-04T09:55:00Z,4137.5384,4137.72342,4137.47818,4137.51346,
2026-10-04T10:00:00Z,4137.5384,4137.69072,4137.48852,4137.58991,
2026-10-04T10:05:00Z,4137.5384,4137.72168,4137.47687,4137.62653,
2026-10-04T10:10:00Z,4137.5384,4137.71466,4137.50652,4137.59248,
2026-10-04T10:15:00Z,4137.5384,4137.72444,4137.48054,4137.51131,
2026-10-04T10:20:00Z,4137.5384,4137.69789,4137.48423,4137.58458,
2026-10-04T10:25:00Z,4137.5384,4137.71885,4137.47633,4137.62845,
2026-10-04T10:30:00Z,4137.5384,4137.71851,4137.49973,4137.59727,
2026-10-04T10:35:00Z,4137.5384,4137.72449,4137.48383,4137.50962,
2026-10-04T10:40:00Z,4137.5384,4137.7043,4137.48083,4137.57929,
2026-10-04T10:45:00Z,4137.5384,4137.7151,4137.47677,4137.62991,
2026-10-04T10:50:00Z,4137.5384,4137.72143,4137.49372,4137.60252,
2026-10-04T10:55:00Z,4137.5384,4137.72357,4137.48804,4137.50839,
2026-10-04T11:00:00Z,4137.5384,4137.7099,4137.47838,4137.57408,
2026-10-04T11:05:00Z,4137.5384,4137.71045,4137.47817,4137.63091,
2026-10-04T11:10:00Z,4137.5384,4137.72342,4137.48854,4137.60768,
2026-10-04T11:15:00Z,4137.5384,4137.72169,4137.49312,4137.50763,
2026-10-04T11:20:00Z,4137.5384,4137.71464,4137.47687,4137.56899,
2026-10-04T11:25:00Z,4137.5384,4137.70494,4137.48052,4137.63142,
2026-10-04T11:30:00Z,4137.5384,4137.72444,4137.48424,4137.6127,
2026-10-04T11:35:00Z,4137.5384,4137.71887,4137.49904,4137.50737,
2026-10-04T11:40:00Z,4137.5384,4137.71849,4137.47634,4137.57049,
2026-10-04T11:45:00Z,4137.5384,4137.69862,4137.48382,4137.63144,
2026-10-04T11:50:00Z,4137.5384,4137.72449,4137.48085,4137.61752,
2026-10-04T11:55:00Z,4137.5384,4137.71512,4137.50576,4137.50758,
2026-10-04T12:00:00Z,4137.5384,4137.72142,4137.47677,4137.57597,
2026-10-04T12:05:00Z,4137.5384,4137.69152,4137.48802,4137.63099,
2026-10-04T12:10:00Z,4137.5384,4137.72358,4137.47839,4137.62214,
2026-10-04T12:15:00Z,4137.5384,4137.71047,4137.50828,4137.50828,
2026-10-04T12:20:00Z,4137.5384,4137.72341,4137.47816,4137.58139,
2026-10-04T12:25:00Z,4137.5384,4137.68372,4137.4931,4137.63005,
2026-10-04T12:30:00Z,4137.5384,4137.7217,4137.47688,4137.6265,
2026-10-04T12:35:00Z,4137.5384,4137.70496,4137.50945,4137.50945,
2026-10-04T12:40:00Z,4137.5384,4137.72444,4137.48051,4137.58672,
2026-10-04T12:45:00Z,4137.5384,4137.67527,4137.49902,4137.62864,
2026-10-04T12:50:00Z,4137.5384,4137.71888,4137.47634,4137.63058,
2026-10-04T12:55:00Z,4137.5384,4137.69864,4137.5111,4137.5111,
2026-10-04T13:00:00Z,4137.5384,4137.72449,4137.48086,4137.59191,
2026-10-04T13:05:00Z,4137.5384,4137.66623,4137.50573,4137.62676,
2026-10-04T13:10:00Z,4137.5384,4137.72141,4137.47676,4137.63432,
2026-10-04T13:15:00Z,4137.5384,4137.69155,4137.5132,4137.5132,
2026-10-04T13:20:00Z,4137.5384,4137.72358,4137.47839,4137.59693,
2026-10-04T13:25:00Z,4137.5384,4137.65668,4137.51318,4137.62444,
2026-10-04T13:30:00Z,4137.5384,4137.7234,4137.47815,4137.63773,
2026-10-04T13:35:00Z,4137.5384,4137.68376,4137.51574,4137.51574,
2026-10-04T13:40:00Z,4137.5384,4137.72171,4137.47688,4137.60174,
2026-10-04T13:45:00Z,4137.5384,4137.66508,4137.52131,4137.62169,
2026-10-04T13:50:00Z,4137.5384,4137.72443,4137.4805,4137.53481,
2026-10-04T13:55:00Z,4137.5384,4137.67531,4137.51869,4137.51869,
2026-10-04T14:00:00Z,4137.5384,4137.71889,4137.47634,4137.60629,
2026-10-04T14:05:00Z,4137.5384,4137.67418,4137.53006,4137.61853,
2026-10-04T14:10:00Z,4137.5384,4137.7245,4137.48087,4137.5304,
2026-10-04T14:15:00Z,4137.5384,4137.66627,4137.52205,4137.52205,
2026-10-04T14:20:00Z,4137.5384,4137.7214,4137.47676,4137.61055,
2026-10-04T14:25:00Z,4137.5384,4137.68271,4137.5384,4137.61499,
2026-10-04T14:30:00Z,4137.5384,4137.72359,4137.4784,4137.52629,
2026-10-04T14:35:00Z,4137.5384,4137.65672,4137.51418,4137.52577,
2026-10-04T14:40:00Z,4137.5384,4137.7234,4137.47815,4137.6145,
2026-10-04T14:45:00Z,4137.5384,4137.6906,4137.5384,4137.61109,
2026-10-04T14:50:00Z,4137.5384,4137.72172,4137.47689,4137.52252,
2026-10-04T14:55:00Z,4137.5384,4137.66504,4137.50664,4137.52984,
2026-10-04T15:00:00Z,4137.5384,4137.72443,4137.48049,4137.61809,
2026-10-04T15:05:00Z,4137.5384,4137.69778,4137.53126,4137.60687,
2026-10-04T15:10:00Z,4137.5384,4137.71891,4137.47634,4137.51912,
2026-10-04T15:15:00Z,4137.5384,4137.67415,4137.49983,4137.53421,
2026-10-04T15:20:00Z,4137.5384,4137.7245,4137.48088,4137.6213,
2026-10-04T15:25:00Z,4137.5384,4137.7042,4137.52243,4137.60235,
2026-10-04T15:30:00Z,4137.5384,4137.72139,4137.47675,4137.5161,
2026-10-04T15:35:00Z,4137.5384,4137.68268,4137.49381,4137.59534,
2026-10-04T15:40:00Z,4137.5384,4137.72359,4137.47841,4137.6241,
2026-10-04T15:45:00Z,4137.5384,4137.70981,4137.51422,4137.59758,
2026-10-04T15:50:00Z,4137.5384,4137.72339,4137.47814,4137.51351,
2026-10-04T15:55:00Z,4137.5384,4137.69056,4137.48862,4137.59002,
2026-10-04T16:00:00Z,4137.5384,4137.72173,4137.47689,4137.62648,
2026-10-04T16:05:00Z,4137.5384,4137.71457,4137.50667,4137.59259,
2026-10-04T16:10:00Z,4137.5384,4137.72443,4137.48048,4137.51135,
2026-10-04T16:15:00Z,4137.5384,4137.69775,4137.4843,4137.58468,
2026-10-04T16:20:00Z,4137.5384,4137.71892,4137.47634,4137.62842,
2026-10-04T16:25:00Z,4137.5384,4137.71844,4137.49986,4137.59716,
2026-10-04T16:30:00Z,4137.5384,4137.7245,4137.48376,4137.50965,
2026-10-04T16:35:00Z,4137.5384,4137.70417,4137.48089,4137.5794,
2026-10-04T16:40:00Z,4137.5384,4137.71518,4137.47675,4137.62989,
2026-10-04T16:45:00Z,4137.5384,4137.72138,4137.49383,4137.60242,
2026-10-04T16:50:00Z,4137.5384,4137.7236,4137.48794,4137.50841,
2026-10-04T16:55:00Z,4137.5384,4137.70979,4137.47842,4137.57419,
2026-10-04T17:00:00Z,4137.5384,4137.71055,4137.47813,4137.63089,
2026-10-04T17:05:00Z,4137.5384,4137.72338,4137.48864,4137.60758,
2026-10-04T17:10:00Z,4137.5384,4137.72174,4137.49301,4137.50765,
2026-10-04T17:15:00Z,4137.5384,4137.71455,4137.47689,4137.56909,
2026-10-04T17:20:00Z,4137.5384,4137.70506,4137.48047,4137.63141,
2026-10-04T17:25:00Z,4137.5384,4137.72443,4137.48432,4137.61259,
2026-10-04T17:30:00Z,4137.5384,4137.71893,4137.49891,4137.50737,
2026-10-04T17:35:00Z,4137.5384,4137.71842,4137.47634,4137.57038,
2026-10-04T17:40:00Z,4137.5384,4137.69875,4137.48374,4137.63145,
2026-10-04T17:45:00Z,4137.5384,4137.7245,4137.48091,4137.61742,
2026-10-04T17:50:00Z,4137.5384,4137.7152,4137.50561,4137.50757,
2026-10-04T17:55:00Z,4137.5384,4137.72137,4137.47675,4137.57586,
2026-10-04T18:00:00Z,4137.5384,4137.69652,4137.49279,4137.63618,
2026-10-04T18:05:00Z,4137.54353,4137.73738,4137.49244,4137.64222,
2026-10-04T18:10:00Z,4137.55731,4137.73227,4137.5286,4137.5286,
2026-10-04T18:15:00Z,4137.55894,4137.74015,4137.49655,4137.59554,
2026-10-04T18:20:00Z,4137.55369,4137.68825,4137.49791,4137.63356,
2026-10-04T18:25:00Z,4137.54149,4137.73611,4137.4907,4137.64779,
2026-10-04T18:30:00Z,4137.55744,4137.7166,4137.5281,4137.5281,
2026-10-04T18:35:00Z,4137.55557,4137.73632,4137.49172,4137.58832,
2026-10-04T18:40:00Z,4137.5402,4137.63996,4137.36036,4137.56141,
2026-10-04T18:45:00Z,4137.46385,4137.72855,4137.46385,4137.64424,
2026-10-04T18:50:00Z,4137.55059,4137.70602,4137.51605,4137.51605,
2026-10-04T18:55:00Z,4137.54385,4137.73653,4137.49371,4137.60481,
2026-10-04T19:00:00Z,4137.55221,4137.67966,4137.51662,4137.63907,
2026-10-04T19:05:00Z,4137.55038,4137.7481,4137.49877,4137.54375,
2026-10-04T19:10:00Z,4137.5592,4137.70012,4137.53155,4137.53164,
2026-10-04T19:15:00Z,4137.55505,4137.72877,4137.48926,4137.60805,
2026-10-04T19:20:00Z,4137.55023,4137.67399,4137.52537,4137.64029,
2026-10-04T19:25:00Z,4137.55411,4137.73853,4137.4915,4137.53939,
2026-10-04T19:30:00Z,4137.55193,4137.69108,4137.51889,4137.51889,
2026-10-04T19:35:00Z,4137.54242,4137.72694,4137.48039,4137.60326,
2026-10-04T19:40:00Z,4137.54011,4137.66984,4137.53155,4137.63761,
2026-10-04T19:45:00Z,4137.55409,4137.73287,4137.495,4137.53647,
2026-10-04T19:50:00Z,4137.54848,4137.69053,4137.53155,4137.53165,
2026-10-04T19:55:00Z,4137.55209,4137.73138,4137.48663,4137.61604,
2026-10-04T20:00:00Z,4137.54887,4137.6817,4137.53155,4137.63281,
2026-10-04T20:05:00Z,4137.55209,4137.73996,4137.49516,4137.53621,
2026-10-04T20:10:00Z,4137.55209,4137.68466,4137.53155,4137.53156,
2026-10-04T20:15:00Z,4137.54973,4137.73621,4137.49543,4137.62499,
2026-10-04T20:20:00Z,4137.55336,4138.04519,4137.47973,4138.01432,
2026-10-04T20:25:00Z,4137.8921,4137.8921,4137.50854,4137.54036,
2026-10-04T20:30:00Z,4137.56727,4137.68029,4137.53155,4137.53818,
2026-10-04T20:35:00Z,4137.56334,4137.73675,4137.49492,4137.62752,
2026-10-04T20:40:00Z,4137.55209,4137.70125,4137.53155,4137.62721,
2026-10-04T20:45:00Z,4137.55404,4137.73753,4137.4908,4137.53345,
2026-10-04T20:50:00Z,4137.5526,4137.68204,4137.5236,4137.53726,
2026-10-04T20:55:00Z,4137.55678,4137.73968,4137.49362,4137.63309,
2026-10-04T21:00:00Z,4137.55487,4137.72124,4137.52138,4137.64776,
2026-10-04T21:05:00Z,4137.57906,4137.73831,4137.49178,4137.53288,
2026-10-04T21:10:00Z,4137.55462,4137.6808,4137.5186,4137.53478,
2026-10-04T21:15:00Z,4137.54485,4137.73137,4137.44865,4137.62917,
2026-10-04T21:20:00Z,4137.55196,4137.69084,4137.48982,4137.59028,
2026-10-04T21:25:00Z,4137.52551,4139.32243,4135.84425,4138.72359,
2026-10-04T21:30:00Z,4137.37523,4142.84531,4137.37523,4142.75597,
2026-10-04T21:35:00Z,4142.50421,4143.07825,4142.50421,4143.03902,
2026-10-04T21:40:00Z,4142.94872,4143.18658,4142.92591,4142.98936,
2026-10-04T21:45:00Z,4142.98199,4143.0616,4142.94305,4142.94305,
2026-10-04T21:50:00Z,4142.95406,4143.12314,4142.70748,4143.08167,
2026-10-04T21:55:00Z,4142.97704,4142.97704,4142.67368,4142.80951,
2026-10-04T22:00:00Z,4142.73032,4144.73412,4130.36767,4141.31733,
2026-10-04T22:05:00Z,4141.67843,4145.42138,4140.44386,4142.24799,
2026-10-04T22:10:00Z,4142.4544,4143.53195,4142.15889,4142.29893,
2026-10-04T22:15:00Z,4142.5095,4142.5095,4138.55895,4139.70432,
2026-10-04T22:20:00Z,4139.61402,4140.10866,4139.52961,4140.00224,
2026-10-04T22:25:00Z,4139.94559,4141.02496,4138.82477,4140.92254,
2026-10-04T22:30:00Z,4140.58558,4142.28362,4140.58558,4142.13871,
2026-10-04T22:35:00Z,4141.67586,4143.70364,4141.37132,4143.17794,
2026-10-04T22:40:00Z,4143.09218,4143.09218,4141.98733,4142.59461,
2026-10-04T22:45:00Z,4142.38614,4147.74028,4142.38614,4147.21104,
2026-10-04T22:50:00Z,4145.98365,4148.51691,4145.98365,4147.36755,
2026-10-04T22:55:00Z,4147.37009,4148.34481,4147.37009,4147.81553,
2026-10-04T23:00:00Z,4147.85438,4147.93267,4144.39057,4144.66046,
2026-10-04T23:05:00Z,4145.1705,4145.29685,4144.21881,4144.7153,
2026-10-04T23:10:00Z,4144.60615,4145.50208,4142.146,4145.05238,
2026-10-04T23:15:00Z,4144.48052,4146.42803,4143.87535,4145.58365,
2026-10-04T23:20:00Z,4144.89225,4146.7966,4144.89225,4145.11941,
2026-10-04T23:25:00Z,4145.10665,4145.93698,4144.73412,4145.85076,
2026-10-04T23:30:00Z,4145.63086,4145.77695,4143.87535,4144.19237,
2026-10-04T23:35:00Z,4144.27772,4145.11289,4144.27772,4144.63398,
2026-10-04T23:40:00Z,4144.47984,4145.59323,4144.2841,4144.51809,
2026-10-04T23:45:00Z,4144.75887,4144.75887,4141.04744,4141.45918,
2026-10-04T23:50:00Z,4142.34183,4142.34183,4140.44386,4141.97699,
2026-10-04T23:55:00Z,4141.80913,4142.75422,4140.95822,4142.54287,
2026-10-05T00:00:00Z,4142.07836,4149.62986,4142.0624,4149.03109,
2026-10-05T00:05:00Z,4148.14371,4150.23864,4148.14371,4148.58851,
2026-10-05T00:10:00Z,4148.82636,4152.47903,4147.42669,4148.91647,
2026-10-05T00:15:00Z,4149.59051,4154.569,4146.47582,4149.91512,
2026-10-05T00:20:00Z,4148.39301,4156.78525,4148.39301,4156.36838,
2026-10-05T00:25:00Z,4155.56889,4156.96708,4155.02351,4155.32286,
2026-10-05T00:30:00Z,4155.86823,4155.86823,4152.79674,4152.90776,
2026-10-05T00:35:00Z,4153.09014,4153.6987,4152.47903,4153.51986,
2026-10-05T00:40:00Z,4153.28237,4154.16621,4151.67117,4152.773,
2026-10-05T00:45:00Z,4152.57378,4155.95019,4152.57378,4155.60275,
2026-10-05T00:50:00Z,4155.10867,4156.44873,4154.56755,4155.84236,
2026-10-05T00:55:00Z,4155.61976,4156.55752,4154.54923,4156.3139,
2026-10-05T01:00:00Z,4155.62331,4158.60433,4154.37664,4158.49453,
2026-10-05T01:05:00Z,4158.11251,4160.77224,4157.10096,4159.41213,
2026-10-05T01:10:00Z,4159.80563,4159.80563,4155.93051,4157.25992,
2026-10-05T01:15:00Z,4157.47157,4159.04176,4156.30619,4157.62199,
2026-10-05T01:20:00Z,4157.80605,4159.63292,4152.99639,4153.70872,
2026-10-05T01:25:00Z,4154.08181,4156.96708,4154.08181,4154.95783,
2026-10-05T01:30:00Z,4155.17457,4156.93608,4154.70042,4156.57411,
2026-10-05T01:35:00Z,4155.99122,4155.99122,4153.02771,4153.24785,
2026-10-05T01:40:00Z,4153.79312,4154.89447,4152.82392,4153.06209,
2026-10-05T01:45:00Z,4153.47246,4158.41335,4152.82057,4158.15528,
2026-10-05T01:50:00Z,4157.7027,4160.25294,4157.7027,4160.14615,
2026-10-05T01:55:00Z,4159.93044,4161.29166,4159.12743,4161.23984,
2026-10-05T02:00:00Z,4161.05674,4161.05674,4159.38774,4159.63075,
2026-10-05T02:05:00Z,4159.88322,4161.81122,4159.22357,4161.6583,
2026-10-05T02:10:00Z,4161.3128,4161.46484,4159.38774,4160.95517,
2026-10-05T02:15:00Z,4160.20281,4161.46484,4158.56457,4158.83536,
2026-10-05T02:20:00Z,4159.33085,4160.34508,4156.79428,4159.92584,
2026-10-05T02:25:00Z,4159.1519,4161.98443,4159.1519,4159.97438,
2026-10-05T02:30:00Z,4160.79363,4160.79363,4155.50269,4156.13421,
2026-10-05T02:35:00Z,4157.55788,4157.55788,4153.6864,4154.89288,
2026-10-05T02:40:00Z,4154.78425,4155.0671,4153.34136,4153.52782,
2026-10-05T02:45:00Z,4153.82878,4154.72184,4149.12166,4149.92119,
2026-10-05T02:50:00Z,4151.56668,4151.56668,4144.66349,4144.88687,
2026-10-05T02:55:00Z,4145.28168,4145.28168,4140.95822,4142.82535,
2026-10-05T03:00:00Z,4142.30285,4144.31232,4140.95822,4142.59034,
2026-10-05T03:05:00Z,4143.00107,4143.00107,4137.01804,4137.09711,
2026-10-05T03:10:00Z,4137.24912,4138.38768,4137.24912,4137.94893,
2026-10-05T03:15:00Z,4138.03002,4141.1297,4136.34544,4140.75039,
2026-10-05T03:20:00Z,4140.39362,4142.15889,4139.98101,4140.24151,
2026-10-05T03:25:00Z,4140.75015,4144.04708,4139.50246,4143.91958,
2026-10-05T03:30:00Z,4143.66215,4145.30862,4143.01694,4145.04691,
2026-10-05T03:35:00Z,4144.61877,4145.89312,4143.36027,4143.4699,
2026-10-05T03:40:00Z,4143.53549,4145.59323,4142.84531,4142.92462,
2026-10-05T03:45:00Z,4143.13938,4147.48455,4143.13938,4145.08631,
2026-10-05T03:50:00Z,4145.28667,4145.83408,4144.10216,4144.26526,
2026-10-05T03:55:00Z,4144.54461,4145.93698,4143.15015,4144.70851,
2026-10-05T04:00:00Z,4144.47699,4144.47699,4141.79988,4141.94075,
2026-10-05T04:05:00Z,4142.17446,4142.17446,4138.48261,4138.66803,
2026-10-05T04:10:00Z,4139.09876,4139.92517,4136.09392,4138.16033,
2026-10-05T04:15:00Z,4137.45043,4137.45043,4131.20714,4131.48441,
2026-10-05T04:20:00Z,4131.92521,4133.61559,4130.82284,4131.59264,
2026-10-05T04:25:00Z,4131.88342,4133.24595,4127.44886,4127.97229,
2026-10-05T04:30:00Z,4128.8262,4129.19404,4126.08205,4126.46362,
2026-10-05T04:35:00Z,4127.30752,4131.88993,4127.30752,4131.81873,
2026-10-05T04:40:00Z,4131.65758,4133.59788,4131.02474,4133.53976,
2026-10-05T04:45:00Z,4133.4434,4134.40724,4132.91453,4134.24213,
2026-10-05T04:50:00Z,4133.89914,4134.45239,4132.2314,4132.66522,
2026-10-05T04:55:00Z,4132.61435,4132.61435,4130.05044,4131.67954,
2026-10-05T05:00:00Z,4131.62966,4133.05974,4131.20899,4131.63488,
2026-10-05T05:05:00Z,4131.78286,4136.67577,4131.06863,4136.57722,
2026-10-05T05:10:00Z,4136.28443,4138.4565,4135.606,4138.17694,
2026-10-05T05:15:00Z,4137.5004,4138.90154,4136.98316,4138.27856,
2026-10-05T05:20:00Z,4137.62039,4140.10102,4136.81134,4137.30576,
2026-10-05T05:25:00Z,4138.03162,4138.55895,4135.82034,4137.65124,
2026-10-05T05:30:00Z,4137.56663,4137.56663,4133.76876,4133.8573,
2026-10-05T05:35:00Z,4134.10788,4138.73024,4131.95503,4137.38928,
2026-10-05T05:40:00Z,4137.42214,4138.61875,4135.6493,4138.12206,
2026-10-05T05:45:00Z,4137.3758,4140.27243,4137.3758,4140.07302,
2026-10-05T05:50:00Z,4139.85397,4140.75011,4133.73747,4134.50989,
2026-10-05T05:55:00Z,4135.66134,4135.66134,4130.12322,4134.40225,
2026-10-05T06:00:00Z,4133.94606,4144.39057,4131.7375,4144.12267,
2026-10-05T06:05:00Z,4143.63267,4146.45271,4141.56946,4145.62419,
2026-10-05T06:10:00Z,4145.72096,4152.02549,4145.62206,4151.23579,
2026-10-05T06:15:00Z,4149.8194,4153.6864,4149.8194,4152.15676,
2026-10-05T06:20:00Z,4152.44998,4154.1858,4147.82861,4153.89988,
2026-10-05T06:25:00Z,4153.15126,4155.75745,4153.15126,4153.9408,
2026-10-05T06:30:00Z,4153.73064,4156.10324,4150.65192,4151.45977,
2026-10-05T06:35:00Z,4153.33299,4153.62367,4149.37759,4152.99377,
2026-10-05T06:40:00Z,4151.65605,4152.82392,4149.03328,4152.62238,
2026-10-05T06:45:00Z,4152.11119,4152.1342,4150.21915,4150.47968,
2026-10-05T06:50:00Z,4150.96219,4152.1342,4148.17273,4151.87814,
2026-10-05T06:55:00Z,4151.37187,4154.96992,4150.58316,4154.37638,
2026-10-05T07:00:00Z,4153.62975,4156.31484,4149.89418,4152.42738,
2026-10-05T07:05:00Z,4151.30429,4157.65841,4151.30429,4157.28452,
2026-10-05T07:10:00Z,4157.20289,4157.20289,4154.03149,4156.41031,
2026-10-05T07:15:00Z,4155.9713,4156.57873,4154.03149,4156.12078,
2026-10-05T07:20:00Z,4155.6605,4155.69328,4151.98836,4152.53509,
2026-10-05T07:25:00Z,4153.48079,4154.8479,4150.58316,4150.8437,
2026-10-05T07:30:00Z,4151.51604,4154.03149,4151.00477,4153.79577,
2026-10-05T07:35:00Z,4153.40824,4154.89447,4152.7777,4154.83594,
2026-10-05T07:40:00Z,4154.68118,4159.04176,4153.97275,4158.76654,
2026-10-05T07:45:00Z,4158.23218,4164.23753,4157.45234,4158.60911,
2026-10-05T07:50:00Z,4158.95325,4164.75782,4157.23494,4162.15122,
2026-10-05T07:55:00Z,4162.42204,4162.42204,4161.29166,4162.0633,
2026-10-05T08:00:00Z,4161.86137,4164.01557,4159.24287,4163.90436,
2026-10-05T08:05:00Z,4163.74152,4166.16625,4161.81122,4162.1623,
2026-10-05T08:10:00Z,4163.26322,4168.4035,4163.26322,4168.21554,
2026-10-05T08:15:00Z,4168.06373,4169.79401,4168.05602,4168.13527,
2026-10-05T08:20:00Z,4168.30695,4168.74201,4166.42109,4167.49944,
2026-10-05T08:25:00Z,4167.34233,4170.60439,4166.16245,4170.08338,
2026-10-05T08:30:00Z,4169.27057,4169.27057,4164.70773,4166.47131,
2026-10-05T08:35:00Z,4166.5529,4166.5529,4162.33091,4165.55182,
2026-10-05T08:40:00Z,4164.91554,4165.92839,4162.50416,4162.58201,
2026-10-05T08:45:00Z,4162.71914,4166.79528,4160.42603,4165.04098,
2026-10-05T08:50:00Z,4161.61143,4168.92483,4161.61143,4165.93807,
2026-10-05T08:55:00Z,4167.03696,4167.03696,4164.06413,4166.56294,
2026-10-05T09:00:00Z,4165.91048,4168.22975,4165.75133,4167.42726,
2026-10-05T09:05:00Z,4167.45594,4168.57726,4167.27691,4167.81056,
2026-10-05T09:10:00Z,4168.02444,4168.02444,4166.74826,4166.81279,
2026-10-05T09:15:00Z,4166.88457,4167.70437,4165.53934,4167.20441,
2026-10-05T09:20:00Z,4166.51867,4169.4463,4166.51867,4169.30958,
2026-10-05T09:25:00Z,4169.08957,4169.08957,4166.5419,4166.72793,
2026-10-05T09:30:00Z,4167.01829,4167.01829,4162.50416,4162.68584,
2026-10-05T09:35:00Z,4162.99306,4162.99306,4160.59913,4161.09226,
2026-10-05T09:40:00Z,4161.0278,4161.09431,4159.73378,4160.17525,
2026-10-05T09:45:00Z,4160.09763,4160.28099,4156.27598,4159.13992,
2026-10-05T09:50:00Z,4158.99214,4159.04176,4158.34997,4158.38269,
2026-10-05T09:55:00Z,4158.39134,4159.56075,4158.39134,4159.40274,
2026-10-05T10:00:00Z,4159.30852,4159.38774,4157.65841,4157.76018,
2026-10-05T10:05:00Z,4158.00963,4158.73811,4157.65841,4157.68474,
2026-10-05T10:10:00Z,4157.92155,4159.68101,4156.6215,4156.69337,
2026-10-05T10:15:00Z,4156.57541,4157.96157,4155.7578,4156.69822,
2026-10-05T10:20:00Z,4156.48365,4158.53168,4156.10324,4158.16582,
2026-10-05T10:25:00Z,4157.64011,4158.90555,4157.33476,4158.66619,
2026-10-05T10:30:00Z,4158.58117,4158.76948,4157.69161,4158.71241,
2026-10-05T10:35:00Z,4158.56432,4158.86879,4157.67882,4157.86714,
2026-10-05T10:40:00Z,4158.17872,4158.40907,4157.31271,4158.30381,
2026-10-05T10:45:00Z,4158.14986,4159.23308,4156.07796,4158.69746,
2026-10-05T10:50:00Z,4158.36016,4159.73378,4158.10803,4159.67682,
2026-10-05T10:55:00Z,4159.56475,4164.58437,4159.56075,4162.21746,
2026-10-05T11:00:00Z,4162.36305,4163.78823,4159.56075,4160.32489,
2026-10-05T11:05:00Z,4159.79121,4161.6283,4159.72472,4159.88016,
2026-10-05T11:10:00Z,4160.20204,4161.33916,4159.38774,4161.10572,
2026-10-05T11:15:00Z,4160.79761,4162.85072,4160.77224,4161.71078,
2026-10-05T11:20:00Z,4161.81627,4162.01366,4159.73378,4160.91171,
2026-10-05T11:25:00Z,4160.43715,4165.94952,4159.35813,4165.24183,
2026-10-05T11:30:00Z,4164.35606,4167.01392,4160.10243,4160.52061,
2026-10-05T11:35:00Z,4161.19682,4161.39904,4159.21474,4159.70557,
2026-10-05T11:40:00Z,4160.57947,4160.57947,4155.20796,4155.46459,
2026-10-05T11:45:00Z,4155.96538,4155.96538,4153.51387,4154.31456,
2026-10-05T11:50:00Z,4154.13241,4154.87786,4151.9618,4152.5153,
2026-10-05T11:55:00Z,4152.38107,4155.53182,4150.76671,4155.31885,
2026-10-05T12:00:00Z,4154.98377,4157.58102,4154.96926,4157.25259,
2026-10-05T12:05:00Z,4156.80879,4158.75958,4156.7563,4156.91165,
2026-10-05T12:10:00Z,4157.02768,4158.59407,4156.96708,4158.5024,
2026-10-05T12:15:00Z,4158.30483,4158.30483,4155.58511,4155.65042,
2026-10-05T12:20:00Z,4155.74419,4157.13989,4154.37664,4156.96749,
2026-10-05T12:25:00Z,4156.6675,4161.63802,4156.6675,4161.00705,
2026-10-05T12:30:00Z,4160.91182,4164.56242,4160.87834,4164.19566,
2026-10-05T12:35:00Z,4163.20235,4165.62526,4163.19734,4163.28605,
2026-10-05T12:40:00Z,4163.46978,4165.38425,4160.59913,4161.46117,
2026-10-05T12:45:00Z,4161.89908,4161.89908,4157.16445,4157.90132,
2026-10-05T12:50:00Z,4159.59111,4159.59111,4155.41766,4156.24283,
2026-10-05T12:55:00Z,4156.46787,4157.48555,4155.0671,4157.39017,
2026-10-05T13:00:00Z,4157.13103,4157.87161,4155.23976,4155.35759,
2026-10-05T13:05:00Z,4155.46201,4155.79427,4147.48455,4150.99942,
2026-10-05T13:10:00Z,4149.33014,4153.16887,4149.33014,4151.02031,
2026-10-05T13:15:00Z,4150.99568,4154.70099,4150.68192,4154.26946,
2026-10-05T13:20:00Z,4153.40278,4153.40278,4150.58316,4151.17718,
2026-10-05T13:25:00Z,4151.55089,4153.34136,4151.55089,4152.17809,
2026-10-05T13:30:00Z,4152.24201,4152.82392,4148.17273,4148.72779,
2026-10-05T13:35:00Z,4148.82942,4149.74014,4144.27975,4144.57515,
2026-10-05T13:40:00Z,4144.95296,4146.07067,4139.1389,4139.88636,
2026-10-05T13:45:00Z,4140.9464,4140.9464,4131.37781,4138.86483,
2026-10-05T13:50:00Z,4138.0596,4142.84531,4135.71584,4141.57617,
2026-10-05T13:55:00Z,4141.87552,4145.02514,4134.62334,4135.92768,
2026-10-05T14:00:00Z,4135.78617,4145.42138,4134.24866,4145.22989,
2026-10-05T14:05:00Z,4145.03223,4145.03223,4137.84923,4139.67255,
2026-10-05T14:10:00Z,4139.52939,4146.49864,4139.52939,4141.90706,
2026-10-05T14:15:00Z,4142.28948,4143.58967,4139.75824,4141.68163,
2026-10-05T14:20:00Z,4141.40724,4141.47271,4139.92962,4141.45379,
2026-10-05T14:25:00Z,4141.38497,4141.98733,4138.12842,4138.68172,
2026-10-05T14:30:00Z,4139.90583,4139.90583,4133.96872,4134.30114,
2026-10-05T14:35:00Z,4134.98816,4136.8662,4132.45614,4136.74992,
2026-10-05T14:40:00Z,4136.54872,4141.98733,4133.94882,4141.19797,
2026-10-05T14:45:00Z,4141.30728,4141.66352,4137.36036,4141.09092,
2026-10-05T14:50:00Z,4140.7988,4146.28101,4140.7988,4145.58721,
2026-10-05T14:55:00Z,4143.8314,4147.82861,4143.63157,4147.73406,
2026-10-05T15:00:00Z,4147.49098,4148.76626,4143.70364,4143.92471,
2026-10-05T15:05:00Z,4144.33969,4144.33969,4141.81577,4143.2204,
2026-10-05T15:10:00Z,4142.92778,4144.30439,4138.73024,4139.41574,
2026-10-05T15:15:00Z,4139.92432,4139.92432,4134.96527,4136.69741,
2026-10-05T15:20:00Z,4136.30056,4139.38295,4126.09341,4131.21755,
2026-10-05T15:25:00Z,4129.3498,4139.78722,4129.3498,4139.2642,
2026-10-05T15:30:00Z,4138.1208,4140.6153,4136.33355,4137.73576,
2026-10-05T15:35:00Z,4137.4963,4138.21643,4136.8469,4138.15387,
2026-10-05T15:40:00Z,4138.0569,4138.86602,4137.25667,4137.60151,
2026-10-05T15:45:00Z,4138.31963,4138.31963,4134.11055,4135.94483,
2026-10-05T15:50:00Z,4135.62978,4138.21643,4135.62978,4138.17221,
2026-10-05T15:55:00Z,4138.02244,4140.74429,4136.50465,4136.8082,
2026-10-05T16:00:00Z,4137.34571,4137.34571,4132.74373,4132.92154,
2026-10-05T16:05:00Z,4133.21213,4133.21213,4131.82332,4132.67411,
2026-10-05T16:10:00Z,4132.29139,4133.76876,4129.98349,4130.33835,
2026-10-05T16:15:00Z,4130.89841,4130.89841,4126.94482,4129.46047,
2026-10-05T16:20:00Z,4129.19241,4129.84678,4128.30781,4129.7239,
2026-10-05T16:25:00Z,4129.429,4129.90533,4126.47476,4128.22035,
2026-10-05T16:30:00Z,4128.02786,4129.49597,4127.65441,4129.01661,
2026-10-05T16:35:00Z,4129.03991,4129.76253,4128.47824,4128.59723,
2026-10-05T16:40:00Z,4128.5271,4131.03648,4128.5271,4130.9049,
2026-10-05T16:45:00Z,4130.50381,4131.501,4128.64869,4129.75519,
2026-10-05T16:50:00Z,4129.62764,4132.2314,4127.52917,4132.07486,
2026-10-05T16:55:00Z,4131.73518,4131.88993,4131.20714,4131.87398,
2026-10-05T17:00:00Z,4131.8105,4133.16015,4129.33064,4129.51174,
2026-10-05T17:05:00Z,4129.60904,4131.03648,4128.39808,4128.65152,
2026-10-05T17:10:00Z,4129.07225,4129.07225,4125.61068,4126.05633,
2026-10-05T17:15:00Z,4126.20624,4130.86583,4125.41139,4126.68466,
2026-10-05T17:20:00Z,4126.87959,4131.20714,4126.87959,4131.03758,
2026-10-05T17:25:00Z,4130.66693,4131.68057,4129.16013,4130.67193,
2026-10-05T17:30:00Z,4130.19142,4130.19142,4128.47824,4128.62089,
2026-10-05T17:35:00Z,4128.78163,4130.0227,4127.45584,4129.62394,
2026-10-05T17:40:00Z,4128.55689,4132.91453,4128.55689,4132.84969,
2026-10-05T17:45:00Z,4132.69002,4133.65079,4131.71921,4133.38898,
2026-10-05T17:50:00Z,4132.69578,4136.33355,4132.53293,4135.60329,
2026-10-05T17:55:00Z,4135.78595,4136.33355,4135.47827,4135.75369,
2026-10-05T18:00:00Z,4135.80155,4140.15621,4134.38305,4140.05441,
2026-10-05T18:05:00Z,4139.90188,4141.46782,4139.21147,4139.4192,
2026-10-05T18:10:00Z,4139.79952,4140.36273,4135.30725,4136.36082,
2026-10-05T18:15:00Z,4136.25399,4136.67577,4135.92626,4136.50455,
2026-10-05T18:20:00Z,4136.39072,4136.50709,4134.66433,4135.41581,
2026-10-05T18:25:00Z,4135.16418,4137.85787,4131.48511,4137.3373,
2026-10-05T18:30:00Z,4136.39824,4140.50055,4136.39824,4136.76122,
2026-10-05T18:35:00Z,4137.18851,4138.90154,4135.9914,4136.20105,
2026-10-05T18:40:00Z,4136.43117,4138.90882,4136.43117,4138.71891,
2026-10-05T18:45:00Z,4138.38716,4139.98965,4137.35059,4139.93221,
2026-10-05T18:50:00Z,4139.68777,4141.66042,4139.58687,4141.52915,
2026-10-05T18:55:00Z,4141.11891,4142.56167,4141.0893,4142.53934,
2026-10-05T19:00:00Z,4142.43298,4143.70364,4142.22587,4143.04474,
2026-10-05T19:05:00Z,4142.85774,4143.1886,4140.28651,4140.44571,
2026-10-05T19:10:00Z,4140.716,4141.86057,4140.10102,4141.79698,
2026-10-05T19:15:00Z,4141.55336,4142.15889,4138.85595,4139.18761,
2026-10-05T19:20:00Z,4139.89445,4141.15958,4139.89445,4140.9565,
2026-10-05T19:25:00Z,4140.98698,4143.0223,4140.89142,4142.83656,
2026-10-05T19:30:00Z,4142.58992,4143.69624,4141.42919,4143.3741,
2026-10-05T19:35:00Z,4142.9209,4144.04708,4142.28774,4143.32258,
2026-10-05T19:40:00Z,4143.0902,4143.71317,4142.67368,4142.78559,
2026-10-05T19:45:00Z,4142.90592,4142.90592,4140.95822,4141.17016,
2026-10-05T19:50:00Z,4141.22903,4141.64423,4139.41551,4139.56876,
2026-10-05T19:55:00Z,4139.82167,4141.1297,4139.24417,4141.04567,
2026-10-05T20:00:00Z,4140.87324,4140.98684,4137.36036,4137.56964,
2026-10-05T20:05:00Z,4137.76809,4139.24417,4137.76809,4139.1986,
2026-10-05T20:10:00Z,4139.03075,4139.17774,4138.55895,4138.92169,
2026-10-05T20:15:00Z,4138.97221,4139.24417,4138.90154,4139.21313,
2026-10-05T20:20:00Z,4139.13672,4141.98733,4138.00991,4141.12438,
2026-10-05T20:25:00Z,4141.14344,4141.58868,4140.68526,4141.17779,
2026-10-05T20:30:00Z,4140.84598,4141.64423,4139.58687,4139.70155,
2026-10-05T20:35:00Z,4139.88959,4139.88959,4138.90154,4139.53305,
2026-10-05T20:40:00Z,4139.44418,4140.6153,4138.95811,4139.84298,
2026-10-05T20:45:00Z,4139.96563,4143.16053,4139.72505,4142.90804,
2026-10-05T20:50:00Z,4142.58108,4143.55282,4141.28784,4141.4809,
2026-10-05T20:55:00Z,4141.82577,4141.88968,4140.44386,4140.51403,
2026-10-05T21:00:00Z,4140.60736,4140.61794,4139.87685,4139.94977,
2026-10-05T21:05:00Z,4139.9475,4140.1371,4139.92962,4140.07903,
2026-10-05T21:10:00Z,4139.97629,4140.26959,4139.92962,4140.10444,
2026-10-05T21:15:00Z,4139.99568,4140.10102,4139.89563,4139.89563,
2026-10-05T21:20:00Z,4139.92183,4140.09191,4139.82566,4139.97669,
2026-10-05T21:25:00Z,4139.92898,4140.03137,4139.8047,4139.98063,
2026-10-05T21:30:00Z,4139.90115,4140.11937,4139.75824,4139.92806,
2026-10-05T21:35:00Z,4139.91626,4140.09151,4139.75824,4139.99756,
2026-10-05T21:40:00Z,4139.867,4140.08838,4139.72732,4140.0013,
2026-10-05T21:45:00Z,4139.9223,4139.9797,4139.58687,4139.94832,
2026-10-05T21:50:00Z,4139.8592,4140.05205,4139.81707,4139.97276,
2026-10-05T21:55:00Z,4139.86882,4140.55771,4139.46663,4139.59984,
2026-10-05T22:00:00Z,4139.98399,4144.73412,4139.98399,4143.91858,
2026-10-05T22:05:00Z,4143.48127,4144.21881,4143.1886,4143.2189,
2026-10-05T22:10:00Z,4143.27635,4143.31033,4142.33048,4142.93178,
2026-10-05T22:15:00Z,4142.85591,4143.76301,4142.84531,4143.69767,
2026-10-05T22:20:00Z,4143.5382,4143.5382,4142.3104,4143.22667,
2026-10-05T22:25:00Z,4142.87355,4143.53195,4142.50207,4142.57369,
2026-10-05T22:30:00Z,4142.73914,4144.21881,4142.73914,4144.06425,
2026-10-05T22:35:00Z,4144.03612,4144.43876,4143.70364,4144.38198,
2026-10-05T22:40:00Z,4144.27899,4145.59323,4143.63313,4144.48325,
2026-10-05T22:45:00Z,4144.60092,4145.22654,4141.47271,4142.10602,
2026-10-05T22:50:00Z,4141.93104,4142.33048,4141.26225,4141.29025,
2026-10-05T22:55:00Z,4141.27727,4141.76364,4140.95822,4140.99603,
2026-10-05T23:00:00Z,4141.08194,4141.47271,4140.44386,4140.53351,
2026-10-05T23:05:00Z,4140.68257,4140.8662,4139.07285,4139.688,
2026-10-05T23:10:00Z,4139.50622,4139.75824,4138.72542,4138.72542,
2026-10-05T23:15:00Z,4138.71666,4139.58687,4137.65316,4139.476,
2026-10-05T23:20:00Z,4139.26108,4140.32414,4139.24417,4140.25992,
2026-10-05T23:25:00Z,4140.06749,4141.09827,4140.06749,4140.64043,
2026-10-05T23:30:00Z,4140.46104,4140.78675,4138.79063,4140.506,
2026-10-05T23:35:00Z,4140.30161,4140.52723,4138.55895,4138.69909,
2026-10-05T23:40:00Z,4138.91238,4139.07285,4137.18919,4137.2529,
2026-10-05T23:45:00Z,4137.34752,4137.34752,4135.37793,4135.57633,
2026-10-05T23:50:00Z,4135.93806,4135.93806,4133.92344,4134.04893,
2026-10-05T23:55:00Z,4134.2285,4135.93767,4133.92193,4134.03217,
2026-10-06T00:00:00Z,4134.34628,4137.99875,4134.34628,4135.46504,
2026-10-06T00:05:00Z,4135.69933,4135.69933,4133.59788,4134.86524,
2026-10-06T00:10:00Z,4134.63492,4136.33355,4133.33687,4136.28133,
2026-10-06T00:15:00Z,4136.09939,4140.96152,4135.54747,4140.51697,
2026-10-06T00:20:00Z,4139.95677,4142.47378,4138.73024,4141.50518,
2026-10-06T00:25:00Z,4141.21719,4141.38039,4140.35378,4141.2812,
2026-10-06T00:30:00Z,4141.07454,4144.07249,4139.07285,4143.75769,
2026-10-06T00:35:00Z,4143.2506,4143.2506,4135.9914,4137.14465,
2026-10-06T00:40:00Z,4136.92361,4138.3219,4135.85862,4136.2808,
2026-10-06T00:45:00Z,4136.97684,4144.11879,4136.97684,4142.08889,
2026-10-06T00:50:00Z,4142.67113,4146.45271,4142.67113,4146.41961,
2026-10-06T00:55:00Z,4146.32902,4148.10467,4144.73412,4147.55626,
2026-10-06T01:00:00Z,4146.80238,4152.47903,4146.80238,4147.61691,
2026-10-06T01:05:00Z,4148.59241,4151.59204,4146.28079,4151.23996,
2026-10-06T01:10:00Z,4150.71285,4151.78942,4148.86114,4149.0006,
2026-10-06T01:15:00Z,4149.12834,4150.42208,4142.85911,4143.39264,
2026-10-06T01:20:00Z,4144.37576,4144.37576,4139.42009,4141.0566,
2026-10-06T01:25:00Z,4140.86662,4140.86662,4135.47827,4137.37363,
2026-10-06T01:30:00Z,4137.68761,4137.87396,4134.57299,4137.76518,
2026-10-06T01:35:00Z,4137.54064,4137.66654,4134.11055,4134.40162,
2026-10-06T01:40:00Z,4134.9116,4136.33823,4130.86583,4133.16562,
2026-10-06T01:45:00Z,4132.62556,4133.93066,4131.20714,4132.22199,
2026-10-06T01:50:00Z,4131.94211,4134.11055,4129.4356,4130.51446,
2026-10-06T01:55:00Z,4131.17613,4131.50319,4129.16013,4131.37452,
2026-10-06T02:00:00Z,4131.07727,4131.11797,4128.98964,4129.8079,
2026-10-06T02:05:00Z,4129.70793,4130.23888,4128.78032,4130.15581,
2026-10-06T02:10:00Z,4130.04837,4130.18338,4128.64869,4129.54794,
2026-10-06T02:15:00Z,4129.00735,4131.20714,4128.87549,4131.06605,
2026-10-06T02:20:00Z,4130.59138,4130.59138,4127.79658,4128.84523,
2026-10-06T02:25:00Z,4128.80068,4128.81916,4126.60422,4126.81318,
2026-10-06T02:30:00Z,4126.87469,4127.11515,4125.67909,4126.93334,
2026-10-06T02:35:00Z,4126.94555,4127.02165,4107.78837,4124.79555,
2026-10-06T02:40:00Z,4123.12759,4123.13035,4119.8039,4122.96288,
2026-10-06T02:45:00Z,4122.76247,4126.01474,4120.99233,4124.86413,
2026-10-06T02:50:00Z,4123.41341,4138.04519,4123.41341,4137.70921,
2026-10-06T02:55:00Z,4136.98554,4137.0734,4129.92521,4130.4533,
2026-10-06T03:00:00Z,4131.23371,4132.57294,4129.33064,4132.49188,
2026-10-06T03:05:00Z,4132.30565,4132.62061,4129.66507,4129.98194,
2026-10-06T03:10:00Z,4130.62797,4130.62797,4129.14776,4129.85132,
2026-10-06T03:15:00Z,4129.72677,4129.72677,4127.79658,4128.66927,
2026-10-06T03:20:00Z,4128.69869,4131.03648,4128.30781,4129.12528,
2026-10-06T03:25:00Z,4129.49039,4130.65506,4125.60179,4125.98805,
2026-10-06T03:30:00Z,4126.67277,4128.13738,4125.71797,4126.01022,
2026-10-06T03:35:00Z,4126.57127,4127.79658,4124.90203,4127.60651,
2026-10-06T03:40:00Z,4127.22061,4132.25309,4124.56177,4131.64713,
2026-10-06T03:45:00Z,4130.62412,4132.91453,4129.50116,4129.78735,
2026-10-06T03:50:00Z,4130.25607,4131.5485,4126.50729,4126.95562,
2026-10-06T03:55:00Z,4127.73197,4128.0747,4125.58274,4127.86654,
2026-10-06T04:00:00Z,4127.50034,4130.35397,4127.50034,4130.17031,
2026-10-06T04:05:00Z,4129.90106,4130.86583,4129.67169,4130.32715,
2026-10-06T04:10:00Z,4129.92023,4131.24592,4126.26367,4127.06742,
2026-10-06T04:15:00Z,4126.94193,4127.0584,4126.06915,4126.92665,
2026-10-06T04:20:00Z,4126.53575,4128.84967,4126.53575,4128.5138,
2026-10-06T04:25:00Z,4127.92298,4127.92298,4125.72583,4125.94097,
2026-10-06T04:30:00Z,4126.4612,4127.79658,4126.43394,4126.51605,
2026-10-06T04:35:00Z,4126.58991,4126.94482,4124.39747,4124.69128,
2026-10-06T04:40:00Z,4125.15051,4125.24485,4121.50188,4121.61975,
2026-10-06T04:45:00Z,4121.72361,4122.02086,4121.12814,4121.66162,
2026-10-06T04:50:00Z,4121.56846,4123.22449,4120.45163,4122.89839,
2026-10-06T04:55:00Z,4122.32473,4123.37127,4121.84164,4122.47393,
2026-10-06T05:00:00Z,4122.3521,4124.90203,4121.579,4123.01507,
2026-10-06T05:05:00Z,4123.26057,4124.56177,4121.58535,4121.69279,
2026-10-06T05:10:00Z,4121.738,4123.03125,4120.82252,4122.83801,
2026-10-06T05:15:00Z,4122.49863,4125.81767,4119.8307,4123.3786,
2026-10-06T05:20:00Z,4123.70237,4124.08542,4122.69129,4122.82058,
2026-10-06T05:25:00Z,4123.02529,4123.8814,4120.65271,4121.78393,
2026-10-06T05:30:00Z,4121.27419,4123.14389,4120.37481,4122.59699,
2026-10-06T05:35:00Z,4121.72384,4124.39165,4121.72384,4124.20758,
2026-10-06T05:40:00Z,4123.99504,4123.99504,4121.50188,4121.93582,
2026-10-06T05:45:00Z,4122.0028,4123.03125,4121.85777,4122.76887,
2026-10-06T05:50:00Z,4122.7187,4123.97149,4120.31314,4120.57453,
2026-10-06T05:55:00Z,4121.03172,4121.03172,4116.36009,4116.84477,
2026-10-06T06:00:00Z,4117.70502,4122.16372,4114.88766,4115.01225,
2026-10-06T06:05:00Z,4115.07162,4119.3626,4115.07162,4119.15953,
2026-10-06T06:10:00Z,4118.82114,4123.13853,4118.82114,4122.74405,
2026-10-06T06:15:00Z,4122.14728,4127.69822,4122.14728,4126.39495,
2026-10-06T06:20:00Z,4126.41969,4130.1575,4126.41969,4129.88046,
2026-10-06T06:25:00Z,4129.37624,4134.28146,4129.37624,4134.06898,
2026-10-06T06:30:00Z,4133.67966,4133.93964,4131.55726,4133.68848,
2026-10-06T06:35:00Z,4134.0136,4134.0136,4130.0128,4131.72286,
2026-10-06T06:40:00Z,4131.36952,4131.88993,4130.35397,4131.13638,
2026-10-06T06:45:00Z,4130.96217,4134.45239,4128.64661,4132.79058,
2026-10-06T06:50:00Z,4132.92987,4134.18544,4131.03648,4131.37604,
2026-10-06T06:55:00Z,4131.40221,4132.91453,4130.86583,4131.84027,
2026-10-06T07:00:00Z,4131.48744,4134.11055,4129.36175,4133.72144,
2026-10-06T07:05:00Z,4132.98584,4133.93964,4128.64869,4129.12454,
2026-10-06T07:10:00Z,4129.80992,4135.60124,4128.02937,4134.11698,
2026-10-06T07:15:00Z,4132.04092,4140.95822,4132.04092,4139.2451,
2026-10-06T07:20:00Z,4139.35648,4140.44386,4136.79592,4137.03401,
2026-10-06T07:25:00Z,4137.6977,4139.49441,4136.03658,4136.39832,
2026-10-06T07:30:00Z,4137.1378,4140.27243,4134.11055,4139.79019,
2026-10-06T07:35:00Z,4139.00641,4139.00641,4136.08604,4136.2017,
2026-10-06T07:40:00Z,4136.51982,4138.05443,4136.51982,4136.74393,
2026-10-06T07:45:00Z,4137.11443,4141.1297,4137.11443,4140.42118,
2026-10-06T07:50:00Z,4140.42695,4140.96436,4137.44473,4139.65713,
2026-10-06T07:55:00Z,4138.90696,4141.85561,4138.90696,4140.09137,
2026-10-06T08:00:00Z,4140.24893,4143.36027,4138.89316,4142.58177,
2026-10-06T08:05:00Z,4142.71712,4143.36027,4138.90154,4139.20626,
2026-10-06T08:10:00Z,4139.80075,4141.47271,4137.85088,4140.41898,
2026-10-06T08:15:00Z,4139.96865,4144.21881,4139.24572,4141.14721,
2026-10-06T08:20:00Z,4141.46765,4145.93698,4141.28795,4145.7288,
2026-10-06T08:25:00Z,4145.23376,4146.45271,4144.39057,4146.35462,
2026-10-06T08:30:00Z,4146.15105,4149.98984,4145.01018,4146.03882,
2026-10-06T08:35:00Z,4146.51609,4150.5576,4146.09412,4148.34964,
2026-10-06T08:40:00Z,4148.69547,4153.4832,4147.54419,4153.14089,
2026-10-06T08:45:00Z,4152.30872,4153.85893,4151.40104,4151.57312,
2026-10-06T08:50:00Z,4151.8504,4153.85893,4150.7995,4152.23377,
2026-10-06T08:55:00Z,4152.37664,4155.00285,4151.76707,4154.67125,
2026-10-06T09:00:00Z,4154.19134,4155.7578,4153.99711,4154.32639,
2026-10-06T09:05:00Z,4154.99992,4154.99992,4152.47903,4152.53998,
2026-10-06T09:10:00Z,4152.64701,4152.73547,4150.64195,4152.20728,
2026-10-06T09:15:00Z,4151.7236,4156.10324,4150.23864,4155.84803,
2026-10-06T09:20:00Z,4155.44074,4157.31271,4155.41242,4155.52421,
2026-10-06T09:25:00Z,4155.70421,4157.13989,4155.70421,4156.19749,
2026-10-06T09:30:00Z,4156.23432,4156.97566,4155.99288,4156.96973,
2026-10-06T09:35:00Z,4156.85789,4156.97644,4154.72184,4155.38097,
2026-10-06T09:40:00Z,4155.2846,4156.58893,4153.80276,4153.99002,
2026-10-06T09:45:00Z,4154.32223,4154.32223,4152.91023,4153.82648,
2026-10-06T09:50:00Z,4153.4621,4154.03149,4152.33811,4152.51519,
2026-10-06T09:55:00Z,4152.82813,4152.82813,4151.78942,4152.32789,
2026-10-06T10:00:00Z,4152.21139,4153.34136,4152.17757,4153.27225,
2026-10-06T10:05:00Z,4153.08332,4153.08332,4150.92773,4151.34629,
2026-10-06T10:10:00Z,4151.44805,4152.0468,4151.22352,4151.95869,
2026-10-06T10:15:00Z,4151.84492,4152.26656,4148.89846,4149.15308,
2026-10-06T10:20:00Z,4149.78604,4153.7767,4149.78604,4153.00508,
2026-10-06T10:25:00Z,4153.03181,4154.37664,4152.1342,4154.29237,
2026-10-06T10:30:00Z,4154.12446,4157.31867,4153.85893,4156.95886,
2026-10-06T10:35:00Z,4156.04478,4159.05595,4156.04478,4158.92624,
2026-10-06T10:40:00Z,4158.65652,4160.2473,4157.42172,4160.10659,
2026-10-06T10:45:00Z,4159.71563,4160.80574,4158.00416,4159.41393,
2026-10-06T10:50:00Z,4159.16836,4160.77224,4159.16836,4160.71854,
2026-10-06T10:55:00Z,4160.60061,4160.7006,4158.52289,4158.66549,
2026-10-06T11:00:00Z,4158.8581,4159.46836,4157.90249,4158.0319,
2026-10-06T11:05:00Z,4158.18786,4158.34058,4156.27598,4156.38192,
2026-10-06T11:10:00Z,4156.4407,4160.59913,4156.4407,4160.49021,
2026-10-06T11:15:00Z,4160.2548,4164.41094,4159.70369,4164.19143,
2026-10-06T11:20:00Z,4163.76443,4165.45174,4163.27283,4164.92728,
2026-10-06T11:25:00Z,4164.79166,4165.0971,4162.15766,4164.9507,
2026-10-06T11:30:00Z,4164.72994,4169.27246,4164.72994,4168.95786,
2026-10-06T11:35:00Z,4168.3825,4170.1274,4168.25843,4169.77208,
2026-10-06T11:40:00Z,4169.23353,4172.09005,4168.57726,4171.63278,
2026-10-06T11:45:00Z,4170.85658,4174.01744,4170.85658,4173.81769,
2026-10-06T11:50:00Z,4173.41542,4174.95264,4173.1002,4173.22128,
2026-10-06T11:55:00Z,4173.40392,4174.10194,4172.57782,4172.68129,
2026-10-06T12:00:00Z,4172.74879,4176.93497,4172.74879,4176.82887,
2026-10-06T12:05:00Z,4176.64382,4177.45843,4174.89696,4177.34436,
2026-10-06T12:10:00Z,4177.11312,4179.90303,4175.15353,4177.63188,
2026-10-06T12:15:00Z,4177.89831,4178.36155,4174.3622,4174.74502,
2026-10-06T12:20:00Z,4175.58108,4179.08534,4175.58108,4178.83682,
2026-10-06T12:25:00Z,4178.30634,4179.20428,4175.19101,4175.43893,
2026-10-06T12:30:00Z,4175.90245,4177.44489,4171.19384,4171.75567,
2026-10-06T12:35:00Z,4173.01185,4176.7605,4170.31569,4176.23072,
2026-10-06T12:40:00Z,4175.24485,4175.78844,4171.63328,4171.79319,
2026-10-06T12:45:00Z,4172.04988,4172.92606,4167.5349,4167.85284,
2026-10-06T12:50:00Z,4168.40362,4173.7969,4167.13714,4169.96529,
2026-10-06T12:55:00Z,4170.5375,4170.95417,4167.70859,4170.77593,
2026-10-06T13:00:00Z,4170.44629,4171.01147,4168.57726,4168.77514,
2026-10-06T13:05:00Z,4169.08842,4170.97225,4169.08842,4169.31571,
2026-10-06T13:10:00Z,4169.34174,4174.14534,4169.34174,4174.03745,
2026-10-06T13:15:00Z,4173.82425,4175.77962,4164.23753,4164.53717,
2026-10-06T13:20:00Z,4165.01945,4167.66613,4163.37066,4163.6585,
2026-10-06T13:25:00Z,4164.29235,4165.5698,4161.58864,4161.66198,
2026-10-06T13:30:00Z,4161.70188,4164.58437,4161.25875,4161.42667,
2026-10-06T13:35:00Z,4161.84823,4166.53251,4160.59913,4161.00493,
2026-10-06T13:40:00Z,4161.82683,4161.82683,4154.95616,4159.06472,
2026-10-06T13:45:00Z,4158.44251,4159.70561,4155.23976,4155.30989,
2026-10-06T13:50:00Z,4155.40632,4157.1816,4153.85893,4154.09629,
2026-10-06T13:55:00Z,4154.76074,4157.97873,4152.30661,4154.49482,
2026-10-06T14:00:00Z,4154.28721,4155.7578,4153.51387,4155.24777,
2026-10-06T14:05:00Z,4154.9377,4157.83128,4154.74354,4155.17025,
2026-10-06T14:10:00Z,4155.77109,4155.77109,4152.1342,4154.16655,
2026-10-06T14:15:00Z,4153.82802,4155.03582,4149.01137,4149.4164,
2026-10-06T14:20:00Z,4150.223,4150.223,4146.5684,4147.1926,
2026-10-06T14:25:00Z,4148.02337,4148.02337,4144.39057,4144.65483,
2026-10-06T14:30:00Z,4145.02772,4149.11286,4144.56233,4148.45969,
2026-10-06T14:35:00Z,4147.63143,4153.28861,4147.63143,4150.10528,
2026-10-06T14:40:00Z,4150.46795,4152.73001,4148.29909,4152.30062,
2026-10-06T14:45:00Z,4151.75741,4153.56973,4149.89418,4150.08709,
2026-10-06T14:50:00Z,4150.18173,4156.49056,4150.18173,4155.95256,
2026-10-06T14:55:00Z,4155.21598,4157.46923,4154.20405,4154.26492,
2026-10-06T15:00:00Z,4154.24863,4164.58437,4154.24863,4163.96036,
2026-10-06T15:05:00Z,4162.84815,4163.61255,4159.04176,4159.33077,
2026-10-06T15:10:00Z,4160.01452,4163.12984,4160.01452,4162.89889,
2026-10-06T15:15:00Z,4162.553,4164.06413,4162.15766,4163.13718,
2026-10-06T15:20:00Z,4163.00631,4164.63758,4161.66596,4163.03459,
2026-10-06T15:25:00Z,4162.93229,4164.84952,4162.83789,4164.72258,
2026-10-06T15:30:00Z,4164.47828,4167.3931,4161.55137,4166.72916,
2026-10-06T15:35:00Z,4165.6596,4168.4035,4165.6596,4166.55601,
2026-10-06T15:40:00Z,4166.52011,4168.1168,4166.49306,4167.92139,
2026-10-06T15:45:00Z,4167.37317,4169.4463,4166.10629,4169.04063,
2026-10-06T15:50:00Z,4168.8966,4169.78315,4164.80631,4165.14011,
2026-10-06T15:55:00Z,4165.80689,4165.80689,4164.41094,4164.84021,
2026-10-06T16:00:00Z,4164.98908,4164.99353,4162.85072,4164.57306,
2026-10-06T16:05:00Z,4164.63408,4165.21595,4162.67743,4163.24597,
2026-10-06T16:10:00Z,4164.10366,4164.10366,4161.28368,4161.32036,
2026-10-06T16:15:00Z,4161.51781,4164.41094,4161.51781,4164.15562,
2026-10-06T16:20:00Z,4163.98469,4165.79781,4161.81122,4164.62098,
2026-10-06T16:25:00Z,4164.33856,4164.33856,4160.77224,4160.9324,
2026-10-06T16:30:00Z,4161.1764,4161.37662,4160.25294,4160.34436,
2026-10-06T16:35:00Z,4160.47104,4161.98443,4159.56075,4159.77155,
2026-10-06T16:40:00Z,4160.05445,4160.96446,4158.55134,4158.96449,
2026-10-06T16:45:00Z,4159.77051,4161.29166,4157.06577,4157.42484,
2026-10-06T16:50:00Z,4158.14154,4158.14154,4155.7578,4155.87878,
2026-10-06T16:55:00Z,4156.05239,4156.42987,4154.54923,4156.22994,
2026-10-06T17:00:00Z,4155.84135,4158.52916,4155.84135,4158.20671,
2026-10-06T17:05:00Z,4157.70995,4162.67743,4157.70995,4162.47183,
2026-10-06T17:10:00Z,4162.09946,4165.10883,4162.09946,4162.36406,
2026-10-06T17:15:00Z,4162.74158,4163.89074,4161.75332,4162.00757,
2026-10-06T17:20:00Z,4162.35025,4162.35025,4158.52289,4158.71723,
2026-10-06T17:25:00Z,4159.16355,4160.94537,4159.16355,4160.04374,
2026-10-06T17:30:00Z,4159.94547,4163.08657,4159.4012,4162.79251,
2026-10-06T17:35:00Z,4162.40938,4163.71737,4162.40938,4163.08394,
2026-10-06T17:40:00Z,4163.16789,4165.3682,4162.50416,4165.03665,
2026-10-06T17:45:00Z,4164.58083,4166.00013,4164.1013,4164.64523,
2026-10-06T17:50:00Z,4164.36785,4166.66623,4164.04516,4166.46001,
2026-10-06T17:55:00Z,4166.09715,4166.09715,4164.58437,4165.52669,
2026-10-06T18:00:00Z,4165.33206,4167.09875,4164.58437,4166.87533,
2026-10-06T18:05:00Z,4166.53277,4168.22975,4166.53277,4168.14649,
2026-10-06T18:10:00Z,4167.94533,4169.43321,4167.36123,4168.29022,
2026-10-06T18:15:00Z,4168.7201,4173.1002,4168.7201,4172.78784,
2026-10-06T18:20:00Z,4172.18113,4172.57782,4168.94164,4169.40117,
2026-10-06T18:25:00Z,4170.38604,4170.66355,4168.2777,4168.91845,
2026-10-06T18:30:00Z,4169.17679,4169.17679,4167.70859,4167.78589,
2026-10-06T18:35:00Z,4167.91027,4168.92483,4167.05359,4168.79915,
2026-10-06T18:40:00Z,4168.52613,4170.31569,4167.36123,4170.22189,
2026-10-06T18:45:00Z,4169.94336,4173.1002,4169.1127,4172.81818,
2026-10-06T18:50:00Z,4172.26228,4173.27283,4172.16429,4172.2872,
2026-10-06T18:55:00Z,4172.46592,4176.58606,4170.8674,4176.53715,
2026-10-06T19:00:00Z,4176.41423,4183.92536,4175.86151,4178.66453,
2026-10-06T19:05:00Z,4179.75114,4179.75114,4176.7605,4177.58748,
2026-10-06T19:10:00Z,4177.44744,4177.44744,4175.19101,4176.29669,
2026-10-06T19:15:00Z,4176.04981,4177.10944,4174.08704,4174.4475,
2026-10-06T19:20:00Z,4175.1988,4175.36534,4173.29087,4173.86903,
2026-10-06T19:25:00Z,4173.98967,4174.14534,4172.37593,4172.66403,
2026-10-06T19:30:00Z,4173.21375,4173.21375,4170.29613,4170.35483,
2026-10-06T19:35:00Z,4170.4239,4170.83137,4168.4035,4168.98698,
2026-10-06T19:40:00Z,4168.77131,4169.77865,4168.77131,4169.7006,
2026-10-06T19:45:00Z,4169.52619,4169.96789,4168.38747,4168.58536,
2026-10-06T19:50:00Z,4168.83117,4168.83117,4167.18757,4167.54699,
2026-10-06T19:55:00Z,4167.40926,4169.49195,4167.40926,4169.38893,
2026-10-06T20:00:00Z,4169.13593,4169.81812,4168.4035,4168.9599,
2026-10-06T20:05:00Z,4168.91027,4169.4463,4168.57113,4169.38402,
2026-10-06T20:10:00Z,4169.2486,4169.79401,4168.27887,4168.36432,
2026-10-06T20:15:00Z,4168.49154,4168.49154,4166.16529,4166.3277,
2026-10-06T20:20:00Z,4166.56636,4166.91356,4163.54401,4163.88209,
2026-10-06T20:25:00Z,4163.78626,4164.74575,4162.50416,4163.96686,
2026-10-06T20:30:00Z,4163.21305,4164.58437,4163.02402,4163.02848,
2026-10-06T20:35:00Z,4163.06045,4164.25738,4162.58087,4164.17239,
2026-10-06T20:40:00Z,4164.03331,4164.42962,4163.02402,4163.10204,
2026-10-06T20:45:00Z,4163.14697,4163.46016,4161.99798,4162.88387,
2026-10-06T20:50:00Z,4162.95503,4164.96058,4162.9369,4164.0937,
2026-10-06T20:55:00Z,4164.17275,4164.5542,4163.20797,4164.32978,
2026-10-06T21:00:00Z,4164.00659,4164.75782,4164.00659,4164.43829,
2026-10-06T21:05:00Z,4164.34473,4164.47123,4164.06413,4164.26903,
2026-10-06T21:10:00Z,4164.26717,4164.44825,4164.06413,4164.36404,
2026-10-06T21:15:00Z,4164.2376,4164.51506,4164.19168,4164.47593,
2026-10-06T21:20:00Z,4164.44274,4164.63271,4164.06413,4164.56644,
2026-10-06T21:25:00Z,4164.46402,4164.47326,4164.23753,4164.40212,
2026-10-06T21:30:00Z,4164.3247,4164.53284,4164.23753,4164.45784,
2026-10-06T21:35:00Z,4164.34393,4164.62586,4164.23753,4164.26825,
2026-10-06T21:40:00Z,4164.33819,4164.63314,4164.23753,4164.4091,
2026-10-06T21:45:00Z,4164.3119,4164.47176,4164.23753,4164.40907,
2026-10-06T21:50:00Z,4164.35025,4164.76915,4164.21256,4164.27315,
2026-10-06T21:55:00Z,4164.4348,4164.74904,4164.41094,4164.6363,
2026-10-06T22:00:00Z,4164.60497,4168.22975,4164.23753,4166.04454,
2026-10-06T22:05:00Z,4166.2909,4167.36103,4165.62526,4166.71499,
2026-10-06T22:10:00Z,4166.62978,4167.14733,4166.31947,4167.10603,
2026-10-06T22:15:00Z,4167.02136,4167.02136,4166.31947,4166.50799,
2026-10-06T22:20:00Z,4166.54175,4166.95052,4166.49306,4166.85085,
2026-10-06T22:25:00Z,4166.71199,4167.56376,4166.53151,4167.51363,
2026-10-06T22:30:00Z,4167.46403,4167.46403,4164.58437,4164.77386,
2026-10-06T22:35:00Z,4164.80573,4165.03969,4163.75329,4163.90906,
2026-10-06T22:40:00Z,4164.17526,4164.17526,4162.50416,4163.25382,
2026-10-06T22:45:00Z,4162.90235,4163.72039,4162.85072,4163.29113,
2026-10-06T22:50:00Z,4163.1424,4163.45037,4161.81122,4161.92902,
2026-10-06T22:55:00Z,4162.08678,4163.54401,4162.08678,4162.76848,
2026-10-06T23:00:00Z,4162.80314,4164.75782,4162.80314,4164.60793,
2026-10-06T23:05:00Z,4164.29336,4165.10475,4163.16147,4164.16643,
2026-10-06T23:10:00Z,4164.32226,4165.97234,4164.32226,4165.16064,
2026-10-06T23:15:00Z,4165.2745,4166.57117,4165.2745,4166.43737,
2026-10-06T23:20:00Z,4166.24406,4166.92905,4165.27824,4166.10305,
2026-10-06T23:25:00Z,4165.78456,4169.27497,4165.78456,4169.1135,
2026-10-06T23:30:00Z,4168.89738,4169.67725,4168.1248,4168.30671,
2026-10-06T23:35:00Z,4168.6282,4168.6282,4167.43371,4167.77267,
2026-10-06T23:40:00Z,4167.73742,4167.73742,4165.62526,4167.11591,
2026-10-06T23:45:00Z,4166.98012,4167.15646,4165.79879,4165.8759,
2026-10-06T23:50:00Z,4165.8884,4168.22975,4165.8729,4167.45603,
2026-10-06T23:55:00Z,4167.52589,4167.70859,4166.1459,4166.18684,
2026-10-07T00:00:00Z,4166.28451,4167.3809,4164.35783,4164.73684,
2026-10-07T00:05:00Z,4165.53405,4165.53405,4163.16039,4164.01497,
2026-10-07T00:10:00Z,4163.76352,4168.92483,4162.35457,4168.44517,
2026-10-07T00:15:00Z,4168.16869,4168.75104,4166.10724,4166.49568,
2026-10-07T00:20:00Z,4166.995,4166.995,4162.33091,4162.74858,
2026-10-07T00:25:00Z,4162.8515,4163.19734,4161.10143,4161.37755,
2026-10-07T00:30:00Z,4161.90342,4161.90342,4156.21474,4156.55521,
2026-10-07T00:35:00Z,4157.23754,4160.63965,4155.74827,4160.43571,
2026-10-07T00:40:00Z,4160.14851,4162.20764,4160.14851,4161.931,
2026-10-07T00:45:00Z,4161.54882,4162.33091,4157.65841,4158.49247,
2026-10-07T00:50:00Z,4158.41063,4158.41063,4157.65841,4157.68742,
2026-10-07T00:55:00Z,4157.75096,4158.00909,4156.02581,4157.59564,
2026-10-07T01:00:00Z,4157.29084,4157.29084,4152.82392,4153.08668,
2026-10-07T01:05:00Z,4153.19943,4153.32604,4152.82392,4153.18123,
2026-10-07T01:10:00Z,4153.10879,4153.37049,4152.62105,4153.32315,
2026-10-07T01:15:00Z,4153.20157,4153.2372,4151.66966,4151.8072,
2026-10-07T01:20:00Z,4152.03176,4152.08068,4149.89418,4150.10673,
2026-10-07T01:25:00Z,4150.18608,4152.81985,4150.18608,4152.75469,
2026-10-07T01:30:00Z,4152.56643,4154.54923,4152.47804,4153.72252,
2026-10-07T01:35:00Z,4154.06994,4154.25872,4152.51472,4152.92764,
2026-10-07T01:40:00Z,4153.26772,4155.66203,4150.0664,4150.21074,
2026-10-07T01:45:00Z,4150.47092,4152.19978,4147.76838,4150.39882,
2026-10-07T01:50:00Z,4150.02698,4150.36118,4147.30218,4147.53205,
2026-10-07T01:55:00Z,4147.88512,4148.34481,4146.7966,4147.68849,
2026-10-07T02:00:00Z,4147.76499,4148.35165,4145.1297,4145.23299,
2026-10-07T02:05:00Z,4145.38845,4145.38845,4140.01924,4143.61241,
2026-10-07T02:10:00Z,4143.09277,4144.51533,4142.30884,4143.79717,
2026-10-07T02:15:00Z,4143.61444,4144.90591,4142.84531,4144.74395,
2026-10-07T02:20:00Z,4144.42881,4144.42881,4142.84531,4143.92578,
2026-10-07T02:25:00Z,4143.68489,4146.9218,4143.68489,4146.62684,
2026-10-07T02:30:00Z,4145.9554,4147.86391,4145.9554,4147.67438,
2026-10-07T02:35:00Z,4147.32395,4147.82861,4145.46377,4145.7032,
2026-10-07T02:40:00Z,4146.16134,4148.00066,4145.15494,4147.93111,
2026-10-07T02:45:00Z,4147.7664,4148.51691,4146.61509,4146.75964,
2026-10-07T02:50:00Z,4146.99982,4147.28098,4145.93698,4146.09509,
2026-10-07T02:55:00Z,4146.05175,4146.1184,4142.15889,4142.28878,
2026-10-07T03:00:00Z,4142.55439,4143.08733,4141.35824,4142.31289,
2026-10-07T03:05:00Z,4142.18726,4143.06331,4140.44386,4142.89545,
2026-10-07T03:10:00Z,4142.5832,4143.01694,4139.58687,4139.68508,
2026-10-07T03:15:00Z,4139.92518,4140.13338,4138.50358,4139.8613,
2026-10-07T03:20:00Z,4139.66387,4140.11337,4139.07285,4139.74126,
2026-10-07T03:25:00Z,4139.6369,4144.56233,4139.04317,4142.90336,
2026-10-07T03:30:00Z,4143.29661,4144.04708,4142.50207,4143.79925,
2026-10-07T03:35:00Z,4143.71383,4144.20141,4142.67368,4144.0343,
2026-10-07T03:40:00Z,4143.60438,4146.20912,4143.60438,4145.70416,
2026-10-07T03:45:00Z,4144.45793,4147.18344,4144.32258,4146.6822,
2026-10-07T03:50:00Z,4145.62321,4148.19197,4144.52939,4144.67009,
2026-10-07T03:55:00Z,4144.90227,4145.42138,4143.36027,4143.57027,
2026-10-07T04:00:00Z,4143.91873,4144.57433,4143.1886,4143.82619,
2026-10-07T04:05:00Z,4143.93124,4144.20272,4141.81577,4142.02761,
2026-10-07T04:10:00Z,4141.94904,4143.53217,4141.76513,4143.51857,
2026-10-07T04:15:00Z,4143.43024,4143.43024,4141.3012,4141.46791,
2026-10-07T04:20:00Z,4141.56478,4142.84531,4140.94206,4142.65411,
2026-10-07T04:25:00Z,4142.60731,4143.21932,4142.11492,4142.22719,
2026-10-07T04:30:00Z,4142.37577,4142.58863,4139.92962,4140.00293,
2026-10-07T04:35:00Z,4140.11943,4140.14149,4138.55895,4139.3878,
2026-10-07T04:40:00Z,4139.20124,4139.58687,4137.77562,4137.98747,
2026-10-07T04:45:00Z,4138.25214,4138.73024,4136.53381,4138.48394,
2026-10-07T04:50:00Z,4138.54019,4139.29241,4137.18919,4137.36888,
2026-10-07T04:55:00Z,4137.67737,4137.67737,4135.86132,4136.99143,
2026-10-07T05:00:00Z,4136.7282,4136.7282,4133.93964,4134.03618,
2026-10-07T05:05:00Z,4134.04568,4136.8469,4132.7126,4135.05941,
2026-10-07T05:10:00Z,4135.76095,4135.76095,4133.76876,4134.80822,
2026-10-07T05:15:00Z,4134.55433,4135.61927,4132.91453,4133.62411,
2026-10-07T05:20:00Z,4133.40922,4133.40922,4131.5485,4132.97932,
2026-10-07T05:25:00Z,4132.76478,4134.11055,4132.69674,4133.62726,
2026-10-07T05:30:00Z,4133.73694,4134.09002,4132.91453,4133.27618,
2026-10-07T05:35:00Z,4133.40463,4136.67577,4133.40463,4136.48792,
2026-10-07T05:40:00Z,4136.20345,4136.93976,4136.20345,4136.67558,
2026-10-07T05:45:00Z,4136.71701,4137.36036,4135.30725,4137.2417,
2026-10-07T05:50:00Z,4136.99436,4136.99436,4135.01592,4135.36852,
2026-10-07T05:55:00Z,4135.82627,4136.16538,4131.53435,4132.75163,
2026-10-07T06:00:00Z,4132.41138,4132.41138,4127.11515,4129.15169,
2026-10-07T06:05:00Z,4128.54456,4132.53075,4128.20034,4132.30018,
2026-10-07T06:10:00Z,4131.97719,4135.6493,4131.97719,4134.46113,
2026-10-07T06:15:00Z,4134.55226,4134.55226,4133.59788,4133.70339,
2026-10-07T06:20:00Z,4133.83417,4133.83417,4130.69251,4130.99657,
2026-10-07T06:25:00Z,4131.47144,4131.47144,4130.0128,4130.43279,
2026-10-07T06:30:00Z,4130.44627,4133.40727,4129.67169,4133.00748,
2026-10-07T06:35:00Z,4132.28855,4134.17305,4131.37781,4131.8725,
2026-10-07T06:40:00Z,4131.85762,4134.62334,4131.85104,4134.10313,
2026-10-07T06:45:00Z,4134.03925,4134.57722,4133.56351,4133.71245,
2026-10-07T06:50:00Z,4134.03028,4134.62334,4132.44849,4132.7271,
2026-10-07T06:55:00Z,4133.27845,4134.92921,4131.15287,4134.30549,
2026-10-07T07:00:00Z,4132.94065,4132.94065,4130.35397,4130.74509,
2026-10-07T07:05:00Z,4131.38004,4134.34102,4131.38004,4134.12978,
2026-10-07T07:10:00Z,4133.81414,4134.62334,4132.62482,4132.78155,
2026-10-07T07:15:00Z,4133.04695,4133.04695,4128.30781,4128.93878,
2026-10-07T07:20:00Z,4128.95533,4133.76876,4128.82112,4133.36611,
2026-10-07T07:25:00Z,4133.23853,4135.6493,4133.23853,4135.43705,
2026-10-07T07:30:00Z,4134.73541,4140.35188,4132.57294,4139.75896,
2026-10-07T07:35:00Z,4138.70846,4138.70846,4135.47827,4135.7892,
2026-10-07T07:40:00Z,4136.18622,4137.70275,4134.96527,4137.60828,
2026-10-07T07:45:00Z,4137.4052,4137.4052,4134.07083,4134.15546,
2026-10-07T07:50:00Z,4134.25546,4135.0027,4131.88993,4132.20385,
2026-10-07T07:55:00Z,4132.71825,4133.63778,4128.47338,4129.19558,
2026-10-07T08:00:00Z,4130.35667,4134.88202,4126.61453,4134.16053,
2026-10-07T08:05:00Z,4132.40265,4136.50465,4132.40265,4135.07254,
2026-10-07T08:10:00Z,4134.68084,4134.68084,4130.52458,4132.31817,
2026-10-07T08:15:00Z,4132.0528,4133.25735,4129.16013,4130.8685,
2026-10-07T08:20:00Z,4130.47982,4131.73538,4128.05646,4128.78276,
2026-10-07T08:25:00Z,4130.28861,4130.28861,4124.62585,4126.95634,
2026-10-07T08:30:00Z,4127.37606,4128.64869,4125.34642,4127.39098,
2026-10-07T08:35:00Z,4127.88786,4128.30781,4126.64953,4127.39639,
2026-10-07T08:40:00Z,4127.26421,4127.45584,4125.23373,4126.90744,
2026-10-07T08:45:00Z,4126.28983,4127.45584,4126.28983,4126.55326,
2026-10-07T08:50:00Z,4126.64604,4126.64604,4124.56177,4124.90071,
2026-10-07T08:55:00Z,4125.15331,4126.24781,4123.03125,4123.22723,
2026-10-07T09:00:00Z,4123.56944,4125.41254,4122.81302,4123.54646,
2026-10-07T09:05:00Z,4124.39676,4124.69356,4119.29478,4121.77821,
2026-10-07T09:10:00Z,4120.45687,4123.68449,4120.45687,4121.9379,
2026-10-07T09:15:00Z,4122.58622,4123.8814,4122.01154,4122.09049,
2026-10-07T09:20:00Z,4122.14293,4122.69129,4120.65271,4122.10628,
2026-10-07T09:25:00Z,4121.92426,4123.03125,4121.46989,4121.75254,
2026-10-07T09:30:00Z,4122.10952,4122.1941,4118.78578,4121.28958,
2026-10-07T09:35:00Z,4120.66797,4120.99233,4117.86877,4119.52981,
2026-10-07T09:40:00Z,4119.93218,4119.93218,4117.3356,4119.22829,
2026-10-07T09:45:00Z,4118.73667,4120.14338,4117.25955,4119.43718,
2026-10-07T09:50:00Z,4118.99524,4118.99524,4117.76817,4117.84956,
2026-10-07T09:55:00Z,4117.98712,4119.43001,4116.75106,4119.06562,
2026-10-07T10:00:00Z,4118.52486,4119.63418,4115.9576,4118.98677,
2026-10-07T10:05:00Z,4118.28138,4120.31314,4115.73445,4115.86928,
2026-10-07T10:10:00Z,4116.15117,4119.13243,4114.88766,4115.16363,
2026-10-07T10:15:00Z,4115.65944,4117.55949,4114.88766,4115.68052,
2026-10-07T10:20:00Z,4115.24177,4116.24757,4113.82864,4116.03831,
2026-10-07T10:25:00Z,4115.50254,4117.42908,4115.50254,4115.88325,
2026-10-07T10:30:00Z,4116.0585,4116.68976,4109.13872,4110.99674,
2026-10-07T10:35:00Z,4110.70596,4115.90385,4110.63532,4115.6325,
2026-10-07T10:40:00Z,4114.9111,4116.1833,4113.02595,4113.18821,
2026-10-07T10:45:00Z,4113.48796,4114.21048,4111.33495,4114.06412,
2026-10-07T10:50:00Z,4113.74795,4117.56136,4112.9562,4117.38437,
2026-10-07T10:55:00Z,4117.14342,4118.10732,4116.75106,4116.90276,
2026-10-07T11:00:00Z,4117.15456,4118.61614,4116.88615,4118.45593,
2026-10-07T11:05:00Z,4118.31277,4119.88201,4118.31277,4119.78578,
2026-10-07T11:10:00Z,4119.68839,4121.50188,4119.68839,4120.67021,
2026-10-07T11:15:00Z,4120.8416,4120.90443,4118.95543,4120.22085,
2026-10-07T11:20:00Z,4119.79619,4120.48292,4119.1251,4119.37382,
2026-10-07T11:25:00Z,4119.46446,4119.89276,4118.44652,4118.87232,
2026-10-07T11:30:00Z,4118.8781,4120.48292,4117.68348,4119.0693,
2026-10-07T11:35:00Z,4118.32751,4121.16217,4118.32751,4119.3281,
2026-10-07T11:40:00Z,4119.69865,4120.9546,4116.24269,4116.67578,
2026-10-07T11:45:00Z,4116.72294,4117.70737,4116.24269,4117.43245,
2026-10-07T11:50:00Z,4116.86095,4117.93774,4115.05699,4116.42904,
2026-10-07T11:55:00Z,4116.08633,4121.45733,4116.08633,4121.26626,
2026-10-07T12:00:00Z,4120.7568,4123.33565,4120.69665,4123.23113,
2026-10-07T12:05:00Z,4122.88047,4123.80008,4122.69129,4123.71059,
2026-10-07T12:10:00Z,4123.64717,4123.64717,4119.29478,4120.28294,
2026-10-07T12:15:00Z,4120.1396,4120.17882,4115.90385,4118.14372,
2026-10-07T12:20:00Z,4118.39659,4122.01154,4113.02595,4113.49533,
2026-10-07T12:25:00Z,4114.26904,4122.76429,4080.63331,4082.08679,
2026-10-07T12:30:00Z,4085.2041,4088.80893,4076.97326,4085.46732,
2026-10-07T12:35:00Z,4085.23172,4085.72834,4078.85935,4079.59895,
2026-10-07T12:40:00Z,4080.4501,4085.30109,4073.15384,4078.91822,
2026-10-07T12:45:00Z,4078.53295,4078.53295,4069.17599,4077.29464,
2026-10-07T12:50:00Z,4075.99022,4084.63361,4061.73421,4083.44746,
2026-10-07T12:55:00Z,4080.77149,4088.30744,4080.77149,4087.41606,
2026-10-07T13:00:00Z,4087.29952,4093.16033,4085.63491,4090.13023,
2026-10-07T13:05:00Z,4089.75382,4092.04161,4088.54176,4088.86715,
2026-10-07T13:10:00Z,4089.53136,4093.09319,4086.08489,4092.32386,
2026-10-07T13:15:00Z,4091.31141,4096.5829,4091.31141,4096.0939,
2026-10-07T13:20:00Z,4094.97087,4098.1927,4094.49862,4094.91314,
2026-10-07T13:25:00Z,4095.63802,4095.63802,4087.55759,4090.26447,
2026-10-07T13:30:00Z,4089.70398,4093.66301,4085.46799,4085.9418,
2026-10-07T13:35:00Z,4086.70885,4087.97318,4082.46581,4082.89296,
2026-10-07T13:40:00Z,4083.55371,4088.80628,4081.31486,4088.48644,
2026-10-07T13:45:00Z,4088.0236,4098.1999,4088.0236,4090.95968,
2026-10-07T13:50:00Z,4091.71174,4099.3687,4091.71174,4097.73673,
2026-10-07T13:55:00Z,4097.6185,4097.6185,4090.85794,4095.21494,
2026-10-07T14:00:00Z,4093.6773,4102.3982,4093.6773,4094.35124,
2026-10-07T14:05:00Z,4095.09436,4097.6889,4093.9982,4095.54128,
2026-10-07T14:10:00Z,4095.92392,4101.18914,4094.45909,4097.46373,
2026-10-07T14:15:00Z,4097.95142,4102.90075,4097.35186,4102.50763,
2026-10-07T14:20:00Z,4101.53122,4102.382,4096.51387,4098.92895,
2026-10-07T14:25:00Z,4098.53835,4099.53675,4094.83517,4099.1624,
2026-10-07T14:30:00Z,4098.39961,4105.09031,4097.6889,4104.86352,
2026-10-07T14:35:00Z,4104.7308,4107.46753,4102.3958,4102.98461,
2026-10-07T14:40:00Z,4102.80032,4108.53945,4102.02968,4103.53417,
2026-10-07T14:45:00Z,4104.05819,4105.25884,4103.33744,4103.5958,
2026-10-07T14:50:00Z,4103.81746,4107.67318,4102.48571,4105.44511,
2026-10-07T14:55:00Z,4105.87153,4108.80105,4102.35479,4103.92987,
2026-10-07T15:00:00Z,4104.63229,4105.71783,4100.041,4100.55779,
2026-10-07T15:05:00Z,4101.53967,4104.46538,4100.041,4102.46838,
2026-10-07T15:10:00Z,4102.97733,4106.19504,4100.71352,4105.31479,
2026-10-07T15:15:00Z,4104.15036,4107.45092,4099.21202,4099.74594,
2026-10-07T15:20:00Z,4100.7842,4104.11123,4099.00448,4100.78965,
2026-10-07T15:25:00Z,4100.55724,4102.21403,4099.70482,4101.8568,
2026-10-07T15:30:00Z,4101.0521,4110.48997,4099.89444,4106.47943,
2026-10-07T15:35:00Z,4107.1385,4113.36432,4106.60753,4110.04858,
2026-10-07T15:40:00Z,4110.66938,4110.66938,4107.78837,4107.85037,
2026-10-07T15:45:00Z,4108.00938,4109.5019,4106.3716,4106.58797,
2026-10-07T15:50:00Z,4106.98092,4106.98092,4102.3958,4103.65632,
2026-10-07T15:55:00Z,4103.49496,4106.60753,4102.7072,4106.00462,
2026-10-07T16:00:00Z,4106.16224,4110.24756,4102.3958,4108.37312,
2026-10-07T16:05:00Z,4107.26185,4113.70274,4107.26185,4111.11941,
2026-10-07T16:10:00Z,4111.66235,4112.20095,4110.61936,4111.97527,
2026-10-07T16:15:00Z,4111.93193,4112.27427,4109.81424,4111.9873,
2026-10-07T16:20:00Z,4111.42752,4114.06533,4111.42752,4114.0044,
2026-10-07T16:25:00Z,4113.9004,4114.54905,4113.13536,4114.44033,
2026-10-07T16:30:00Z,4114.16974,4114.53274,4112.45946,4113.48014,
2026-10-07T16:35:00Z,4113.19101,4113.73549,4109.98315,4110.90908,
2026-10-07T16:40:00Z,4110.96252,4111.00979,4107.28221,4109.07941,
2026-10-07T16:45:00Z,4108.89587,4110.99692,4107.30468,4108.73789,
2026-10-07T16:50:00Z,4109.06908,4109.91138,4107.45092,4109.80841,
2026-10-07T16:55:00Z,4109.59521,4110.65894,4108.75199,4109.42902,
2026-10-07T17:00:00Z,4109.61652,4114.66036,4107.52423,4114.4025,
2026-10-07T17:05:00Z,4114.11417,4118.95543,4111.42524,4118.46417,
2026-10-07T17:10:00Z,4117.61276,4125.92318,4117.61276,4120.23251,
2026-10-07T17:15:00Z,4120.95181,4121.33201,4119.1251,4120.67833,
2026-10-07T17:20:00Z,4120.43835,4121.84164,4119.18264,4119.49852,
2026-10-07T17:25:00Z,4120.14526,4120.18772,4114.54905,4114.71867,
2026-10-07T17:30:00Z,4114.97148,4117.75368,4114.21048,4114.42104,
2026-10-07T17:35:00Z,4114.46045,4115.05699,4113.19513,4113.28241,
2026-10-07T17:40:00Z,4113.41209,4113.5189,4111.50399,4111.59414,
2026-10-07T17:45:00Z,4111.71861,4114.71835,4111.3734,4112.79249,
2026-10-07T17:50:00Z,4113.47057,4113.47057,4109.81424,4110.01449,
2026-10-07T17:55:00Z,4110.30525,4110.44823,4109.13872,4110.21279,
2026-10-07T18:00:00Z,4109.61332,4113.02602,4109.03771,4112.37758,
2026-10-07T18:05:00Z,4110.71864,4118.10732,4108.86135,4115.05999,
2026-10-07T18:10:00Z,4116.00326,4116.00326,4113.58599,4114.16301,
2026-10-07T18:15:00Z,4113.99068,4114.01141,4112.34939,4112.40771,
2026-10-07T18:20:00Z,4112.48071,4113.02595,4110.99692,4111.15297,
2026-10-07T18:25:00Z,4111.41363,4112.51851,4110.65894,4112.35562,
2026-10-07T18:30:00Z,4111.93863,4111.93863,4109.98315,4111.03187,
2026-10-07T18:35:00Z,4110.88209,4111.33495,4108.59624,4108.90779,
2026-10-07T18:40:00Z,4109.31209,4110.82792,4107.95711,4110.74694,
2026-10-07T18:45:00Z,4110.60988,4111.55312,4108.20188,4111.21045,
2026-10-07T18:50:00Z,4110.77108,4112.51851,4110.77108,4111.39827,
2026-10-07T18:55:00Z,4111.88033,4111.88033,4109.13872,4109.35048,
2026-10-07T19:00:00Z,4109.71713,4110.32102,4106.39897,4106.90644,
2026-10-07T19:05:00Z,4108.0113,4108.29465,4103.67025,4103.88512,
2026-10-07T19:10:00Z,4104.54132,4107.82809,4104.54132,4107.74944,
2026-10-07T19:15:00Z,4107.61885,4108.80105,4105.58539,4108.06719,
2026-10-07T19:20:00Z,4108.35284,4109.30758,4108.29465,4108.79527,
2026-10-07T19:25:00Z,4108.61301,4109.16045,4106.4389,4107.28911,
2026-10-07T19:30:00Z,4107.25142,4107.28221,4106.27027,4106.30441,
2026-10-07T19:35:00Z,4106.42398,4107.08338,4105.46441,4106.24123,
2026-10-07T19:40:00Z,4106.10701,4106.59216,4104.65419,4105.42328,
2026-10-07T19:45:00Z,4105.30479,4105.30479,4102.22751,4102.36451,
2026-10-07T19:50:00Z,4102.47547,4103.40583,4101.38574,4101.49256,
2026-10-07T19:55:00Z,4101.69249,4102.3958,4100.37723,4100.53054,
2026-10-07T20:00:00Z,4100.81982,4104.41635,4100.4268,4103.50479,
2026-10-07T20:05:00Z,4103.29249,4105.09031,4102.9977,4105.04721,
2026-10-07T20:10:00Z,4104.95409,4106.77618,4104.22449,4106.67393,
2026-10-07T20:15:00Z,4106.49208,4108.01825,4106.30546,4107.71386,
2026-10-07T20:20:00Z,4107.7808,4110.48997,4107.72493,4110.38194,
2026-10-07T20:25:00Z,4110.13416,4112.64983,4109.01103,4111.22351,
2026-10-07T20:30:00Z,4111.84242,4112.85679,4110.24349,4110.47627,
2026-10-07T20:35:00Z,4110.91882,4110.91882,4109.13872,4109.73815,
2026-10-07T20:40:00Z,4110.0305,4110.0305,4107.80397,4109.03921,
2026-10-07T20:45:00Z,4108.83312,4109.47645,4108.57449,4109.4277,
2026-10-07T20:50:00Z,4109.28431,4110.55207,4106.20074,4106.25974,
2026-10-07T20:55:00Z,4106.47586,4111.10987,4106.47586,4110.85544,
2026-10-07T21:00:00Z,4110.24128,4111.33495,4110.24128,4111.24679,
2026-10-07T21:05:00Z,4111.1623,4111.24605,4110.99692,4111.08258,
2026-10-07T21:10:00Z,4111.08758,4111.3824,4110.99692,4111.27496,
2026-10-07T21:15:00Z,4111.19389,4111.33495,4111.16593,4111.23091,
2026-10-07T21:20:00Z,4111.15785,4111.24688,4110.99692,4111.17929,
2026-10-07T21:25:00Z,4111.10076,4111.21595,4110.9674,4111.17426,
2026-10-07T21:30:00Z,4111.10262,4111.50399,4111.08751,4111.17221,
2026-10-07T21:35:00Z,4111.26488,4111.26488,4110.99692,4111.10086,
2026-10-07T21:40:00Z,4111.05068,4111.17341,4110.77557,4110.80537,
2026-10-07T21:45:00Z,4110.90588,4111.24153,4110.90588,4111.02195,
2026-10-07T21:50:00Z,4111.06172,4111.2227,4110.96946,4111.12894,
2026-10-07T21:55:00Z,4111.04274,4111.20688,4110.15208,4110.24815,
2026-10-07T22:00:00Z,4110.40729,4117.59862,4109.2745,4114.86107,
2026-10-07T22:05:00Z,4114.36841,4114.36841,4109.47645,4109.59381,
2026-10-07T22:10:00Z,4109.70875,4110.48997,4108.93768,4109.19216,
2026-10-07T22:15:00Z,4109.61019,4109.61019,4108.29465,4108.48561,
2026-10-07T22:20:00Z,4108.46096,4108.92693,4106.00096,4106.62754,
2026-10-07T22:25:00Z,4106.53558,4106.53558,4104.7533,4104.76786,
2026-10-07T22:30:00Z,4104.81026,4106.60753,4104.78986,4105.24302,
2026-10-07T22:35:00Z,4105.93753,4105.93753,4104.07945,4104.36629,
2026-10-07T22:40:00Z,4104.27653,4105.08281,4104.27653,4104.99253,
2026-10-07T22:45:00Z,4104.86138,4105.88203,4104.86138,4105.78852,
2026-10-07T22:50:00Z,4105.65774,4106.65742,4105.56249,4106.59759,
2026-10-07T22:55:00Z,4106.54853,4106.54853,4105.25884,4106.07329,
2026-10-07T23:00:00Z,4105.44624,4108.78772,4105.44624,4108.41752,
2026-10-07T23:05:00Z,4107.54421,4109.47645,4107.54421,4109.15885,
2026-10-07T23:10:00Z,4108.72052,4109.95548,4108.72052,4109.47198,
2026-10-07T23:15:00Z,4109.46437,4111.16593,4109.44482,4111.14711,
2026-10-07T23:20:00Z,4111.0814,4112.64833,4109.98315,4110.1856,
2026-10-07T23:25:00Z,4110.50193,4111.18219,4108.65235,4109.12182,
2026-10-07T23:30:00Z,4110.08836,4111.46781,4108.12587,4111.11679,
2026-10-07T23:35:00Z,4110.17355,4114.21048,4110.17355,4114.10835,
2026-10-07T23:40:00Z,4113.9068,4113.9068,4112.3136,4112.50584,
2026-10-07T23:45:00Z,4112.80287,4112.80287,4110.32102,4110.44371,
2026-10-07T23:50:00Z,4110.6074,4110.65894,4109.12026,4109.77483,
2026-10-07T23:55:00Z,4109.63111,4109.98315,4108.38353,4109.71224,
2026-10-08T00:00:00Z,4109.44152,4110.714,4107.57384,4110.4396,
2026-10-08T00:05:00Z,4110.06935,4110.99692,4107.28221,4107.42282,
2026-10-08T00:10:00Z,4107.62728,4111.67304,4106.27027,4111.22972,
2026-10-08T00:15:00Z,4110.32932,4110.48997,4109.30758,4109.90086,
2026-10-08T00:20:00Z,4109.7565,4111.34197,4107.28221,4107.37714,
2026-10-08T00:25:00Z,4107.2569,4109.40287,4106.54792,4106.74918,
2026-10-08T00:30:00Z,4107.17815,4108.55511,4105.58865,4108.2964,
2026-10-08T00:35:00Z,4107.95429,4110.29416,4107.68852,4108.07188,
2026-10-08T00:40:00Z,4108.84775,4108.84775,4106.09207,4106.2592,
2026-10-08T00:45:00Z,4106.50095,4112.90192,4105.76449,4109.40912,
2026-10-08T00:50:00Z,4110.29129,4118.61614,4110.29129,4118.40217,
2026-10-08T00:55:00Z,4117.86183,4119.59122,4117.50875,4118.42019,
2026-10-08T01:00:00Z,4118.99232,4131.71921,4116.42054,4131.48621,
2026-10-08T01:05:00Z,4131.08534,4133.80977,4126.75832,4127.02269,
2026-10-08T01:10:00Z,4127.4316,4128.17197,4122.69129,4123.54661,
2026-10-08T01:15:00Z,4124.58622,4124.58622,4117.93774,4122.80718,
2026-10-08T01:20:00Z,4122.21635,4123.58372,4119.46447,4121.3421,
2026-10-08T01:25:00Z,4120.14601,4129.33064,4118.80841,4127.11224,
2026-10-08T01:30:00Z,4127.2059,4130.0128,4127.2059,4129.79927,
2026-10-08T01:35:00Z,4129.21413,4134.62334,4128.3363,4132.38263,
2026-10-08T01:40:00Z,4132.55474,4133.93964,4130.8247,4130.98708,
2026-10-08T01:45:00Z,4131.31021,4136.16247,4131.20714,4135.41941,
2026-10-08T01:50:00Z,4134.68818,4137.39858,4132.2314,4133.74152,
2026-10-08T01:55:00Z,4133.66286,4134.70261,4132.2314,4133.04206,
2026-10-08T02:00:00Z,4133.90511,4137.92614,4132.06066,4137.37973,
2026-10-08T02:05:00Z,4136.54952,4138.6621,4136.54952,4138.40597,
2026-10-08T02:10:00Z,4138.07218,4139.24417,4137.44715,4139.11957,
2026-10-08T02:15:00Z,4138.85719,4140.43036,4137.97247,4139.48877,
2026-10-08T02:20:00Z,4139.21489,4139.69948,4136.94791,4137.13282,
2026-10-08T02:25:00Z,4137.36094,4138.55895,4135.2146,4138.29212,
2026-10-08T02:30:00Z,4138.05293,4141.24495,4136.50465,4140.8115,
2026-10-08T02:35:00Z,4140.14351,4142.5095,4140.14351,4141.63528,
2026-10-08T02:40:00Z,4141.55236,4142.10473,4136.0035,4141.84313,
2026-10-08T02:45:00Z,4141.40085,4142.50207,4138.82015,4139.14901,
2026-10-08T02:50:00Z,4139.56741,4140.36294,4132.40217,4132.72918,
2026-10-08T02:55:00Z,4133.41237,4134.27966,4132.40217,4133.00192,
2026-10-08T03:00:00Z,4132.91684,4134.80925,4131.45543,4134.76777,
2026-10-08T03:05:00Z,4134.65203,4134.65203,4132.14058,4132.20897,
2026-10-08T03:10:00Z,4132.29015,4133.57029,4129.33064,4130.24441,
2026-10-08T03:15:00Z,4130.01593,4131.78212,4129.0802,4131.28231,
2026-10-08T03:20:00Z,4130.11566,4136.8469,4130.11566,4136.58632,
2026-10-08T03:25:00Z,4136.10594,4136.25312,4130.86583,4134.24332,
2026-10-08T03:30:00Z,4133.06854,4136.50834,4133.06854,4134.15077,
2026-10-08T03:35:00Z,4134.49971,4138.21643,4133.93964,4137.95998,
2026-10-08T03:40:00Z,4137.31982,4138.72243,4135.82034,4135.98388,
2026-10-08T03:45:00Z,4136.43823,4139.62681,4136.25681,4137.74617,
2026-10-08T03:50:00Z,4138.45704,4140.10102,4136.8469,4137.71424,
2026-10-08T03:55:00Z,4137.55305,4137.55884,4135.47827,4136.63662,
2026-10-08T04:00:00Z,4136.37672,4137.87396,4136.37672,4137.06852,
2026-10-08T04:05:00Z,4137.20751,4140.03282,4136.66508,4139.73931,
2026-10-08T04:10:00Z,4139.29088,4141.1297,4138.20064,4138.52242,
2026-10-08T04:15:00Z,4139.1731,4139.1731,4136.33355,4136.39448,
2026-10-08T04:20:00Z,4136.5223,4137.15,4133.73349,4133.89976,
2026-10-08T04:25:00Z,4134.18396,4135.6493,4133.0778,4135.60138,
2026-10-08T04:30:00Z,4135.40854,4135.74662,4133.53002,4133.72832,
2026-10-08T04:35:00Z,4134.02322,4134.02322,4131.84096,4132.36258,
2026-10-08T04:40:00Z,4132.23612,4132.70421,4130.41513,4130.73377,
2026-10-08T04:45:00Z,4131.44269,4134.15404,4131.44269,4132.85802,
2026-10-08T04:50:00Z,4133.38239,4135.13625,4133.38239,4133.93052,
2026-10-08T04:55:00Z,4134.01486,4134.96527,4133.99714,4134.90179,
2026-10-08T05:00:00Z,4134.75335,4134.75335,4131.38394,4133.12304,
2026-10-08T05:05:00Z,4132.75005,4134.96527,4132.75005,4134.19071,
2026-10-08T05:10:00Z,4133.98498,4136.66095,4132.49125,4132.8984,
2026-10-08T05:15:00Z,4133.72558,4133.72558,4131.37781,4131.43341,
2026-10-08T05:20:00Z,4131.49739,4131.69092,4129.84982,4130.43517,
2026-10-08T05:25:00Z,4130.41372,4130.41372,4128.08548,4128.54219,
2026-10-08T05:30:00Z,4128.80269,4131.49488,4124.56177,4131.07363,
2026-10-08T05:35:00Z,4129.95514,4131.89972,4128.13738,4128.39721,
2026-10-08T05:40:00Z,4128.86319,4130.6952,4127.35618,4130.59734,
2026-10-08T05:45:00Z,4130.61202,4130.61202,4123.20125,4125.28481,
2026-10-08T05:50:00Z,4124.84785,4125.92318,4117.27345,4118.13052,
2026-10-08T05:55:00Z,4119.64321,4119.64321,4116.24269,4118.43982,
2026-10-08T06:00:00Z,4118.17711,4120.48292,4118.17711,4119.36522,
2026-10-08T06:05:00Z,4119.45764,4120.85922,4118.11771,4120.6353,
2026-10-08T06:10:00Z,4120.34166,4121.21321,4119.8039,4120.79565,
2026-10-08T06:15:00Z,4120.14848,4122.61889,4119.09407,4119.72303,
2026-10-08T06:20:00Z,4120.8761,4120.8761,4116.58159,4117.86112,
2026-10-08T06:25:00Z,4117.83005,4117.83005,4115.05699,4116.30955,
2026-10-08T06:30:00Z,4115.99671,4117.31693,4115.33258,4115.79801,
2026-10-08T06:35:00Z,4116.48866,4117.42908,4113.12146,4117.15427,
2026-10-08T06:40:00Z,4116.75027,4124.05787,4116.75027,4123.66195,
2026-10-08T06:45:00Z,4122.93521,4127.45911,4122.52133,4124.54685,
2026-10-08T06:50:00Z,4123.78205,4127.27107,4123.71134,4125.33062,
2026-10-08T06:55:00Z,4125.11854,4125.11854,4122.86127,4123.09711,
2026-10-08T07:00:00Z,4123.33836,4123.43734,4119.1251,4120.4437,
2026-10-08T07:05:00Z,4120.36864,4124.22155,4119.6474,4123.58774,
2026-10-08T07:10:00Z,4123.31927,4125.75295,4122.36684,4125.62659,
2026-10-08T07:15:00Z,4125.28535,4126.60422,4123.85207,4125.62883,
2026-10-08T07:20:00Z,4125.79173,4129.33064,4125.24236,4129.01339,
2026-10-08T07:25:00Z,4128.89559,4129.16013,4124.92229,4125.11339,
2026-10-08T07:30:00Z,4125.45855,4125.45855,4119.99536,4120.41364,
2026-10-08T07:35:00Z,4121.30724,4123.14781,4119.46447,4122.94721,
2026-10-08T07:40:00Z,4122.73915,4122.73915,4119.42368,4119.69717,
2026-10-08T07:45:00Z,4120.04457,4120.04457,4118.27691,4118.42334,
2026-10-08T07:50:00Z,4118.61859,4121.16217,4118.61859,4120.95867,
2026-10-08T07:55:00Z,4120.85203,4121.0043,4119.00641,4119.0916,
2026-10-08T08:00:00Z,4119.22812,4125.32181,4118.80008,4124.31677,
2026-10-08T08:05:00Z,4122.96447,4128.98964,4122.96447,4127.15509,
2026-10-08T08:10:00Z,4127.10783,4128.47824,4124.90203,4128.36074,
2026-10-08T08:15:00Z,4128.1082,4129.67169,4127.28548,4128.89327,
2026-10-08T08:20:00Z,4129.02784,4129.75836,4127.6262,4129.45709,
2026-10-08T08:25:00Z,4128.66209,4131.88993,4128.54644,4128.76624,
2026-10-08T08:30:00Z,4129.05202,4129.05202,4126.09341,4126.21651,
2026-10-08T08:35:00Z,4126.34011,4126.94482,4124.2726,4124.8312,
2026-10-08T08:40:00Z,4125.56771,4125.56771,4121.50188,4124.14623,
2026-10-08T08:45:00Z,4123.94082,4127.45584,4123.6879,4124.8447,
2026-10-08T08:50:00Z,4125.2804,4127.69291,4125.05509,4125.90455,
2026-10-08T08:55:00Z,4126.02559,4128.13738,4126.02559,4126.73787,
2026-10-08T09:00:00Z,4126.95562,4130.35397,4126.43394,4129.85202,
2026-10-08T09:05:00Z,4129.62661,4131.49281,4126.26367,4128.23093,
2026-10-08T09:10:00Z,4128.10148,4128.3587,4125.63669,4125.91968,
2026-10-08T09:15:00Z,4126.47563,4126.47563,4122.52133,4124.89939,
2026-10-08T09:20:00Z,4124.62607,4125.86375,4122.51905,4124.63872,
2026-10-08T09:25:00Z,4124.37067,4125.29165,4122.91751,4125.10624,
2026-10-08T09:30:00Z,4124.77648,4125.58369,4121.67175,4121.99876,
2026-10-08T09:35:00Z,4122.29656,4123.20125,4121.84164,4121.95871,
2026-10-08T09:40:00Z,4122.05545,4122.69129,4119.79656,4119.92005,
2026-10-08T09:45:00Z,4120.07342,4121.34909,4119.29478,4121.15591,
2026-10-08T09:50:00Z,4120.89795,4122.35139,4120.48292,4122.13919,
2026-10-08T09:55:00Z,4122.05282,4123.21984,4121.96284,4123.16201,
2026-10-08T10:00:00Z,4123.04365,4123.84344,4122.23177,4122.55091,
2026-10-08T10:05:00Z,4123.16409,4126.70646,4121.61346,4126.32522,
2026-10-08T10:10:00Z,4125.73071,4125.73071,4121.50188,4121.95556,
2026-10-08T10:15:00Z,4122.09093,4124.49379,4120.82367,4121.22511,
2026-10-08T10:20:00Z,4122.02612,4122.02612,4119.97363,4120.72212,
2026-10-08T10:25:00Z,4120.85797,4122.65161,4115.90385,4118.51427,
2026-10-08T10:30:00Z,4118.3012,4118.74327,4113.33104,4113.8455,
2026-10-08T10:35:00Z,4114.93676,4114.93676,4110.94729,4111.8335,
2026-10-08T10:40:00Z,4111.81253,4112.18028,4110.32102,4111.80886,
2026-10-08T10:45:00Z,4111.03164,4118.35885,4111.03164,4118.26357,
2026-10-08T10:50:00Z,4118.06881,4124.39165,4117.09004,4120.14485,
2026-10-08T10:55:00Z,4121.36772,4121.36772,4118.34607,4120.66071,
2026-10-08T11:00:00Z,4119.49534,4122.55849,4117.22589,4117.7704,
2026-10-08T11:05:00Z,4118.98222,4118.98222,4114.97256,4115.02052,
2026-10-08T11:10:00Z,4115.18199,4117.8991,4114.44097,4117.53936,
2026-10-08T11:15:00Z,4117.05199,4122.01154,4117.05199,4120.43821,
2026-10-08T11:20:00Z,4120.63818,4122.01154,4120.14338,4121.85959,
2026-10-08T11:25:00Z,4121.54887,4123.71134,4121.16217,4122.8978,
2026-10-08T11:30:00Z,4122.59156,4123.71134,4122.01154,4123.62296,
2026-10-08T11:35:00Z,4123.40152,4123.40152,4118.41123,4123.01282,
2026-10-08T11:40:00Z,4122.45649,4130.18338,4121.74456,4123.96008,
2026-10-08T11:45:00Z,4124.83731,4124.83731,4123.20125,4123.33028,
2026-10-08T11:50:00Z,4123.53978,4128.81916,4123.20125,4128.52031,
2026-10-08T11:55:00Z,4127.91624,4128.36933,4123.8814,4124.1714,
2026-10-08T12:00:00Z,4124.68156,4126.26367,4122.49153,4126.00479,
2026-10-08T12:05:00Z,4125.49396,4127.57055,4125.0423,4127.43583,
2026-10-08T12:10:00Z,4127.48046,4127.48046,4123.46473,4125.47211,
2026-10-08T12:15:00Z,4125.14256,4125.16848,4121.67175,4121.9038,
2026-10-08T12:20:00Z,4122.1393,4126.77451,4121.09921,4125.46937,
2026-10-08T12:25:00Z,4125.23958,4131.36703,4122.6665,4130.81574,
2026-10-08T12:30:00Z,4129.4578,4131.88993,4120.31314,4123.442,
2026-10-08T12:35:00Z,4123.54319,4124.57362,4120.99233,4122.58838,
2026-10-08T12:40:00Z,4122.03227,4123.20125,4122.03227,4123.01957,
